No;Fase;Kode Kategori;Kategori;No dalam Kategori;Istilah;Pengertian;Fungsi / Kegunaan
1;Fase E;01;Proses Bisnis, Profesi, dan Kewirausahaan di Bidang TJKT;1;TJKT (Teknik Jaringan Komputer dan Telekomunikasi);"Program keahlian di SMK yang mempelajari cara membangun, mengelola, dan merawat jaringan komputer sekaligus sistem telekomunikasi (kabel tembaga, serat optik, nirkabel, seluler). Di kelas X (Fase E) mata pelajarannya bernama ""Dasar-Dasar TJKT"".";Menjadi pondasi sebelum siswa memilih konsentrasi keahlian di Fase F, misalnya TKJ (Teknik Komputer dan Jaringan) atau Teknik Transmisi Telekomunikasi.
2;Fase E;01;Proses Bisnis, Profesi, dan Kewirausahaan di Bidang TJKT;2;TKJ (Teknik Komputer dan Jaringan);Konsentrasi keahlian pada Fase F (kelas XI–XII) yang berfokus pada perencanaan dan pengalamatan jaringan, teknologi jaringan kabel dan nirkabel, keamanan jaringan, pemasangan/konfigurasi perangkat jaringan, dan administrasi sistem jaringan (server).;Menyiapkan lulusan yang siap bekerja sebagai teknisi jaringan, administrator jaringan/server, teknisi fiber optik, IT support, atau berwirausaha di bidang jaringan.
3;Fase E;01;Proses Bisnis, Profesi, dan Kewirausahaan di Bidang TJKT;3;Proses Bisnis (Business Process);Rangkaian kegiatan yang tersusun dan saling berhubungan untuk menghasilkan produk atau layanan bagi pelanggan. Di bidang jaringan, prosesnya dimulai dari mendengar kebutuhan pelanggan, merancang, mengadakan barang, memasang, menguji, menyerahkan, sampai merawat jaringan.;Membuat pekerjaan berjalan teratur, bisa diukur, dan hasilnya konsisten, sehingga pelanggan puas dan perusahaan tidak rugi karena pekerjaan ulang.
4;Fase E;01;Proses Bisnis, Profesi, dan Kewirausahaan di Bidang TJKT;4;Alur Kerja (Workflow);Urutan langkah kerja dari awal sampai selesai, siapa yang mengerjakan, dan apa hasil tiap langkahnya. Contoh: tiket gangguan masuk → teknisi tier 1 mengecek → jika belum selesai dinaikkan ke tier 2 → diperbaiki → dilaporkan.;Menghindari pekerjaan yang terlewat atau tumpang tindih, serta memudahkan pelacakan siapa bertanggung jawab atas apa.
5;Fase E;01;Proses Bisnis, Profesi, dan Kewirausahaan di Bidang TJKT;5;Analisis Kebutuhan (Requirement Analysis);Tahap awal proyek untuk menggali apa yang sebenarnya dibutuhkan pengguna: berapa jumlah komputer, layanan apa yang dipakai (internet, CCTV, server), berapa kecepatan yang diinginkan, dan berapa anggarannya.;Menjadi dasar perancangan jaringan agar hasilnya tidak kurang (lemot) dan tidak berlebihan (boros biaya).
6;Fase E;01;Proses Bisnis, Profesi, dan Kewirausahaan di Bidang TJKT;6;Perencanaan (Planning/Design);Tahap membuat rancangan jaringan: topologi, daftar perangkat, jalur kabel, pengalamatan IP, jadwal, dan biaya. Biasanya dituangkan dalam gambar (diagram) dan dokumen.;Memastikan pemasangan berjalan sesuai rencana, mudah dikembangkan (scalable), dan biayanya terkendali.
7;Fase E;01;Proses Bisnis, Profesi, dan Kewirausahaan di Bidang TJKT;7;Pengadaan (Procurement);Proses membeli atau menyediakan perangkat dan bahan sesuai daftar kebutuhan (router, switch, kabel, konektor, rak) dari vendor atau distributor.;Memastikan barang yang dibeli sesuai spesifikasi, bergaransi, dan datang tepat waktu sebelum pemasangan.
8;Fase E;01;Proses Bisnis, Profesi, dan Kewirausahaan di Bidang TJKT;8;Implementasi / Instalasi;Tahap pemasangan fisik (penarikan kabel, pemasangan rak, perangkat, antena) dan konfigurasi logis (IP, routing, Wi-Fi, keamanan) sesuai rancangan.;Mewujudkan rancangan menjadi jaringan yang benar-benar bisa dipakai.
9;Fase E;01;Proses Bisnis, Profesi, dan Kewirausahaan di Bidang TJKT;9;Pengujian / Commissioning;Tahap menguji apakah jaringan bekerja sesuai target: kabel lolos uji, semua perangkat terhubung, kecepatan sesuai, layanan (internet, server) berjalan. Hasilnya dicatat sebagai bukti.;Menjamin kualitas sebelum diserahkan ke pelanggan dan menjadi dasar klaim garansi jika ada masalah.
10;Fase E;01;Proses Bisnis, Profesi, dan Kewirausahaan di Bidang TJKT;10;Serah Terima (Handover) / BAST;Penyerahan resmi hasil pekerjaan kepada pelanggan, dibuktikan dengan dokumen Berita Acara Serah Terima (BAST) yang berisi daftar perangkat, konfigurasi, hasil uji, dan garansi.;Menandai pekerjaan selesai secara hukum dan menjadi acuan jika di kemudian hari ada perselisihan atau klaim.
11;Fase E;01;Proses Bisnis, Profesi, dan Kewirausahaan di Bidang TJKT;11;Pemeliharaan (Maintenance);Kegiatan merawat jaringan agar tetap sehat. Ada preventif (terjadwal, misalnya membersihkan debu, memperbarui firmware, memeriksa log) dan korektif (memperbaiki saat rusak).;Mengurangi gangguan mendadak, memperpanjang umur perangkat, dan menjaga kepuasan pengguna.
12;Fase E;01;Proses Bisnis, Profesi, dan Kewirausahaan di Bidang TJKT;12;Layanan Purna Jual (After-Sales Service);Dukungan setelah proyek selesai: garansi, perbaikan, konsultasi, dan pelatihan pengguna.;Membangun kepercayaan pelanggan dan menjadi sumber pendapatan berkelanjutan (kontrak pemeliharaan).
13;Fase E;01;Proses Bisnis, Profesi, dan Kewirausahaan di Bidang TJKT;13;ISP (Internet Service Provider);Perusahaan penyedia layanan internet kepada rumah, sekolah, dan perusahaan, misalnya IndiHome (Telkom), Biznet, First Media, MyRepublic, CBN, atau ISP lokal. ISP menyewakan koneksi ke jaringan global melalui kabel serat optik, tembaga, nirkabel, atau seluler.;Menghubungkan pelanggan ke internet, memberikan alamat IP publik, dan menyediakan dukungan teknis.
14;Fase E;01;Proses Bisnis, Profesi, dan Kewirausahaan di Bidang TJKT;14;NAP (Network Access Provider);"Penyedia jaringan ""grosir"" yang menjual bandwidth internasional/nasional kepada ISP-ISP kecil. Ibarat pasar induk yang memasok pedagang eceran.";Membuat ISP kecil dapat menjual internet tanpa harus membangun kabel bawah laut sendiri.
15;Fase E;01;Proses Bisnis, Profesi, dan Kewirausahaan di Bidang TJKT;15;IIX (Indonesia Internet Exchange);"Titik pertukaran lalu lintas internet antar-ISP di Indonesia sehingga data antar-pengguna dalam negeri tidak perlu ""berputar"" ke luar negeri.";Mempercepat akses ke situs/layanan lokal dan menghemat biaya bandwidth internasional.
16;Fase E;01;Proses Bisnis, Profesi, dan Kewirausahaan di Bidang TJKT;16;Operator Telekomunikasi;Perusahaan yang menyelenggarakan jaringan telekomunikasi berskala besar, seperti Telkomsel, Indosat, XL, Smartfren (seluler) dan Telkom (kabel/serat optik).;Menyediakan infrastruktur telepon, SMS, data seluler, dan jaringan backbone yang dipakai ISP dan masyarakat.
17;Fase E;01;Proses Bisnis, Profesi, dan Kewirausahaan di Bidang TJKT;17;Vendor / Prinsipal;Perusahaan pembuat perangkat atau perangkat lunak jaringan, misalnya Cisco, MikroTik, Ubiquiti, Huawei, TP-Link, Juniper, Aruba.;Menyediakan produk, dokumentasi, pembaruan firmware, pelatihan, dan sertifikasi bagi teknisi.
18;Fase E;01;Proses Bisnis, Profesi, dan Kewirausahaan di Bidang TJKT;18;Distributor / Reseller;Perusahaan yang membeli perangkat dari vendor dalam jumlah besar lalu menjualnya kembali ke toko, integrator, atau pengguna akhir.;Memudahkan ketersediaan barang, garansi lokal, dan dukungan penjualan di daerah.
19;Fase E;01;Proses Bisnis, Profesi, dan Kewirausahaan di Bidang TJKT;19;System Integrator (SI);Perusahaan jasa yang merancang dan membangun sistem lengkap (jaringan, server, CCTV, aplikasi) dari berbagai merek agar bekerja sebagai satu kesatuan.;Pelanggan cukup berurusan dengan satu pihak untuk proyek TI yang kompleks.
20;Fase E;01;Proses Bisnis, Profesi, dan Kewirausahaan di Bidang TJKT;20;MSP (Managed Service Provider);Penyedia jasa yang mengelola jaringan/sistem TI pelanggan secara berlangganan (bulanan), termasuk pemantauan 24 jam, pembaruan, dan perbaikan.;"Perusahaan kecil bisa memiliki ""tim IT"" profesional tanpa merekrut pegawai tetap."
21;Fase E;01;Proses Bisnis, Profesi, dan Kewirausahaan di Bidang TJKT;21;Klien / Pelanggan (Customer) dan Pengguna Akhir (End User);Klien adalah pihak yang memesan dan membayar pekerjaan (misalnya sekolah), sedangkan pengguna akhir adalah orang yang memakai jaringan sehari-hari (guru, siswa).;Teknisi harus memuaskan keduanya: sesuai kontrak dengan klien dan nyaman dipakai oleh pengguna akhir.
22;Fase E;01;Proses Bisnis, Profesi, dan Kewirausahaan di Bidang TJKT;22;Stakeholder (Pemangku Kepentingan);Semua pihak yang terlibat atau terdampak oleh sebuah proyek: pemilik, pengguna, teknisi, vendor, hingga pihak keamanan gedung.;Mengidentifikasi stakeholder sejak awal mencegah konflik, misalnya jalur kabel yang melewati ruangan pihak lain.
23;Fase E;01;Proses Bisnis, Profesi, dan Kewirausahaan di Bidang TJKT;23;SLA (Service Level Agreement);"Perjanjian tertulis tentang tingkat layanan yang dijanjikan penyedia, misalnya ""uptime 99,5% per bulan, gangguan ditangani maksimal 4 jam"". Jika dilanggar, biasanya ada kompensasi.";Memberi kepastian kualitas layanan bagi pelanggan dan target kerja yang jelas bagi penyedia.
24;Fase E;01;Proses Bisnis, Profesi, dan Kewirausahaan di Bidang TJKT;24;Uptime dan Downtime;"Uptime adalah lamanya layanan berjalan normal; downtime adalah lamanya layanan mati. Uptime 99,9% per tahun berarti downtime hanya sekitar 8,7 jam setahun.";Menjadi ukuran keandalan layanan dan dasar perhitungan SLA.
25;Fase E;01;Proses Bisnis, Profesi, dan Kewirausahaan di Bidang TJKT;25;NOC (Network Operations Center);Ruang pusat pemantauan jaringan yang beroperasi 24 jam, lengkap dengan layar monitoring untuk melihat status link, trafik, dan alarm perangkat.;Mendeteksi gangguan lebih cepat, sering kali sebelum pelanggan menyadarinya, lalu mengoordinasikan perbaikan.
26;Fase E;01;Proses Bisnis, Profesi, dan Kewirausahaan di Bidang TJKT;26;SOC (Security Operations Center);Pusat pemantauan khusus keamanan siber yang mengawasi serangan, malware, dan aktivitas mencurigakan pada jaringan organisasi.;Merespons insiden keamanan secara cepat agar data dan layanan tidak lumpuh.
27;Fase E;01;Proses Bisnis, Profesi, dan Kewirausahaan di Bidang TJKT;27;Help Desk / Technical Support;Layanan bantuan teknis pertama yang dihubungi pengguna saat bermasalah. Dibagi bertingkat: Tier 1 (menerima laporan, solusi dasar), Tier 2 (teknisi lanjutan), Tier 3 (ahli/engineer atau vendor).;Menyelesaikan masalah pengguna secara terstruktur dan mencatat semuanya sebagai basis pengetahuan.
28;Fase E;01;Proses Bisnis, Profesi, dan Kewirausahaan di Bidang TJKT;28;Ticketing System;Aplikasi pencatatan laporan gangguan atau permintaan (tiket) yang memiliki nomor, status (open, in progress, closed), prioritas, dan riwayat penanganan. Contoh: osTicket, GLPI, Zendesk, Jira Service Management.;Tidak ada laporan yang hilang, kinerja teknisi terukur, dan pola gangguan bisa dianalisis.
29;Fase E;01;Proses Bisnis, Profesi, dan Kewirausahaan di Bidang TJKT;29;Eskalasi (Escalation);Menaikkan penanganan masalah ke tingkat yang lebih ahli atau berwenang jika tidak selesai dalam waktu tertentu.;Mencegah masalah berlarut-larut di tangan orang yang tidak mampu menyelesaikannya.
30;Fase E;01;Proses Bisnis, Profesi, dan Kewirausahaan di Bidang TJKT;30;Data Center (Pusat Data);Fasilitas khusus berisi ratusan hingga ribuan server dan perangkat jaringan dengan listrik cadangan, pendingin, keamanan fisik, dan koneksi berlapis. Kualitasnya dikelompokkan menjadi Tier I–IV (Tier IV paling andal).;Menampung layanan digital (situs web, aplikasi, cloud) agar berjalan 24 jam tanpa henti.
31;Fase E;01;Proses Bisnis, Profesi, dan Kewirausahaan di Bidang TJKT;31;Colocation (Colo);"Layanan menyewa tempat (rak) di data center untuk meletakkan server milik sendiri; listrik, pendingin, dan koneksi disediakan pengelola.";Perusahaan mendapat fasilitas data center kelas atas tanpa membangunnya sendiri.
32;Fase E;01;Proses Bisnis, Profesi, dan Kewirausahaan di Bidang TJKT;32;RT/RW Net;Usaha berbagi koneksi internet dalam lingkungan warga (RT/RW) memakai jaringan kabel atau nirkabel yang dikelola secara mandiri, sering dengan router MikroTik dan sistem voucher.;"Peluang usaha lulusan TKJ; menyediakan internet murah di daerah yang belum terjangkau ISP besar."
33;Fase E;01;Proses Bisnis, Profesi, dan Kewirausahaan di Bidang TJKT;33;Warnet / Game Center;Usaha penyewaan komputer berinternet per jam. Biasanya memakai jaringan LAN client-server dengan billing system dan spesifikasi PC yang seragam.;Contoh nyata penerapan LAN, sharing internet, manajemen bandwidth, dan perawatan komputer.
34;Fase E;01;Proses Bisnis, Profesi, dan Kewirausahaan di Bidang TJKT;34;Hotspot Voucher (Bisnis);Model usaha menjual akses Wi-Fi dengan kode voucher berbatas waktu/kuota, dikelola lewat fitur Hotspot pada router (misalnya MikroTik) atau aplikasi pihak ketiga (Mikhmon).;Sumber penghasilan dari jaringan nirkabel di kafe, kos, atau kampung.
35;Fase E;01;Proses Bisnis, Profesi, dan Kewirausahaan di Bidang TJKT;35;Bandwidth Dedicated vs Shared (Up To);"Dedicated: kecepatan dijamin penuh 1:1 untuk satu pelanggan (mahal, untuk kantor/data center). Shared/""up to"": kecepatan maksimal dibagi bersama pelanggan lain (murah, untuk rumahan).";Membantu memilih paket internet yang sesuai kebutuhan dan menjelaskannya kepada pelanggan.
36;Fase E;01;Proses Bisnis, Profesi, dan Kewirausahaan di Bidang TJKT;36;FUP (Fair Usage Policy);Kebijakan penyedia untuk menurunkan kecepatan setelah pemakaian melewati batas tertentu, agar pengguna lain tetap kebagian bandwidth.;Menjaga keadilan pembagian bandwidth pada layanan shared.
37;Fase E;01;Proses Bisnis, Profesi, dan Kewirausahaan di Bidang TJKT;37;Billing System;Sistem pencatatan pemakaian dan penagihan layanan (internet, warnet, hotspot) secara otomatis.;Mengelola pendapatan, masa aktif pelanggan, dan pemutusan otomatis saat belum bayar.
38;Fase E;01;Proses Bisnis, Profesi, dan Kewirausahaan di Bidang TJKT;38;RAB (Rencana Anggaran Biaya);Dokumen rincian biaya proyek: harga tiap perangkat, bahan, upah pemasangan, transportasi, dan keuntungan.;Menjadi dasar penawaran harga ke klien dan pengendalian biaya selama proyek.
39;Fase E;01;Proses Bisnis, Profesi, dan Kewirausahaan di Bidang TJKT;39;BoQ / BoM (Bill of Quantity / Bill of Materials);"Daftar jumlah dan spesifikasi setiap barang yang dibutuhkan proyek, misalnya ""kabel UTP Cat6 3 roll, konektor RJ-45 200 pcs, switch 24 port 2 unit"".";Mencegah kekurangan atau kelebihan barang saat pengadaan dan memudahkan pembuatan RAB.
40;Fase E;01;Proses Bisnis, Profesi, dan Kewirausahaan di Bidang TJKT;40;Proposal / Penawaran (Quotation);Dokumen tawaran pekerjaan kepada calon klien berisi latar belakang, solusi yang ditawarkan, gambar rancangan, RAB, jadwal, dan syarat garansi.;Meyakinkan klien secara profesional dan menjadi dasar kontrak.
41;Fase E;01;Proses Bisnis, Profesi, dan Kewirausahaan di Bidang TJKT;41;Survei Lokasi (Site Survey);Kunjungan ke lokasi untuk mengukur jarak, melihat jalur kabel, letak listrik, kondisi gedung, sumber gangguan sinyal, dan titik penempatan perangkat.;Data survei membuat rancangan realistis dan mencegah kejutan biaya saat pemasangan.
42;Fase E;01;Proses Bisnis, Profesi, dan Kewirausahaan di Bidang TJKT;42;Dokumentasi Jaringan;Kumpulan catatan tentang jaringan: diagram topologi, daftar IP, label kabel, konfigurasi perangkat, kata sandi (disimpan aman), dan riwayat perubahan.;Mempercepat perbaikan gangguan dan memudahkan teknisi baru memahami jaringan.
43;Fase E;01;Proses Bisnis, Profesi, dan Kewirausahaan di Bidang TJKT;43;KPI (Key Performance Indicator);Ukuran keberhasilan kerja, misalnya jumlah tiket selesai per hari, rata-rata waktu perbaikan, atau persentase uptime.;Menilai kinerja teknisi/tim secara objektif dan menjadi bahan perbaikan layanan.
44;Fase E;01;Proses Bisnis, Profesi, dan Kewirausahaan di Bidang TJKT;44;Change Management (Manajemen Perubahan);Prosedur resmi sebelum mengubah konfigurasi jaringan produksi: ajukan permintaan, nilai risikonya, jadwalkan (biasanya malam/akhir pekan), siapkan rencana rollback, lalu dokumentasikan.;"Mencegah ""salah konfigurasi"" yang melumpuhkan seluruh kantor di jam kerja."
45;Fase E;01;Proses Bisnis, Profesi, dan Kewirausahaan di Bidang TJKT;45;ITIL (Information Technology Infrastructure Library);Kerangka kerja praktik terbaik pengelolaan layanan TI (manajemen insiden, masalah, perubahan, aset). Banyak dipakai perusahaan besar dan ISP.;Membuat layanan TI teratur, terukur, dan berorientasi pada kebutuhan bisnis.
46;Fase E;01;Proses Bisnis, Profesi, dan Kewirausahaan di Bidang TJKT;46;Job Profile (Profil Pekerjaan);Uraian tentang suatu jabatan: tugas utama, keterampilan yang dibutuhkan, sertifikasi yang disarankan, dan jenjang karier.;Membantu siswa memilih arah karier dan menyiapkan kompetensi yang tepat.
47;Fase E;01;Proses Bisnis, Profesi, dan Kewirausahaan di Bidang TJKT;47;Network Technician (Teknisi Jaringan);Tenaga lapangan yang memasang kabel, konektor, rak, perangkat, serta melakukan perbaikan dasar. Sering menjadi pintu masuk karier lulusan TKJ.;Memastikan jaringan fisik terpasang rapi, sesuai standar, dan berfungsi.
48;Fase E;01;Proses Bisnis, Profesi, dan Kewirausahaan di Bidang TJKT;48;Network Administrator;Orang yang mengelola operasional jaringan sehari-hari: menambah pengguna, mengatur IP, memantau trafik, menangani gangguan, dan menjaga keamanan.;Menjaga jaringan organisasi tetap berjalan stabil dan aman setiap hari.
49;Fase E;01;Proses Bisnis, Profesi, dan Kewirausahaan di Bidang TJKT;49;Network Engineer;Perancang dan pembangun jaringan skala menengah–besar: memilih teknologi, merancang topologi, mengonfigurasi routing kompleks, dan mengoptimalkan kinerja.;Bertanggung jawab pada arsitektur jaringan agar handal dan siap berkembang.
50;Fase E;01;Proses Bisnis, Profesi, dan Kewirausahaan di Bidang TJKT;50;System Administrator (SysAdmin);Pengelola server dan sistem operasi (Linux/Windows Server): instalasi, layanan (web, mail, DNS), backup, pembaruan, dan keamanan server.;Memastikan layanan server tersedia, cepat, dan datanya aman.
51;Fase E;01;Proses Bisnis, Profesi, dan Kewirausahaan di Bidang TJKT;51;IT Support / Helpdesk Technician;Petugas yang membantu pengguna dengan masalah komputer, aplikasi, printer, dan koneksi sehari-hari, baik langsung maupun jarak jauh.;Menjaga produktivitas pengguna dan menjadi garda depan layanan TI.
52;Fase E;01;Proses Bisnis, Profesi, dan Kewirausahaan di Bidang TJKT;52;Teknisi FTTH / Teknisi Fiber Optik;Teknisi yang memasang dan memperbaiki jaringan serat optik sampai ke rumah pelanggan (menarik kabel drop, menyambung/splicing, memasang ONT, mengukur redaman).;Profesi yang sangat dibutuhkan seiring perluasan internet serat optik di Indonesia.
53;Fase E;01;Proses Bisnis, Profesi, dan Kewirausahaan di Bidang TJKT;53;Rigger / Teknisi Tower;Teknisi yang bekerja di ketinggian untuk memasang antena, radio, dan kabel di tower/tiang, dengan pelatihan dan alat keselamatan khusus.;Membangun jaringan nirkabel jarak jauh (microwave link, BTS, WISP).
54;Fase E;01;Proses Bisnis, Profesi, dan Kewirausahaan di Bidang TJKT;54;Wireless / RF Engineer;Ahli jaringan nirkabel yang merancang cakupan sinyal, memilih antena, kanal frekuensi, dan menghitung link budget.;Menghasilkan jaringan nirkabel yang cepat, stabil, dan minim gangguan.
55;Fase E;01;Proses Bisnis, Profesi, dan Kewirausahaan di Bidang TJKT;55;Network Security Engineer;Spesialis yang merancang dan menerapkan pengamanan jaringan: firewall, VPN, IDS/IPS, kebijakan akses.;Melindungi data organisasi dari serangan dan kebocoran.
56;Fase E;01;Proses Bisnis, Profesi, dan Kewirausahaan di Bidang TJKT;56;Cyber Security Analyst;Analis yang memantau log, mendeteksi serangan, menyelidiki insiden, dan merekomendasikan perbaikan. Biasanya bekerja di SOC.;Menemukan dan menghentikan ancaman siber sebelum menimbulkan kerugian besar.
57;Fase E;01;Proses Bisnis, Profesi, dan Kewirausahaan di Bidang TJKT;57;Penetration Tester (Ethical Hacker);Profesional yang secara legal dan dengan izin mencoba meretas sistem untuk menemukan celah keamanan, lalu melaporkannya untuk diperbaiki.;Membantu organisasi menutup celah sebelum dimanfaatkan penjahat siber.
58;Fase E;01;Proses Bisnis, Profesi, dan Kewirausahaan di Bidang TJKT;58;Cloud Engineer;Ahli yang membangun dan mengelola infrastruktur di layanan cloud (AWS, Google Cloud, Azure, Alibaba Cloud): server virtual, jaringan virtual, penyimpanan.;Menyediakan layanan yang fleksibel dan mudah diskalakan tanpa membeli perangkat fisik.
59;Fase E;01;Proses Bisnis, Profesi, dan Kewirausahaan di Bidang TJKT;59;DevOps Engineer;Profesional yang menggabungkan pengembangan aplikasi (Dev) dan operasional (Ops) dengan otomasi: deployment otomatis, container, monitoring.;Mempercepat rilis aplikasi dengan tetap menjaga kestabilan sistem.
60;Fase E;01;Proses Bisnis, Profesi, dan Kewirausahaan di Bidang TJKT;60;Data Center Technician;Teknisi yang merawat perangkat di data center: memasang server di rak, mengelola kabel, mengganti komponen rusak, memantau suhu dan listrik.;Menjaga fasilitas data center beroperasi tanpa henti.
61;Fase E;01;Proses Bisnis, Profesi, dan Kewirausahaan di Bidang TJKT;61;Pre-Sales Engineer / Network Designer;Tenaga teknis yang membantu tim penjualan: menggali kebutuhan klien, membuat rancangan solusi, dan mempresentasikannya.;Menjembatani bahasa teknis dan bahasa bisnis agar solusi tepat sasaran.
62;Fase E;01;Proses Bisnis, Profesi, dan Kewirausahaan di Bidang TJKT;62;Project Manager (PM) TI;Pemimpin proyek yang mengatur jadwal, anggaran, tim, dan komunikasi dengan klien agar proyek selesai tepat waktu dan sesuai mutu.;Memastikan proyek jaringan tidak molor, tidak membengkak biaya, dan sesuai kontrak.
63;Fase E;01;Proses Bisnis, Profesi, dan Kewirausahaan di Bidang TJKT;63;Technopreneur / Technopreneurship;Wirausahawan yang membangun bisnis berbasis teknologi, misalnya jasa instalasi jaringan, RT/RW Net, servis komputer, hosting, atau aplikasi. Technopreneurship adalah semangat dan kemampuannya.;Membuka lapangan kerja sendiri dan orang lain dengan memanfaatkan keahlian TKJ.
64;Fase E;01;Proses Bisnis, Profesi, dan Kewirausahaan di Bidang TJKT;64;Startup;Perusahaan rintisan berbasis teknologi yang tumbuh cepat dengan model bisnis baru, sering dimulai dari tim kecil dan pendanaan investor.;Memberi gambaran jalur karier/usaha alternatif selain bekerja di perusahaan mapan.
65;Fase E;01;Proses Bisnis, Profesi, dan Kewirausahaan di Bidang TJKT;65;Personal Branding;Upaya membangun citra diri profesional (keahlian, sikap, karya) yang dikenal orang lain, misalnya lewat portofolio, media sosial profesional (LinkedIn), atau kanal tutorial.;Memudahkan mendapat pekerjaan, klien, atau kepercayaan di dunia kerja.
66;Fase E;01;Proses Bisnis, Profesi, dan Kewirausahaan di Bidang TJKT;66;Portofolio;Kumpulan bukti karya dan pengalaman: foto proyek pemasangan, dokumentasi konfigurasi, sertifikat, laporan PKL.;Menunjukkan kemampuan nyata kepada pemberi kerja atau klien, lebih meyakinkan daripada sekadar ijazah.
67;Fase E;01;Proses Bisnis, Profesi, dan Kewirausahaan di Bidang TJKT;67;Freelancer;Pekerja lepas yang mengerjakan proyek per pesanan (misalnya konfigurasi MikroTik, pemasangan CCTV, pembuatan server) tanpa terikat satu perusahaan.;Fleksibel dan bisa dimulai sejak sekolah untuk menambah pengalaman dan penghasilan.
68;Fase E;01;Proses Bisnis, Profesi, dan Kewirausahaan di Bidang TJKT;68;Business Model Canvas (BMC);Kanvas satu halaman berisi 9 kotak untuk merancang bisnis: segmen pelanggan, nilai yang ditawarkan, saluran, hubungan pelanggan, sumber pendapatan, sumber daya, aktivitas kunci, mitra, dan struktur biaya.;Membantu calon technopreneur menyusun ide usaha secara utuh dan cepat.
69;Fase E;01;Proses Bisnis, Profesi, dan Kewirausahaan di Bidang TJKT;69;Analisis SWOT;Metode menilai Kekuatan (Strengths), Kelemahan (Weaknesses), Peluang (Opportunities), dan Ancaman (Threats) suatu usaha.;Menentukan strategi usaha, misalnya RT/RW Net di daerah tanpa ISP (peluang) dengan modal terbatas (kelemahan).
70;Fase E;01;Proses Bisnis, Profesi, dan Kewirausahaan di Bidang TJKT;70;Sertifikasi Kompetensi (BNSP/LSP);Pengakuan resmi negara atas kompetensi seseorang melalui uji kompetensi di Lembaga Sertifikasi Profesi (LSP) yang dilisensi Badan Nasional Sertifikasi Profesi (BNSP), mengacu pada SKKNI.;Bukti kompetensi yang diakui industri dan sering menjadi syarat rekrutmen atau tender.
71;Fase E;01;Proses Bisnis, Profesi, dan Kewirausahaan di Bidang TJKT;71;SKKNI (Standar Kompetensi Kerja Nasional Indonesia);Rumusan kemampuan kerja (pengetahuan, keterampilan, sikap) yang ditetapkan pemerintah untuk suatu bidang, misalnya SKKNI bidang jaringan komputer.;Menjadi acuan kurikulum SMK, materi uji kompetensi, dan standar rekrutmen.
72;Fase E;01;Proses Bisnis, Profesi, dan Kewirausahaan di Bidang TJKT;72;Sertifikasi Vendor;Sertifikat keahlian yang dikeluarkan pembuat perangkat setelah lulus ujian, misalnya MTCNA (MikroTik), CCNA (Cisco), HCIA (Huawei), JNCIA (Juniper), atau yang netral seperti CompTIA Network+.;Diakui secara internasional dan menaikkan nilai jual di dunia kerja.
73;Fase E;01;Proses Bisnis, Profesi, dan Kewirausahaan di Bidang TJKT;73;MTCNA (MikroTik Certified Network Associate);Sertifikasi dasar MikroTik yang menguji kemampuan konfigurasi RouterOS: dasar routing, bridging, wireless, firewall, NAT, QoS, tunnel, dan hotspot. Sangat populer di Indonesia karena MikroTik banyak dipakai.;Bekal kuat untuk bekerja di ISP, RT/RW Net, dan jasa jaringan skala kecil–menengah.
74;Fase E;01;Proses Bisnis, Profesi, dan Kewirausahaan di Bidang TJKT;74;CCNA (Cisco Certified Network Associate);Sertifikasi dasar Cisco yang mencakup dasar jaringan, IP addressing, switching, routing, keamanan, wireless, dan otomasi. Diakui secara global.;Membuka peluang kerja di perusahaan besar dan menjadi pondasi sertifikasi lanjutan (CCNP).
75;Fase E;01;Proses Bisnis, Profesi, dan Kewirausahaan di Bidang TJKT;75;PKL / Prakerin (Praktik Kerja Lapangan);Program belajar langsung di dunia kerja (ISP, toko komputer, kantor IT) selama beberapa bulan untuk menerapkan ilmu sekolah.;Menambah pengalaman nyata, jejaring, dan sering menjadi jalan direkrut setelah lulus.
76;Fase E;01;Proses Bisnis, Profesi, dan Kewirausahaan di Bidang TJKT;76;UKK (Uji Kompetensi Keahlian);Ujian praktik akhir di SMK yang menguji kemampuan sesuai kompetensi keahlian, misalnya membangun jaringan dengan router, VLAN, hotspot, dan server sesuai soal.;Mengukur kesiapan kerja lulusan dan menghasilkan sertifikat kompetensi.
77;Fase E;01;Proses Bisnis, Profesi, dan Kewirausahaan di Bidang TJKT;77;Teaching Factory (TEFA);Model pembelajaran di SMK yang meniru suasana dan standar kerja industri, misalnya sekolah menjalankan unit usaha jasa jaringan atau servis komputer.;Siswa terbiasa dengan budaya kerja, mutu, dan pelayanan pelanggan sejak sekolah.
78;Fase E;01;Proses Bisnis, Profesi, dan Kewirausahaan di Bidang TJKT;78;Kelas Industri;Kelas hasil kerja sama SMK dengan perusahaan (misalnya Axioo, MikroTik Academy, Cisco Networking Academy) dengan kurikulum, pengajar, dan sertifikasi dari industri.;Lulusan lebih sesuai kebutuhan industri dan berpeluang langsung direkrut.
79;Fase E;01;Proses Bisnis, Profesi, dan Kewirausahaan di Bidang TJKT;79;Hard Skill dan Soft Skill;Hard skill adalah keterampilan teknis (crimping, subnetting, konfigurasi router). Soft skill adalah keterampilan non-teknis (komunikasi, kerja tim, disiplin, pemecahan masalah, pelayanan).;Keduanya menentukan keberhasilan karier: teknisi hebat tetapi tidak komunikatif sulit dipercaya pelanggan.
80;Fase E;01;Proses Bisnis, Profesi, dan Kewirausahaan di Bidang TJKT;80;Kode Etik Profesi TI;Aturan perilaku profesional: menjaga kerahasiaan data pelanggan, tidak menyalahgunakan akses, jujur soal biaya dan kemampuan, tidak memakai perangkat lunak bajakan.;Menjaga kepercayaan pelanggan dan nama baik profesi.
81;Fase E;01;Proses Bisnis, Profesi, dan Kewirausahaan di Bidang TJKT;81;Kontrak Kerja / MoU;Perjanjian tertulis antara penyedia jasa dan klien yang memuat lingkup pekerjaan, biaya, jadwal, garansi, dan sanksi. MoU (Memorandum of Understanding) adalah nota kesepahaman awal sebelum kontrak.;Melindungi kedua pihak secara hukum dan mencegah salah paham.
82;Fase E;01;Proses Bisnis, Profesi, dan Kewirausahaan di Bidang TJKT;82;Garansi (Warranty);Jaminan perbaikan atau penggantian bila hasil pekerjaan/perangkat rusak dalam jangka waktu tertentu, dengan syarat tertentu (misalnya bukan karena petir atau kesalahan pemakaian).;Memberi rasa aman kepada pelanggan dan mendorong penyedia bekerja bermutu.
83;Fase E;01;Proses Bisnis, Profesi, dan Kewirausahaan di Bidang TJKT;83;Outsourcing (Alih Daya);Menyerahkan pekerjaan tertentu (misalnya pemeliharaan jaringan atau helpdesk) kepada perusahaan lain yang lebih ahli.;"Perusahaan fokus pada bisnis utamanya; bagi lulusan TKJ, perusahaan outsourcing adalah salah satu pemberi kerja terbesar."
84;Fase E;01;Proses Bisnis, Profesi, dan Kewirausahaan di Bidang TJKT;84;Tender / e-Katalog (LKPP);Cara pemerintah/perusahaan memilih penyedia melalui persaingan penawaran (tender) atau pembelian langsung dari katalog elektronik resmi.;Wirausaha jaringan yang berbadan hukum dapat mengikuti proyek pemerintah secara legal.
85;Fase E;01;Proses Bisnis, Profesi, dan Kewirausahaan di Bidang TJKT;85;Legalitas Usaha (NIB, CV/PT);Izin dan badan hukum usaha: NIB (Nomor Induk Berusaha) melalui OSS, bentuk usaha CV atau PT, serta NPWP untuk pajak.;Usaha menjadi sah, bisa mengikuti tender, membuka rekening usaha, dan dipercaya klien besar.
86;Fase E;01;Proses Bisnis, Profesi, dan Kewirausahaan di Bidang TJKT;86;Digital Marketing;Pemasaran melalui media digital: media sosial, marketplace, iklan Google, situs web, dan konten tutorial.;Menjangkau pelanggan jasa jaringan dengan biaya rendah dibanding iklan konvensional.
87;Fase E;01;Proses Bisnis, Profesi, dan Kewirausahaan di Bidang TJKT;87;Customer Service (Layanan Pelanggan);Bagian yang menerima keluhan, pertanyaan, dan permintaan pelanggan dengan ramah dan responsif melalui telepon, chat, atau tatap muka.;Kepuasan pelanggan sering ditentukan bukan hanya oleh teknis, tetapi oleh cara berkomunikasi saat masalah terjadi.
88;Fase E;01;Proses Bisnis, Profesi, dan Kewirausahaan di Bidang TJKT;88;Response Time dan Resolution Time;Response time: waktu sejak laporan masuk sampai ditanggapi. Resolution time: waktu sampai masalah benar-benar selesai. Keduanya biasanya diatur dalam SLA.;Mengukur kecepatan layanan dukungan dan menjadi dasar kompensasi SLA.
89;Fase E;02;Perkembangan Teknologi di Bidang TJKT;1;Revolusi Industri 4.0;Era industri saat mesin, komputer, dan manusia terhubung lewat internet dan data, ditandai oleh IoT, big data, kecerdasan buatan, cloud, dan robotika. Sebelumnya: 1.0 mesin uap, 2.0 listrik/produksi massal, 3.0 komputer/otomasi.;Menjelaskan mengapa keahlian jaringan sangat dibutuhkan: semua perangkat industri kini harus terhubung dan aman.
90;Fase E;02;Perkembangan Teknologi di Bidang TJKT;2;Society 5.0;Konsep dari Jepang tentang masyarakat yang memanfaatkan teknologi 4.0 (AI, IoT, big data) untuk menyelesaikan masalah manusia sehari-hari, misalnya kesehatan, transportasi, dan pendidikan.;Mengarahkan penggunaan teknologi agar berpusat pada manusia, bukan sekadar mesin.
91;Fase E;02;Perkembangan Teknologi di Bidang TJKT;3;Transformasi Digital;Perubahan cara kerja organisasi dari manual/kertas menjadi berbasis digital dan data, misalnya absensi online, e-rapor, pembayaran digital.;"Meningkatkan efisiensi dan layanan; membutuhkan jaringan yang andal dan aman sebagai tulang punggungnya."
92;Fase E;02;Perkembangan Teknologi di Bidang TJKT;4;Penetrasi Internet;Persentase penduduk yang sudah memakai internet di suatu wilayah. Di Indonesia sudah lebih dari 79% (survei APJII 2024), tetapi masih belum merata antara kota dan daerah 3T.;Menunjukkan peluang kerja dan usaha jaringan, terutama untuk memperluas akses ke daerah yang belum terjangkau.
93;Fase E;02;Perkembangan Teknologi di Bidang TJKT;5;Kesenjangan Digital (Digital Divide);Perbedaan akses dan kemampuan memakai teknologi digital antara kelompok masyarakat, misalnya kota vs desa, atau kaya vs miskin.;Mendorong program pemerataan seperti BAKTI/Palapa Ring dan peluang RT/RW Net di daerah.
94;Fase E;02;Perkembangan Teknologi di Bidang TJKT;6;Palapa Ring;Proyek jaringan serat optik nasional (barat, tengah, timur) yang menghubungkan kabupaten/kota di seluruh Indonesia sebagai tulang punggung internet.;Memeratakan akses internet cepat hingga ke daerah terpencil.
95;Fase E;02;Perkembangan Teknologi di Bidang TJKT;7;IoT (Internet of Things);Konsep benda-benda sehari-hari (lampu, kunci pintu, sensor suhu, kamera, mesin pabrik) yang dilengkapi sensor dan koneksi internet sehingga bisa dipantau dan dikendalikan dari jauh.;Otomasi rumah pintar, pertanian pintar, pemantauan industri, dan kota pintar.
96;Fase E;02;Perkembangan Teknologi di Bidang TJKT;8;Sensor dan Aktuator;Sensor adalah komponen yang membaca kondisi fisik (suhu, cahaya, gerak, kelembaban) menjadi data. Aktuator adalah komponen yang melakukan aksi (menyalakan relay, memutar motor, membuka kunci).;"Menjadi ""indra"" dan ""otot"" sistem IoT."
97;Fase E;02;Perkembangan Teknologi di Bidang TJKT;9;Mikrokontroler (Arduino, ESP8266, ESP32);Chip komputer kecil berdaya rendah yang diprogram untuk mengendalikan sensor/aktuator. ESP8266/ESP32 sudah memiliki Wi-Fi (ESP32 juga Bluetooth) sehingga populer untuk IoT.;Membuat perangkat IoT murah yang terhubung ke jaringan Wi-Fi.
98;Fase E;02;Perkembangan Teknologi di Bidang TJKT;10;Raspberry Pi;Komputer mini seukuran kartu ATM yang menjalankan Linux, memiliki port LAN, Wi-Fi, USB, dan pin GPIO.;Dipakai sebagai server mini, router/firewall belajar, gateway IoT, atau media center.
99;Fase E;02;Perkembangan Teknologi di Bidang TJKT;11;M2M (Machine to Machine);Komunikasi langsung antar-mesin tanpa campur tangan manusia, misalnya mesin ATM melapor ke server bank, atau meteran listrik pintar mengirim data pemakaian.;Dasar dari IoT dan otomasi industri.
100;Fase E;02;Perkembangan Teknologi di Bidang TJKT;12;MQTT (Message Queuing Telemetry Transport);"Protokol komunikasi ringan untuk IoT dengan pola publish/subscribe melalui perantara (broker). Perangkat mengirim (publish) data ke ""topik"", dan aplikasi yang berlangganan (subscribe) topik itu menerimanya.";Hemat bandwidth dan daya, cocok untuk ribuan sensor dengan koneksi lemah.
101;Fase E;02;Perkembangan Teknologi di Bidang TJKT;13;LPWAN (LoRa, LoRaWAN, NB-IoT);Jaringan nirkabel jarak jauh (hingga belasan km) berdaya sangat rendah tetapi kecepatan kecil, khusus untuk sensor IoT. LoRa memakai frekuensi bebas lisensi, NB-IoT berjalan di jaringan seluler.;Menghubungkan sensor di sawah, hutan, atau kota tanpa kabel dan dengan baterai tahan bertahun-tahun.
102;Fase E;02;Perkembangan Teknologi di Bidang TJKT;14;Zigbee dan Z-Wave;Protokol nirkabel jarak pendek berdaya rendah dengan topologi mesh, banyak dipakai pada perangkat rumah pintar (lampu, saklar, sensor pintu).;Menghubungkan banyak perangkat rumah pintar tanpa membebani Wi-Fi.
103;Fase E;02;Perkembangan Teknologi di Bidang TJKT;15;Bluetooth / BLE (Bluetooth Low Energy);Teknologi nirkabel jarak pendek (sekitar 10 m) untuk menghubungkan perangkat pribadi seperti earphone, jam pintar, keyboard. BLE adalah versi hemat daya untuk sensor dan wearable.;Komunikasi perangkat pribadi dan IoT skala kecil tanpa kabel.
104;Fase E;02;Perkembangan Teknologi di Bidang TJKT;16;RFID dan NFC;RFID (Radio Frequency Identification) membaca tag lewat gelombang radio tanpa kontak, misalnya kartu tol atau tag barang. NFC (Near Field Communication) adalah RFID jarak sangat dekat (beberapa cm), dipakai pada e-money, kartu absensi, dan pembayaran HP.;Identifikasi otomatis, pembayaran nontunai, kontrol akses pintu.
105;Fase E;02;Perkembangan Teknologi di Bidang TJKT;17;GPS / GNSS;"Sistem penentuan posisi berbasis satelit. GPS milik AS; GNSS adalah istilah umum yang juga mencakup GLONASS (Rusia), Galileo (Eropa), BeiDou (Tiongkok).";Navigasi, pelacakan kendaraan/aset IoT, dan penentuan koordinat saat survei tower/antena.
106;Fase E;02;Perkembangan Teknologi di Bidang TJKT;18;Wearable Device;Perangkat pintar yang dikenakan di tubuh (jam pintar, gelang kebugaran, kacamata pintar) dan terhubung ke HP/cloud.;"Memantau kesehatan dan aktivitas; contoh nyata IoT pribadi."
107;Fase E;02;Perkembangan Teknologi di Bidang TJKT;19;Smart Home (Rumah Pintar);Rumah yang perangkatnya (lampu, AC, CCTV, kunci) dapat dikendalikan otomatis atau lewat aplikasi/suara melalui jaringan.;"Kenyamanan, hemat energi, dan keamanan rumah; peluang jasa instalasi bagi lulusan TKJ."
108;Fase E;02;Perkembangan Teknologi di Bidang TJKT;20;Smart City (Kota Pintar);Kota yang memakai sensor, data, dan aplikasi untuk mengelola lalu lintas, sampah, penerangan, keamanan, dan layanan publik secara efisien.;"Meningkatkan kualitas hidup warga; membutuhkan jaringan kabel/nirkabel luas dan aman."
109;Fase E;02;Perkembangan Teknologi di Bidang TJKT;21;Cloud Computing (Komputasi Awan);Layanan komputasi (server, penyimpanan, database, aplikasi) yang disewa lewat internet dan dibayar sesuai pemakaian, tanpa perlu membeli dan merawat perangkat fisik sendiri. Contoh: Google Drive, AWS, Google Cloud, Microsoft Azure, IDCloudHost.;Hemat biaya awal, bisa diperbesar/diperkecil kapan saja, dan diakses dari mana pun.
110;Fase E;02;Perkembangan Teknologi di Bidang TJKT;22;IaaS (Infrastructure as a Service);Layanan cloud yang menyewakan infrastruktur dasar: server virtual (VPS), jaringan, dan penyimpanan. Pengguna mengelola sendiri sistem operasinya. Contoh: AWS EC2, Google Compute Engine, VPS lokal.;"Membangun server tanpa membeli hardware; cocok untuk latihan administrasi server."
111;Fase E;02;Perkembangan Teknologi di Bidang TJKT;23;PaaS (Platform as a Service);Layanan cloud yang menyediakan platform siap pakai untuk menjalankan aplikasi (runtime, database) tanpa mengurus server. Contoh: Google App Engine, Heroku, Vercel.;Pengembang fokus menulis kode, tidak repot mengelola server.
112;Fase E;02;Perkembangan Teknologi di Bidang TJKT;24;SaaS (Software as a Service);Aplikasi jadi yang dipakai lewat browser/aplikasi dan dibayar berlangganan. Contoh: Gmail, Google Workspace, Microsoft 365, Canva, Zoom.;Pengguna langsung memakai aplikasi tanpa instalasi dan perawatan.
113;Fase E;02;Perkembangan Teknologi di Bidang TJKT;25;Public, Private, dan Hybrid Cloud;Public cloud dipakai bersama banyak pelanggan (AWS, GCP). Private cloud dibangun khusus untuk satu organisasi (misalnya dengan Proxmox/OpenStack). Hybrid menggabungkan keduanya.;Memilih model sesuai kebutuhan keamanan, biaya, dan kendali data.
114;Fase E;02;Perkembangan Teknologi di Bidang TJKT;26;Virtualisasi;"Teknologi menjalankan beberapa ""komputer virtual"" (VM) di atas satu komputer fisik dengan bantuan hypervisor, seolah-olah masing-masing punya CPU, RAM, dan disk sendiri.";Menghemat perangkat, memudahkan uji coba server, dan menjadi dasar cloud computing.
115;Fase E;02;Perkembangan Teknologi di Bidang TJKT;27;Hypervisor;"Perangkat lunak yang membuat dan mengelola mesin virtual. Tipe 1 berjalan langsung di hardware (VMware ESXi, Proxmox VE, Hyper-V, KVM); Tipe 2 berjalan di atas OS biasa (VirtualBox, VMware Workstation).";Membagi sumber daya satu server fisik untuk banyak VM secara adil dan terisolasi.
116;Fase E;02;Perkembangan Teknologi di Bidang TJKT;28;Virtual Machine (VM);Komputer tiruan berupa perangkat lunak yang menjalankan sistem operasi sendiri di dalam komputer fisik (host).;Tempat aman untuk belajar instalasi OS, server, dan jaringan tanpa merusak komputer utama.
117;Fase E;02;Perkembangan Teknologi di Bidang TJKT;29;Container (Docker);Cara mengemas aplikasi beserta semua kebutuhannya menjadi satu paket ringan yang berjalan di atas kernel OS yang sama, lebih hemat daripada VM. Docker adalah platform container paling populer.;Menjalankan layanan (web, database) dengan cepat dan konsisten di komputer atau server mana pun.
118;Fase E;02;Perkembangan Teknologi di Bidang TJKT;30;Kubernetes (K8s);Sistem untuk mengelola (mengorkestrasi) ratusan container secara otomatis: menjalankan, memperbanyak, memulihkan yang gagal, dan membagi beban.;Menjalankan aplikasi skala besar yang harus selalu tersedia.
119;Fase E;02;Perkembangan Teknologi di Bidang TJKT;31;Edge Computing;Pemrosesan data dilakukan di dekat sumber data (di perangkat atau gateway lokal), bukan dikirim semua ke cloud pusat.;Mengurangi keterlambatan (latency) dan beban bandwidth, penting untuk kendaraan otonom, pabrik, dan CCTV pintar.
120;Fase E;02;Perkembangan Teknologi di Bidang TJKT;32;Fog Computing;Lapisan perantara antara perangkat IoT dan cloud (misalnya router/server lokal) yang menyaring dan mengolah data sebelum dikirim ke cloud.;Menggabungkan kecepatan edge dengan kemampuan besar cloud.
121;Fase E;02;Perkembangan Teknologi di Bidang TJKT;33;Big Data;Kumpulan data yang sangat besar, cepat bertambah, dan beragam bentuknya (teks, gambar, video, log) sehingga perlu alat khusus (Hadoop, Spark) untuk mengolahnya.;Menemukan pola untuk pengambilan keputusan, misalnya analisis trafik jaringan atau perilaku pelanggan.
122;Fase E;02;Perkembangan Teknologi di Bidang TJKT;34;Data Mining dan Analitik Data;Proses menggali pola dan pengetahuan berharga dari kumpulan data besar dengan statistik dan algoritma.;Memprediksi gangguan jaringan, mendeteksi penipuan, atau merencanakan kapasitas.
123;Fase E;02;Perkembangan Teknologi di Bidang TJKT;35;AI (Artificial Intelligence / Kecerdasan Buatan);Kemampuan komputer meniru kecerdasan manusia: mengenali gambar/suara, memahami bahasa, mengambil keputusan. Contoh: asisten virtual, chatbot, deteksi wajah.;Otomasi pekerjaan, deteksi serangan siber, dan pengelolaan jaringan pintar (AIOps).
124;Fase E;02;Perkembangan Teknologi di Bidang TJKT;36;Machine Learning (Pembelajaran Mesin);Cabang AI di mana komputer belajar dari contoh data untuk membuat prediksi tanpa diprogram aturan satu per satu.;Mendeteksi trafik anomali/serangan, memfilter spam, dan mengoptimalkan kanal Wi-Fi.
125;Fase E;02;Perkembangan Teknologi di Bidang TJKT;37;Generative AI / LLM;AI yang dapat menghasilkan teks, gambar, kode, atau suara baru (contoh: ChatGPT, Gemini, Copilot). LLM (Large Language Model) adalah model bahasa besarnya.;"Membantu menulis skrip konfigurasi, menjelaskan log error, dan belajar; tetap harus diverifikasi oleh teknisi."
126;Fase E;02;Perkembangan Teknologi di Bidang TJKT;38;Blockchain;Buku besar digital terdistribusi yang mencatat transaksi dalam blok-blok berantai dan sulit diubah karena disimpan di banyak komputer sekaligus.;Dasar mata uang kripto dan sistem pencatatan yang butuh kepercayaan tanpa perantara.
127;Fase E;02;Perkembangan Teknologi di Bidang TJKT;39;AR dan VR (Augmented / Virtual Reality);AR menambahkan objek digital ke pandangan dunia nyata (misalnya lewat kamera HP). VR membawa pengguna ke dunia digital sepenuhnya dengan headset.;"Pelatihan teknisi, simulasi pemasangan, dan hiburan; membutuhkan jaringan berkecepatan tinggi dan latency rendah."
128;Fase E;02;Perkembangan Teknologi di Bidang TJKT;40;Metaverse;Dunia virtual bersama tempat orang berinteraksi lewat avatar secara real-time, gabungan VR, AR, dan internet.;Menunjukkan arah kebutuhan jaringan masa depan: bandwidth sangat besar dan latency sangat kecil.
129;Fase E;02;Perkembangan Teknologi di Bidang TJKT;41;Quantum Computing;Komputer yang memakai prinsip fisika kuantum (qubit) sehingga bisa menyelesaikan perhitungan tertentu jauh lebih cepat dari komputer biasa.;Berpotensi memecahkan enkripsi saat ini, sehingga mendorong lahirnya kriptografi tahan-kuantum.
130;Fase E;02;Perkembangan Teknologi di Bidang TJKT;42;1G sampai 5G (Generasi Jaringan Seluler);1G: suara analog. 2G (GSM): suara digital + SMS. 3G: data internet dasar. 4G LTE: internet cepat (puluhan–ratusan Mbps). 5G: sangat cepat (hingga Gbps), latency sangat rendah, mendukung jutaan perangkat IoT.;Memahami evolusi kemampuan jaringan seluler dan layanan yang dimungkinkan tiap generasi.
131;Fase E;02;Perkembangan Teknologi di Bidang TJKT;43;5G;Generasi kelima jaringan seluler dengan tiga keunggulan: eMBB (kecepatan sangat tinggi), URLLC (latency sangat rendah dan andal), mMTC (koneksi masif untuk IoT). Memakai frekuensi lebih tinggi termasuk mmWave.;Mendukung mobil otonom, operasi jarak jauh, pabrik pintar, dan video 4K/8K bergerak.
132;Fase E;02;Perkembangan Teknologi di Bidang TJKT;44;mmWave (Gelombang Milimeter);Pita frekuensi sangat tinggi (24–100 GHz) yang dipakai 5G untuk kecepatan ekstrem, tetapi jangkauannya pendek dan mudah terhalang tembok/hujan.;Kecepatan multi-Gbps di area padat seperti stadion atau pusat kota.
133;Fase E;02;Perkembangan Teknologi di Bidang TJKT;45;Microwave Link (Radio Link);Koneksi nirkabel titik-ke-titik memakai gelombang mikro (misalnya 5, 11, 18, 23 GHz) antara dua antena parabola yang saling berhadapan tanpa halangan (line of sight), jangkauan hingga puluhan km.;Menghubungkan BTS, kantor cabang, atau ISP antar-daerah tanpa menarik kabel.
134;Fase E;02;Perkembangan Teknologi di Bidang TJKT;46;Satelit LEO (Starlink, OneWeb);Internet dari ribuan satelit orbit rendah (sekitar 550 km) sehingga latency jauh lebih kecil (20–40 ms) dibanding satelit geostasioner (600 ms). Starlink resmi beroperasi di Indonesia sejak 2024.;Internet cepat di daerah terpencil, kapal, dan lokasi bencana.
135;Fase E;02;Perkembangan Teknologi di Bidang TJKT;47;VSAT (Very Small Aperture Terminal);Terminal antena parabola kecil (0,6–2,4 m) untuk komunikasi data lewat satelit geostasioner. Banyak dipakai untuk ATM, kantor di pulau terpencil, dan pertambangan.;Menyediakan koneksi di lokasi yang tidak terjangkau kabel maupun seluler.
136;Fase E;02;Perkembangan Teknologi di Bidang TJKT;48;Adopsi dan Migrasi IPv6;"Peralihan dunia dari IPv4 (32 bit, sudah habis dialokasikan sejak 2011) ke IPv6 (128 bit, contoh 2001:db8::1) yang jumlah alamatnya hampir tak terbatas. Adopsi global sudah melewati 45% lalu lintas Google; di Indonesia didorong APJII/IDNIC dan operator seluler besar, umumnya lewat dual stack.";Menyediakan alamat untuk miliaran perangkat IoT/5G, menghapus ketergantungan pada NAT/CGNAT, dan menjadi kompetensi wajib teknisi jaringan masa kini.
137;Fase E;02;Perkembangan Teknologi di Bidang TJKT;49;Wi-Fi 6 / 6E / 7;Generasi Wi-Fi terbaru: Wi-Fi 6 (802.11ax) lebih efisien di area padat, Wi-Fi 6E menambah pita 6 GHz, Wi-Fi 7 (802.11be) mencapai puluhan Gbps dengan Multi-Link Operation.;Menangani banyak perangkat sekaligus dengan kecepatan tinggi dan latency rendah.
138;Fase E;02;Perkembangan Teknologi di Bidang TJKT;50;Teknologi Serat Optik Terkini (GPON, XGS-PON, DWDM);"GPON memberi 2,5 Gbps unduh yang dibagi ke hingga 128 pelanggan; XGS-PON menaikkannya ke 10 Gbps simetris. DWDM menggabungkan puluhan warna cahaya dalam satu serat untuk kapasitas terabit di backbone.";"Menjadi tulang punggung FTTH dan internet nasional; keahlian FO sangat dibutuhkan."
139;Fase E;02;Perkembangan Teknologi di Bidang TJKT;51;FTTH (Fiber To The Home);Arsitektur jaringan yang menarik serat optik langsung sampai ke rumah pelanggan (bukan hanya sampai tiang atau kabinet). Varian lain: FTTB (gedung), FTTC (kabinet), disebut umum FTTx.;Internet rumahan berkecepatan ratusan Mbps hingga Gbps yang stabil.
140;Fase E;02;Perkembangan Teknologi di Bidang TJKT;52;Data Center Modern (Tier, Hyperscale, Green);Data center kini dinilai berdasarkan Tier I–IV (keandalan), berukuran hyperscale (puluhan ribu server milik Google/AWS/Microsoft), dan menerapkan green data center (hemat energi, pendingin efisien, energi terbarukan).;"Menopang cloud, AI, dan layanan digital; peluang kerja teknisi data center di Indonesia meningkat."
141;Fase E;02;Perkembangan Teknologi di Bidang TJKT;53;SDN (Software Defined Networking);"Pendekatan jaringan yang memisahkan ""otak"" (control plane) dari ""otot"" (data plane) sehingga seluruh jaringan dikendalikan terpusat lewat perangkat lunak (controller).";Konfigurasi ratusan perangkat sekaligus, jaringan lebih lincah dan otomatis.
142;Fase E;02;Perkembangan Teknologi di Bidang TJKT;54;NFV (Network Functions Virtualization);Menjalankan fungsi jaringan (router, firewall, load balancer) sebagai perangkat lunak di server biasa, bukan perangkat keras khusus.;Menghemat biaya dan mempercepat penggelaran layanan baru di ISP/operator.
143;Fase E;02;Perkembangan Teknologi di Bidang TJKT;55;SD-WAN;Teknologi WAN berbasis perangkat lunak yang menggabungkan beberapa jalur (fiber, 4G/5G, broadband) dan memilih jalur terbaik secara otomatis untuk tiap aplikasi.;Menghubungkan kantor cabang dengan lebih murah dan andal dibanding sewa jalur khusus.
144;Fase E;02;Perkembangan Teknologi di Bidang TJKT;56;Otomasi Jaringan (Network Automation);Penggunaan skrip dan alat (Python, Ansible, API RouterOS) untuk mengonfigurasi dan memeriksa banyak perangkat secara otomatis, menggantikan pengetikan manual satu per satu.;"Mengurangi kesalahan manusia dan menghemat waktu; keterampilan baru yang dicari industri."
145;Fase E;02;Perkembangan Teknologi di Bidang TJKT;57;API (Application Programming Interface);"""Pintu"" yang disediakan perangkat/aplikasi agar program lain bisa berkomunikasi dengannya, misalnya REST API MikroTik untuk membuat user hotspot dari aplikasi.";Menghubungkan sistem yang berbeda dan menjadi dasar otomasi.
146;Fase E;02;Perkembangan Teknologi di Bidang TJKT;58;Keamanan Informasi (Information Security);Upaya melindungi informasi dari akses, perubahan, atau perusakan yang tidak sah dengan menjaga kerahasiaan, keutuhan, dan ketersediaannya (prinsip CIA). Isu terkini: kebocoran data, ransomware, penipuan daring.;"Melindungi data pribadi, keuangan, dan operasional organisasi; menjadi kewajiban hukum (UU PDP)."
147;Fase E;02;Perkembangan Teknologi di Bidang TJKT;59;Cybersecurity (Keamanan Siber);Cabang keamanan informasi yang berfokus melindungi sistem, jaringan, dan perangkat dari serangan digital.;Semakin banyak perangkat terhubung, semakin besar kebutuhan tenaga keamanan siber.
148;Fase E;02;Perkembangan Teknologi di Bidang TJKT;60;Zero Trust;"Model keamanan modern yang tidak mempercayai siapa pun secara otomatis, baik dari luar maupun dalam jaringan; setiap akses harus diverifikasi identitas dan perangkatnya.";Mengurangi dampak jika satu akun atau perangkat diretas.
149;Fase E;02;Perkembangan Teknologi di Bidang TJKT;61;Open Source (Sumber Terbuka);Perangkat lunak yang kode sumbernya bebas dilihat, diubah, dan dibagikan, misalnya Linux, Apache, MySQL, Proxmox, pfSense, Zabbix.;Menekan biaya lisensi dan menjadi sarana belajar yang sangat kaya.
150;Fase E;02;Perkembangan Teknologi di Bidang TJKT;62;Green Computing / Green IT;Praktik memakai teknologi secara ramah lingkungan: perangkat hemat energi, pendingin efisien, daur ulang e-waste, dan virtualisasi untuk mengurangi jumlah server fisik.;"Menekan biaya listrik dan dampak lingkungan; berkaitan dengan K3LH."
151;Fase E;02;Perkembangan Teknologi di Bidang TJKT;63;E-Commerce dan Fintech;E-commerce: jual beli lewat internet (Tokopedia, Shopee). Fintech: layanan keuangan digital (dompet digital, QRIS, pinjaman online).;"Contoh layanan yang sangat bergantung pada jaringan andal dan aman; peluang usaha digital."
152;Fase E;02;Perkembangan Teknologi di Bidang TJKT;64;Video Conference dan Kerja Jarak Jauh (WFH);Rapat/pembelajaran lewat video (Zoom, Google Meet, Teams) dan bekerja dari rumah, yang meledak sejak pandemi.;Menuntut bandwidth unggah yang cukup, latency rendah, dan VPN yang aman.
153;Fase E;02;Perkembangan Teknologi di Bidang TJKT;65;Streaming dan CDN (Content Delivery Network);Streaming adalah pemutaran video/audio langsung tanpa mengunduh utuh (YouTube, Netflix, Spotify). CDN adalah jaringan server penyalin konten yang tersebar dekat pengguna (Cloudflare, Akamai, Google Cache).;"Video lancar dan cepat karena diambil dari server terdekat; ISP memasang cache lokal untuk menghemat bandwidth."
154;Fase E;02;Perkembangan Teknologi di Bidang TJKT;66;Drone dan Kendaraan Otonom;"Drone adalah pesawat tanpa awak; kendaraan otonom mengemudi sendiri dengan sensor dan AI. Keduanya butuh komunikasi nirkabel andal.";"Contoh aplikasi 5G/edge; drone juga dipakai untuk inspeksi tower dan pemetaan jalur kabel."
155;Fase E;02;Perkembangan Teknologi di Bidang TJKT;67;Digital Twin;Salinan digital dari objek/sistem fisik (pabrik, jaringan, gedung) yang diperbarui data sensor secara real-time untuk simulasi dan prediksi.;Menguji perubahan jaringan/pabrik secara virtual sebelum diterapkan sungguhan.
156;Fase E;02;Perkembangan Teknologi di Bidang TJKT;68;Web3 dan Desentralisasi;Visi internet generasi berikutnya yang berbasis blockchain, di mana pengguna memiliki data dan identitasnya sendiri tanpa bergantung pada perusahaan besar.;Memahami arah perkembangan layanan internet dan isu kepemilikan data.
157;Fase E;03;K3LH dan Budaya Kerja Industri;1;K3LH (Keselamatan dan Kesehatan Kerja serta Lingkungan Hidup);Upaya menjamin keselamatan dan kesehatan pekerja, orang lain di tempat kerja, serta kelestarian lingkungan selama pekerjaan berlangsung. Diatur antara lain dalam UU No. 1 Tahun 1970 tentang Keselamatan Kerja.;Mencegah kecelakaan, penyakit akibat kerja, kerusakan alat, dan pencemaran lingkungan.
158;Fase E;03;K3LH dan Budaya Kerja Industri;2;Kecelakaan Kerja;Kejadian tidak terduga saat bekerja yang menimbulkan cedera, kerusakan, atau kerugian, misalnya tersengat listrik saat memperbaiki PSU, jatuh dari tangga saat memasang access point.;Memahaminya membantu mengenali penyebab (tindakan tidak aman dan kondisi tidak aman) agar bisa dicegah.
159;Fase E;03;K3LH dan Budaya Kerja Industri;3;Bahaya (Hazard);Segala sesuatu yang berpotensi menimbulkan cedera atau kerusakan: kabel listrik terkelupas, lantai basah di ruang server, serpihan serat optik, sinar laser, beban berat.;Langkah pertama K3 adalah mengenali bahaya sebelum bekerja.
160;Fase E;03;K3LH dan Budaya Kerja Industri;4;Risiko (Risk);Besarnya kemungkinan bahaya benar-benar terjadi dikalikan tingkat keparahannya. Bahaya yang sama bisa berisiko berbeda tergantung cara kerja dan perlindungan yang dipakai.;Menentukan prioritas pengendalian: risiko tinggi harus ditangani lebih dulu.
161;Fase E;03;K3LH dan Budaya Kerja Industri;5;Identifikasi Bahaya dan Penilaian Risiko (HIRA / JSA);Prosedur menganalisis tiap langkah pekerjaan (Job Safety Analysis), mengenali bahayanya, menilai risikonya, dan menentukan pengendaliannya sebelum pekerjaan dimulai.;Membuat pekerjaan seperti pemasangan tower atau penggelaran kabel lebih terencana dan aman.
162;Fase E;03;K3LH dan Budaya Kerja Industri;6;Hierarki Pengendalian Risiko;Urutan cara mengendalikan bahaya dari yang paling efektif: eliminasi (hilangkan), substitusi (ganti), rekayasa teknik (pelindung mesin, grounding), administratif (SOP, pelatihan, rambu), dan terakhir APD.;APD adalah lapisan pertahanan terakhir, bukan satu-satunya.
163;Fase E;03;K3LH dan Budaya Kerja Industri;7;APD (Alat Pelindung Diri);Perlengkapan yang dipakai pekerja untuk melindungi tubuh: helm, kacamata pelindung, sarung tangan, sepatu safety, rompi, masker, body harness (pekerjaan ketinggian), gelang anti-statis.;Mengurangi keparahan cedera jika bahaya tidak bisa dihilangkan sepenuhnya.
164;Fase E;03;K3LH dan Budaya Kerja Industri;8;Kacamata Pelindung (Safety Goggles);Kacamata untuk melindungi mata dari serpihan serat optik, percikan saat memotong/mengebor, debu, dan cahaya laser.;Mencegah cedera mata yang sering permanen.
165;Fase E;03;K3LH dan Budaya Kerja Industri;9;Sepatu Safety;Sepatu berujung pelindung (baja/komposit) dan sol anti-slip serta isolasi listrik.;Melindungi kaki dari benda jatuh, tertusuk, terpeleset, dan sengatan listrik.
166;Fase E;03;K3LH dan Budaya Kerja Industri;10;Body Harness dan Lanyard;Sabuk pengaman seluruh tubuh dengan tali penghubung (lanyard) yang dikaitkan ke titik angkur saat bekerja di ketinggian lebih dari 1,8 m (tower, tiang, plafon).;"Menahan tubuh agar tidak jatuh; wajib untuk rigger/teknisi tower."
167;Fase E;03;K3LH dan Budaya Kerja Industri;11;ESD (Electrostatic Discharge / Listrik Statis);Lompatan muatan listrik statis dari tubuh (bisa ribuan volt meski tidak terasa) ke komponen elektronik yang dapat merusak RAM, prosesor, atau motherboard secara tidak kasat mata.;Memahaminya membuat teknisi selalu menetralkan diri sebelum menyentuh komponen.
168;Fase E;03;K3LH dan Budaya Kerja Industri;12;Gelang Anti-Statis (ESD Wrist Strap) dan ESD Mat;"Gelang berkabel yang dihubungkan ke ground (atau casing) untuk membuang listrik statis dari tubuh; ESD mat adalah alas kerja anti-statis.";Melindungi komponen komputer saat perakitan dan perbaikan.
169;Fase E;03;K3LH dan Budaya Kerja Industri;13;Grounding / Pentanahan (Arde);Sambungan sistem listrik atau perangkat ke tanah melalui batang tembaga (ground rod) agar arus bocor dan petir mengalir ke bumi, bukan ke manusia atau perangkat. Nilai tahanan yang baik umumnya di bawah 5 ohm (idealnya kurang dari 1 ohm untuk data center).;Mencegah sengatan listrik, melindungi perangkat dari petir, dan mengurangi gangguan sinyal.
170;Fase E;03;K3LH dan Budaya Kerja Industri;14;Penangkal Petir dan Surge Arrester;"Penangkal petir mengarahkan sambaran ke tanah melalui jalur khusus; surge arrester/protector memotong lonjakan tegangan pada jalur listrik, kabel LAN outdoor, atau antena.";Melindungi router, switch, radio outdoor, dan ONT dari kerusakan akibat petir (penyebab kerusakan nomor satu di jaringan luar ruang).
171;Fase E;03;K3LH dan Budaya Kerja Industri;15;Sengatan Listrik (Electric Shock);Arus listrik mengalir melalui tubuh saat menyentuh bagian bertegangan. Arus 30 mA saja sudah bisa mematikan. PSU komputer menyimpan tegangan tinggi di kapasitor meski sudah dicabut.;Selalu matikan dan cabut sumber listrik, gunakan alat berisolasi, dan jangan membuka PSU tanpa keahlian.
172;Fase E;03;K3LH dan Budaya Kerja Industri;16;Korsleting (Hubung Singkat / Short Circuit);Kontak langsung antara kabel positif dan negatif/fasa dan netral sehingga arus melonjak sangat besar, memicu panas dan kebakaran.;Pencegahan: kabel berisolasi baik, tidak menumpuk beban di satu stopkontak, MCB berfungsi.
173;Fase E;03;K3LH dan Budaya Kerja Industri;17;MCB (Miniature Circuit Breaker);Sakelar pengaman otomatis yang memutus listrik saat arus melebihi batas (beban lebih atau korsleting).;Mencegah kebakaran dan kerusakan perangkat akibat arus berlebih.
174;Fase E;03;K3LH dan Budaya Kerja Industri;18;ELCB / RCD (Earth Leakage Circuit Breaker);Pengaman yang memutus listrik dalam sekejap ketika mendeteksi arus bocor ke tanah (misalnya melalui tubuh manusia).;Melindungi manusia dari sengatan listrik, pelengkap MCB.
175;Fase E;03;K3LH dan Budaya Kerja Industri;19;Stabilizer / Stavolt (AVR);Alat penstabil tegangan listrik PLN yang naik-turun agar tetap sekitar 220 V.;Melindungi komputer, server, dan perangkat jaringan dari tegangan tidak stabil.
176;Fase E;03;K3LH dan Budaya Kerja Industri;20;UPS (Uninterruptible Power Supply);Perangkat berbaterai yang langsung memberi daya cadangan saat listrik padam (beberapa menit hingga jam) sekaligus menstabilkan tegangan.;Memberi waktu mematikan server dengan benar dan menjaga router/switch tetap hidup saat listrik berkedip.
177;Fase E;03;K3LH dan Budaya Kerja Industri;21;Genset (Generator Set);Mesin pembangkit listrik cadangan berbahan bakar yang menyala otomatis (dengan ATS) saat PLN padam lama.;Menjaga data center, NOC, dan BTS tetap beroperasi berjam-jam.
178;Fase E;03;K3LH dan Budaya Kerja Industri;22;Ergonomi;Ilmu menyesuaikan pekerjaan, alat, dan lingkungan dengan tubuh manusia: posisi duduk tegak, layar sejajar mata, keyboard sejajar siku, istirahat mata (aturan 20-20-20).;Mencegah nyeri punggung, cedera pergelangan (CTS), dan kelelahan mata pada pekerja komputer.
179;Fase E;03;K3LH dan Budaya Kerja Industri;23;Ruang Server yang Sehat;Ruang server perlu suhu 18–27 °C (rekomendasi ASHRAE), kelembaban sekitar 40–60%, bebas debu, pencahayaan cukup, akses terbatas, dan alat pemadam khusus.;Perangkat tidak overheat, tidak berkarat, dan aman dari gangguan orang tak berwenang.
180;Fase E;03;K3LH dan Budaya Kerja Industri;24;Overheat (Panas Berlebih);Kondisi perangkat bekerja di atas suhu aman karena pendingin kotor, ventilasi buruk, atau beban tinggi, menyebabkan lambat, mati mendadak, atau rusak permanen.;Perawatan rutin membersihkan debu dan menjaga aliran udara mencegahnya.
181;Fase E;03;K3LH dan Budaya Kerja Industri;25;APAR (Alat Pemadam Api Ringan);"Tabung pemadam kebakaran portabel. Untuk ruang komputer/server gunakan jenis CO2 atau clean agent (FM-200/Novec) yang tidak merusak elektronik dan tidak menghantar listrik; jangan gunakan air.";"Memadamkan api kecil sebelum membesar; teknisi wajib tahu cara pakainya (PASS: Pull, Aim, Squeeze, Sweep)."
182;Fase E;03;K3LH dan Budaya Kerja Industri;26;Kelas Kebakaran;Penggolongan api berdasarkan bahan: A (padat: kertas, kayu), B (cair: bensin, oli), C (listrik/elektronik), D (logam). Ruang jaringan berisiko kelas C.;"Memilih APAR yang tepat; salah jenis bisa memperparah."
183;Fase E;03;K3LH dan Budaya Kerja Industri;27;P3K (Pertolongan Pertama pada Kecelakaan);Tindakan awal menolong korban sebelum tenaga medis tiba: menangani luka sayat, sengatan listrik, pingsan, atau terkena mata. Kotak P3K wajib tersedia di bengkel.;Mengurangi keparahan cedera dan menyelamatkan nyawa.
184;Fase E;03;K3LH dan Budaya Kerja Industri;28;Rambu K3 (Safety Sign);Tanda visual berwarna standar: merah (larangan/bahaya kebakaran), kuning (peringatan, misalnya tegangan tinggi), biru (kewajiban, misalnya pakai helm), hijau (informasi darurat/jalur evakuasi).;Mengingatkan bahaya dan aturan tanpa perlu kata-kata panjang.
185;Fase E;03;K3LH dan Budaya Kerja Industri;29;LOTO (Lock Out Tag Out);Prosedur mengunci dan memberi label pada sumber listrik/mesin yang sedang diperbaiki agar tidak dinyalakan orang lain secara tidak sengaja.;Mencegah kecelakaan saat pemeliharaan panel listrik atau perangkat besar.
186;Fase E;03;K3LH dan Budaya Kerja Industri;30;Bahaya Laser Serat Optik;Cahaya di serat optik (terutama 1310/1550 nm) tidak terlihat mata tetapi dapat merusak retina secara permanen. Jangan pernah melihat ujung serat/konektor/port aktif secara langsung.;"Melindungi mata teknisi FO; gunakan power meter untuk mengecek, bukan mata."
187;Fase E;03;K3LH dan Budaya Kerja Industri;31;Serpihan Serat Optik (Fiber Shards);Potongan kaca sangat halus hasil cleaving yang bisa menembus kulit, tertelan, atau masuk mata dan sangat sulit dikeluarkan.;Selalu buang ke wadah khusus (sharps container), pakai kacamata, jangan makan/minum di area splicing.
188;Fase E;03;K3LH dan Budaya Kerja Industri;32;Bekerja di Ketinggian (Working at Height);Pekerjaan di tempat yang berisiko jatuh: tower, tiang, atap, tangga, plafon. Wajib pakai harness, helm, tangga yang kokoh, dan sistem buddy (tidak sendirian).;Jatuh dari ketinggian adalah penyebab kematian kerja terbesar di konstruksi/telekomunikasi.
189;Fase E;03;K3LH dan Budaya Kerja Industri;33;Ruang Terbatas (Confined Space);Area sempit dengan ventilasi buruk seperti manhole kabel, plafon, atau shaft, yang bisa mengandung gas beracun atau kekurangan oksigen.;Perlu izin kerja, pengukuran gas, dan pengawas sebelum masuk.
190;Fase E;03;K3LH dan Budaya Kerja Industri;34;Manual Handling (Mengangkat Beban);Teknik mengangkat barang berat (server, UPS, gulungan kabel) dengan punggung lurus, lutut ditekuk, beban dekat tubuh, dan minta bantuan jika lebih dari 20–25 kg.;Mencegah cedera punggung yang bisa menetap seumur hidup.
191;Fase E;03;K3LH dan Budaya Kerja Industri;35;SOP (Standar Operasional Prosedur);Dokumen langkah-langkah baku mengerjakan suatu tugas agar hasilnya aman, konsisten, dan sesuai standar, misalnya SOP perakitan PC, SOP splicing FO, SOP perubahan konfigurasi router.;Mengurangi kesalahan, memudahkan pelatihan, dan menjadi acuan saat audit.
192;Fase E;03;K3LH dan Budaya Kerja Industri;36;Izin Kerja (Work Permit);Surat izin resmi sebelum pekerjaan berisiko tinggi (ketinggian, listrik, ruang terbatas, area pelanggan) yang memastikan syarat keselamatan sudah dipenuhi.;Memastikan semua pihak tahu ada pekerjaan dan risikonya sudah dikendalikan.
193;Fase E;03;K3LH dan Budaya Kerja Industri;37;Budaya Kerja Industri;Nilai dan kebiasaan yang dituntut dunia industri: disiplin waktu, tanggung jawab, kerja tim, komunikasi, kepatuhan SOP, kerapian, dan orientasi mutu serta keselamatan.;Membuat lulusan SMK cepat beradaptasi dan dipercaya di tempat kerja.
194;Fase E;03;K3LH dan Budaya Kerja Industri;38;5R / 5S;Budaya kerja dari Jepang: Ringkas (Seiri: singkirkan yang tidak perlu), Rapi (Seiton: tempatkan dengan teratur), Resik (Seiso: bersihkan), Rawat (Seiketsu: pertahankan standar), Rajin (Shitsuke: jadikan kebiasaan).;Bengkel dan ruang server jadi aman, alat mudah ditemukan, dan kerja lebih efisien.
195;Fase E;03;K3LH dan Budaya Kerja Industri;39;Kaizen (Perbaikan Berkelanjutan);Filosofi melakukan perbaikan kecil terus-menerus dalam cara kerja, misalnya memperbaiki label kabel setiap kali menemukan yang tidak jelas.;Kualitas kerja terus meningkat tanpa perubahan besar yang mahal.
196;Fase E;03;K3LH dan Budaya Kerja Industri;40;Housekeeping (Kerapian Area Kerja);Menjaga area kerja bersih dan tertata: kabel tidak berserakan di lantai, alat dikembalikan, sampah dibuang, tumpahan segera dibersihkan.;Mencegah tersandung, kebakaran, dan kehilangan alat.
197;Fase E;03;K3LH dan Budaya Kerja Industri;41;Manajemen Kabel (Cable Management);Merapikan kabel dengan cable tie/velcro, duct, tray, label, dan jalur yang teratur di rak maupun ruangan.;Selain rapi dan aman, memudahkan pelacakan saat gangguan dan menjaga aliran udara pendingin.
198;Fase E;03;K3LH dan Budaya Kerja Industri;42;Perawatan Alat (Tool Maintenance);Membersihkan, menyimpan di tempat semestinya, mengkalibrasi, dan memeriksa kondisi alat ukur/alat kerja secara berkala (misalnya baterai multimeter, pisau cleaver, elektroda splicer).;Alat awet, hasil ukur akurat, dan tidak membahayakan pemakai.
199;Fase E;03;K3LH dan Budaya Kerja Industri;43;Kalibrasi;Membandingkan hasil ukur suatu alat dengan standar acuan lalu menyetelnya agar akurat, dilakukan berkala oleh lembaga/tenaga berwenang.;Menjamin hasil pengukuran (redaman FO, tegangan, panjang kabel) dapat dipercaya.
200;Fase E;03;K3LH dan Budaya Kerja Industri;44;E-Waste (Limbah Elektronik);Perangkat elektronik bekas/rusak (komputer, baterai UPS, kabel, ONT) yang mengandung bahan berbahaya seperti timbal dan merkuri sehingga tidak boleh dibuang sembarangan.;Harus disalurkan ke pengelola limbah B3/daur ulang resmi untuk melindungi lingkungan.
201;Fase E;03;K3LH dan Budaya Kerja Industri;45;Limbah B3 (Bahan Berbahaya dan Beracun);Limbah yang sifatnya beracun, mudah terbakar, korosif, atau reaktif, misalnya aki/baterai bekas, toner, cairan pembersih kimia.;Penyimpanan dan pembuangannya wajib mengikuti aturan lingkungan hidup.
202;Fase E;03;K3LH dan Budaya Kerja Industri;46;3R (Reduce, Reuse, Recycle);Prinsip pengelolaan lingkungan: kurangi pemakaian (Reduce), pakai ulang (Reuse: perangkat lama untuk lab), daur ulang (Recycle: logam dari kabel).;Menekan sampah elektronik dan biaya.
203;Fase E;03;K3LH dan Budaya Kerja Industri;47;Hemat Energi di Jaringan;Praktik seperti mematikan port/perangkat yang tidak dipakai, memilih perangkat berlabel hemat energi, mengatur suhu AC secukupnya, dan virtualisasi server.;Mengurangi tagihan listrik dan jejak karbon organisasi.
204;Fase E;03;K3LH dan Budaya Kerja Industri;48;Etika Kerja dan Integritas;Bekerja jujur (melaporkan apa adanya), menjaga kerahasiaan data pelanggan, tidak memakai fasilitas kantor untuk kepentingan pribadi, dan mengakui kesalahan.;Kepercayaan adalah modal utama teknisi yang memegang akses ke seluruh jaringan.
205;Fase E;03;K3LH dan Budaya Kerja Industri;49;Komunikasi Kerja (Briefing, Laporan, Toolbox Meeting);"Briefing sebelum kerja menjelaskan tugas dan risiko; toolbox meeting adalah pengarahan K3 singkat di lokasi; laporan kerja mencatat hasil dan kendala.";Semua anggota tim memahami tugas, bahaya, dan kemajuan pekerjaan.
206;Fase E;03;K3LH dan Budaya Kerja Industri;50;Tanggap Darurat dan Jalur Evakuasi;Rencana menghadapi kebakaran, gempa, atau kecelakaan: titik kumpul, jalur evakuasi, nomor darurat, dan petugas yang bertanggung jawab.;Meminimalkan korban saat keadaan darurat di gedung/data center.
207;Fase E;03;K3LH dan Budaya Kerja Industri;51;Kesehatan Kerja Digital;Menjaga kesehatan pekerja komputer: istirahat berkala, peregangan, batas jam layar, kualitas tidur, dan pengelolaan stres.;Produktivitas jangka panjang dan mencegah kelelahan kronis.
208;Fase E;03;K3LH dan Budaya Kerja Industri;52;Kartu Identitas dan Kontrol Akses Fisik;"Tanda pengenal serta sistem kunci/kartu/sidik jari untuk ruang server, NOC, dan data center; tamu wajib didampingi dan dicatat.";Mencegah orang tak berwenang menyentuh perangkat kritis.
209;Fase E;04;Perangkat Keras Komputer dan Perakitan;1;Komputer;Perangkat elektronik yang menerima masukan (input), mengolahnya (proses), menyimpan, dan menghasilkan keluaran (output) berdasarkan program. Bentuknya: desktop, laptop, server, mini PC, hingga ponsel pintar.;"Alat kerja utama dan sekaligus ""penghuni"" jaringan yang akan kamu kelola."
210;Fase E;04;Perangkat Keras Komputer dan Perakitan;2;Hardware (Perangkat Keras);Semua bagian fisik komputer yang bisa disentuh: prosesor, RAM, motherboard, hard disk, casing, monitor, kabel.;Menjalankan perintah perangkat lunak secara fisik.
211;Fase E;04;Perangkat Keras Komputer dan Perakitan;3;Software (Perangkat Lunak);Program/instruksi yang menjalankan hardware: sistem operasi, driver, aplikasi. Tidak berwujud fisik.;"Memberi ""perintah"" kepada hardware agar berguna bagi pengguna."
212;Fase E;04;Perangkat Keras Komputer dan Perakitan;4;Brainware;Manusia yang mengoperasikan dan mengelola komputer: pengguna, teknisi, administrator, programmer.;Tanpa brainware, hardware dan software tidak menghasilkan apa-apa.
213;Fase E;04;Perangkat Keras Komputer dan Perakitan;5;Perangkat Input;Alat memasukkan data ke komputer: keyboard, mouse, scanner, mikrofon, kamera, touchscreen, barcode reader.;Menerjemahkan tindakan manusia menjadi data digital.
214;Fase E;04;Perangkat Keras Komputer dan Perakitan;6;Perangkat Output;Alat menampilkan hasil olahan: monitor, printer, speaker, proyektor.;Menyampaikan hasil pemrosesan kepada manusia.
215;Fase E;04;Perangkat Keras Komputer dan Perakitan;7;Perangkat Proses;Komponen yang mengolah data: CPU (pengolah utama), GPU (pengolah grafis), chipset, RAM sebagai memori kerja.;Inti dari kecepatan dan kemampuan komputer.
216;Fase E;04;Perangkat Keras Komputer dan Perakitan;8;Perangkat Penyimpanan (Storage);Media menyimpan data secara permanen: HDD, SSD, flashdisk, kartu memori, DVD. Berbeda dengan RAM yang hilang saat listrik mati.;Menyimpan sistem operasi, aplikasi, dan file pengguna.
217;Fase E;04;Perangkat Keras Komputer dan Perakitan;9;CPU (Central Processing Unit / Prosesor);"""Otak"" komputer yang menjalankan instruksi program dan perhitungan. Merek utama: Intel (Core i3/i5/i7/i9, Xeon untuk server) dan AMD (Ryzen, EPYC untuk server).";Menentukan seberapa cepat komputer mengolah data.
218;Fase E;04;Perangkat Keras Komputer dan Perakitan;10;Core dan Thread;"Core adalah inti pemroses fisik di dalam CPU; thread adalah jalur eksekusi yang bisa dijalankan tiap core (Hyper-Threading/SMT membuat 1 core menangani 2 thread). CPU 4 core 8 thread bisa mengerjakan 8 tugas ""sekaligus"".";Semakin banyak core/thread, semakin lancar multitasking dan aplikasi server.
219;Fase E;04;Perangkat Keras Komputer dan Perakitan;11;Clock Speed (GHz);"Kecepatan detak prosesor dalam gigahertz (miliar siklus per detik), misalnya 3,5 GHz. Bukan satu-satunya penentu performa; arsitektur dan jumlah core juga berpengaruh.";Ukuran kasar kecepatan CPU mengerjakan satu tugas.
220;Fase E;04;Perangkat Keras Komputer dan Perakitan;12;Cache Memory;Memori sangat cepat berukuran kecil di dalam CPU (L1, L2, L3) untuk menyimpan data yang sering dipakai agar tidak perlu bolak-balik ke RAM.;Mempercepat kerja prosesor secara signifikan.
221;Fase E;04;Perangkat Keras Komputer dan Perakitan;13;Socket Prosesor;"Dudukan di motherboard tempat CPU dipasang; tiap generasi punya tipe berbeda (misalnya Intel LGA1700, AMD AM5) dan tidak saling cocok.";Memastikan CPU dan motherboard kompatibel saat merakit.
222;Fase E;04;Perangkat Keras Komputer dan Perakitan;14;Motherboard (Mainboard);Papan sirkuit utama tempat semua komponen terpasang dan saling terhubung: socket CPU, slot RAM, slot ekspansi, port SATA/M.2, chipset, dan port belakang (I/O).;"Menjadi ""jalan raya"" komunikasi antar-komponen."
223;Fase E;04;Perangkat Keras Komputer dan Perakitan;15;Form Factor (ATX, Micro-ATX, Mini-ITX);Standar ukuran motherboard dan casing: ATX (besar, banyak slot), Micro-ATX (sedang), Mini-ITX (kecil).;Menentukan casing dan PSU yang cocok saat merakit.
224;Fase E;04;Perangkat Keras Komputer dan Perakitan;16;Chipset;Kumpulan chip pada motherboard yang mengatur komunikasi antara CPU dengan RAM, storage, USB, dan slot ekspansi.;Menentukan fitur yang didukung motherboard (jumlah port, kecepatan, overclock).
225;Fase E;04;Perangkat Keras Komputer dan Perakitan;17;BIOS (Basic Input Output System);Firmware lama pada chip motherboard yang pertama kali berjalan saat komputer dinyalakan, mengecek hardware, lalu memuat sistem operasi. Diakses dengan tombol Del/F2 saat booting.;Mengatur urutan boot, tanggal/jam, mengaktifkan perangkat, dan pengaturan dasar hardware.
226;Fase E;04;Perangkat Keras Komputer dan Perakitan;18;UEFI (Unified Extensible Firmware Interface);Pengganti BIOS modern dengan tampilan grafis, dukungan mouse, disk di atas 2 TB (GPT), booting lebih cepat, dan fitur Secure Boot.;Fungsi sama seperti BIOS tetapi lebih aman dan canggih.
227;Fase E;04;Perangkat Keras Komputer dan Perakitan;19;Secure Boot;Fitur UEFI yang hanya mengizinkan sistem operasi/boot loader bertanda tangan digital sah untuk dijalankan.;"Mencegah malware yang menyusup saat booting; kadang perlu dinonaktifkan saat instalasi Linux tertentu."
228;Fase E;04;Perangkat Keras Komputer dan Perakitan;20;CMOS dan Baterai CMOS;Chip memori kecil penyimpan pengaturan BIOS dan jam, ditenagai baterai koin CR2032. Jika baterai habis, jam kembali ke 2000-an dan pengaturan hilang.;"Menjaga pengaturan BIOS tetap tersimpan saat komputer dimatikan; melepasnya sebentar dapat mereset BIOS."
229;Fase E;04;Perangkat Keras Komputer dan Perakitan;21;POST (Power On Self Test);Pemeriksaan otomatis hardware (CPU, RAM, VGA, keyboard) yang dilakukan BIOS/UEFI saat komputer dinyalakan sebelum memuat OS.;"Mendeteksi kerusakan dini; kegagalan ditandai bunyi beep atau pesan error."
230;Fase E;04;Perangkat Keras Komputer dan Perakitan;22;Beep Code;Kode bunyi dari speaker motherboard saat POST gagal, misalnya beep panjang berulang = masalah RAM (tergantung merek BIOS: AMI, Award, Phoenix).;Membantu teknisi menebak komponen bermasalah tanpa layar.
231;Fase E;04;Perangkat Keras Komputer dan Perakitan;23;RAM (Random Access Memory);"Memori kerja sementara tempat OS dan aplikasi yang sedang berjalan disimpan; isinya hilang saat listrik mati. Kapasitas umum 8–32 GB untuk PC, ratusan GB untuk server.";Semakin besar RAM, semakin banyak aplikasi/VM bisa berjalan lancar bersamaan.
232;Fase E;04;Perangkat Keras Komputer dan Perakitan;24;DDR3 / DDR4 / DDR5;"Generasi modul RAM dengan kecepatan dan tegangan berbeda; bentuk slotnya berbeda sehingga tidak bisa saling tukar. Laptop memakai bentuk kecil SO-DIMM.";Memastikan RAM yang dibeli cocok dengan motherboard.
233;Fase E;04;Perangkat Keras Komputer dan Perakitan;25;Dual Channel;Memasang dua keping RAM identik pada slot berpasangan agar data mengalir lewat dua jalur sekaligus.;Menaikkan kecepatan memori tanpa biaya tambahan.
234;Fase E;04;Perangkat Keras Komputer dan Perakitan;26;ROM (Read Only Memory);Memori permanen yang isinya tidak hilang saat mati dan umumnya hanya dibaca, dipakai untuk menyimpan firmware (BIOS/UEFI).;Menyimpan program dasar agar komputer bisa menyala.
235;Fase E;04;Perangkat Keras Komputer dan Perakitan;27;Firmware;Perangkat lunak tingkat rendah yang tertanam di chip perangkat (BIOS, firmware router, SSD, printer) dan mengendalikan hardware secara langsung.;"Menghidupkan dan mengatur perangkat; pembaruan firmware memperbaiki bug dan celah keamanan."
236;Fase E;04;Perangkat Keras Komputer dan Perakitan;28;Slot Ekspansi (PCIe);Slot pada motherboard untuk menambah kartu: PCI Express x16 (kartu grafis), x1/x4 (LAN card, sound card, SSD NVMe adapter). Generasi PCIe 3.0/4.0/5.0 makin cepat.;Memperluas kemampuan komputer, misalnya menambah port LAN 10 Gbps.
237;Fase E;04;Perangkat Keras Komputer dan Perakitan;29;GPU / VGA Card (Kartu Grafis);Prosesor khusus untuk mengolah gambar dan tampilan ke monitor. Ada yang terintegrasi di CPU (onboard) dan yang terpisah (NVIDIA GeForce, AMD Radeon).;"Menampilkan gambar; GPU kuat juga dipakai untuk AI dan rendering."
238;Fase E;04;Perangkat Keras Komputer dan Perakitan;30;NIC / LAN Card (Network Interface Card);Kartu antarmuka jaringan yang menghubungkan komputer ke jaringan kabel (port RJ-45, umumnya 1 Gbps) atau nirkabel (Wi-Fi adapter). Setiap NIC memiliki alamat MAC unik.;Pintu keluar-masuk data komputer ke jaringan.
239;Fase E;04;Perangkat Keras Komputer dan Perakitan;31;Wireless Adapter (Wi-Fi Card / USB Wi-Fi);NIC nirkabel berbentuk kartu PCIe/M.2 atau USB dengan antena, mendukung standar Wi-Fi tertentu (Wi-Fi 5/6).;Menghubungkan komputer ke jaringan Wi-Fi tanpa kabel.
240;Fase E;04;Perangkat Keras Komputer dan Perakitan;32;Sound Card;"Kartu/chip pengolah suara untuk mikrofon dan speaker; hampir semua motherboard sudah memilikinya secara onboard.";Input/output audio, penting untuk VoIP dan video conference.
241;Fase E;04;Perangkat Keras Komputer dan Perakitan;33;HDD (Hard Disk Drive);Penyimpanan berupa piringan magnetik berputar (5.400–7.200 rpm) dengan kapasitas besar (1–20 TB) dan harga murah per GB, tetapi lambat dan rentan guncangan.;Menyimpan data besar seperti backup, arsip, dan rekaman CCTV.
242;Fase E;04;Perangkat Keras Komputer dan Perakitan;34;SSD (Solid State Drive);Penyimpanan berbasis chip flash tanpa bagian bergerak, jauh lebih cepat, hemat daya, dan tahan guncangan daripada HDD. Bentuk: 2,5 inci SATA atau M.2.;"Membuat booting dan aplikasi jauh lebih cepat; standar untuk OS dan server modern."
243;Fase E;04;Perangkat Keras Komputer dan Perakitan;35;NVMe dan M.2;"M.2 adalah bentuk slot kecil di motherboard; NVMe adalah protokol SSD yang lewat jalur PCIe dengan kecepatan 3.000–7.000 MB/s (SATA hanya sekitar 550 MB/s).";Performa penyimpanan tertinggi untuk komputer dan server.
244;Fase E;04;Perangkat Keras Komputer dan Perakitan;36;SATA (Serial ATA);"Antarmuka penghubung HDD/SSD/optical drive ke motherboard dengan kabel data tipis 7 pin dan kabel daya 15 pin; SATA III maksimal 6 Gbps.";Menyambungkan penyimpanan standar di PC dan server kecil.
245;Fase E;04;Perangkat Keras Komputer dan Perakitan;37;RAID (Redundant Array of Independent Disks);Teknik menggabungkan beberapa disk menjadi satu untuk kecepatan dan/atau keamanan data: RAID 0 (cepat, tanpa cadangan), RAID 1 (mirror/cermin), RAID 5 (paritas, minimal 3 disk), RAID 10 (gabungan).;"Server tetap berjalan meski satu disk rusak; RAID bukan pengganti backup."
246;Fase E;04;Perangkat Keras Komputer dan Perakitan;38;Optical Drive (CD/DVD/Blu-ray);"Pembaca/penulis cakram optik; kini jarang dipakai karena digantikan flashdisk dan unduhan.";Instalasi OS dari DVD lama dan pembacaan arsip cakram.
247;Fase E;04;Perangkat Keras Komputer dan Perakitan;39;Flashdisk dan Kartu Memori;Penyimpanan flash portabel lewat USB (flashdisk) atau slot kartu (microSD).;Memindahkan file, membuat media instalasi bootable, menyimpan konfigurasi.
248;Fase E;04;Perangkat Keras Komputer dan Perakitan;40;USB (Universal Serial Bus);Port universal untuk perangkat luar. Versi: USB 2.0 (480 Mbps), 3.0/3.2 Gen 1 (5 Gbps, biasanya biru), 3.2 Gen 2 (10 Gbps), USB4 (40 Gbps). Bentuk: Type-A, Type-C, Micro.;Menyambungkan keyboard, mouse, flashdisk, adapter LAN/Wi-Fi, kabel console.
249;Fase E;04;Perangkat Keras Komputer dan Perakitan;41;Port Video (VGA, HDMI, DisplayPort, DVI);VGA: analog lama (biru, 15 pin). HDMI: digital dengan audio, umum di TV/monitor. DisplayPort: digital untuk resolusi/refresh tinggi. DVI: digital lama.;"Menghubungkan komputer ke monitor/proyektor; teknisi sering butuh konverter saat mengakses server."
250;Fase E;04;Perangkat Keras Komputer dan Perakitan;42;Port RJ-45 (Ethernet Port);Colokan jaringan kabel di komputer/laptop/switch berbentuk 8 pin dengan LED indikator link dan aktivitas.;Tempat menancapkan kabel UTP untuk koneksi LAN.
251;Fase E;04;Perangkat Keras Komputer dan Perakitan;43;Port Serial (COM / RS-232) dan Console;"Port komunikasi lama 9 pin (DB9); pada perangkat jaringan diwakili port console (RJ-45 atau USB) untuk konfigurasi awal. Laptop modern memakai adapter USB-to-Serial.";Mengakses router/switch tanpa jaringan (konfigurasi pertama kali atau saat darurat).
252;Fase E;04;Perangkat Keras Komputer dan Perakitan;44;PSU (Power Supply Unit);"Komponen yang mengubah listrik AC 220 V menjadi DC 12 V, 5 V, 3,3 V untuk semua komponen. Dayanya dalam watt (450–850 W); sertifikasi 80 Plus menandakan efisiensi.";"Sumber daya seluruh komponen; PSU murah/lemah menyebabkan komputer restart atau rusak."
253;Fase E;04;Perangkat Keras Komputer dan Perakitan;45;Konektor Daya (24-pin ATX, 8-pin CPU, PCIe, SATA Power);Kabel dari PSU: 24 pin ke motherboard, 4/8 pin ke CPU, 6/8 pin ke kartu grafis, SATA power ke disk, Molex 4 pin ke perangkat lama/kipas.;"Harus terpasang lengkap dan benar agar komputer menyala; salah pasang bisa merusak."
254;Fase E;04;Perangkat Keras Komputer dan Perakitan;46;Casing (Chassis);Kotak pelindung tempat semua komponen dipasang, dengan dudukan motherboard, bay disk, lubang kipas, dan panel depan. Untuk server ada bentuk tower dan rackmount.;Melindungi komponen, mengatur aliran udara, dan meredam kebisingan.
255;Fase E;04;Perangkat Keras Komputer dan Perakitan;47;Standoff (Baut Penyangga Motherboard);Baut kuningan berlubang yang dipasang di casing sebagai dudukan motherboard agar tidak menyentuh logam casing.;Mencegah korsleting motherboard dengan casing (kesalahan umum pemula).
256;Fase E;04;Perangkat Keras Komputer dan Perakitan;48;Heatsink, Fan, dan Thermal Paste;"Heatsink adalah sirip logam penyerap panas; fan (kipas) membuang panasnya; thermal paste adalah pasta penghantar panas tipis antara CPU dan heatsink. Alternatif: water cooling.";"Menjaga suhu CPU/GPU aman; pasta kering menyebabkan overheat."
257;Fase E;04;Perangkat Keras Komputer dan Perakitan;49;Front Panel Connector;Kabel kecil dari panel depan casing (Power SW, Reset SW, Power LED, HDD LED, USB, audio) yang dipasang ke pin header motherboard sesuai diagram.;"Tombol power/reset dan lampu indikator berfungsi; salah pasang membuat komputer tidak bisa dinyalakan dari tombol."
258;Fase E;04;Perangkat Keras Komputer dan Perakitan;50;Jumper;Penghubung kecil pada pin motherboard/disk untuk mengatur mode, misalnya jumper CLR_CMOS untuk mereset BIOS.;Mengubah pengaturan hardware tanpa perangkat lunak.
259;Fase E;04;Perangkat Keras Komputer dan Perakitan;51;Bus;Jalur komunikasi data di dalam komputer (misalnya bus memori, bus PCIe) dengan lebar (bit) dan kecepatan tertentu.;Menentukan seberapa cepat komponen saling bertukar data.
260;Fase E;04;Perangkat Keras Komputer dan Perakitan;52;Onboard vs Add-on;Onboard: fitur yang sudah tertanam di motherboard (LAN, audio, VGA). Add-on: kartu tambahan yang dipasang di slot ekspansi.;Add-on dipilih saat butuh performa/fitur lebih, misalnya LAN card 2,5/10 Gbps.
261;Fase E;04;Perangkat Keras Komputer dan Perakitan;53;Peripheral (Periferal);Perangkat tambahan di luar unit utama: printer, scanner, webcam, speaker, UPS, monitor.;"Memperluas fungsi komputer; sering di-share lewat jaringan (printer sharing)."
262;Fase E;04;Perangkat Keras Komputer dan Perakitan;54;Monitor;Layar penampil gambar dengan ukuran (inci), resolusi (Full HD 1920×1080, 4K), panel (IPS, VA, TN), dan refresh rate (Hz).;"Output visual utama; teknisi juga memakai monitor portabel/KVM untuk server."
263;Fase E;04;Perangkat Keras Komputer dan Perakitan;55;Printer dan Scanner;"Printer mencetak dokumen (inkjet, laser, dot matrix); scanner mengubah dokumen fisik menjadi digital. Banyak yang punya port LAN/Wi-Fi.";Perangkat yang paling sering dibagi pakai lewat jaringan kantor/sekolah.
264;Fase E;04;Perangkat Keras Komputer dan Perakitan;56;Perakitan Komputer (PC Assembly);Proses memasang komponen ke casing dengan urutan aman: siapkan alat dan gelang ESD → pasang CPU, pasta, pendingin, RAM di motherboard → pasang motherboard ke casing → PSU → storage → kartu tambahan → kabel daya dan front panel → uji nyala → instal OS.;"Kompetensi dasar TKJ; urutan yang benar mencegah kerusakan komponen."
265;Fase E;04;Perangkat Keras Komputer dan Perakitan;57;Kompatibilitas Komponen;Kecocokan antar-komponen: socket CPU dengan motherboard, tipe RAM, daya PSU cukup, ukuran casing, dan slot storage.;Menghindari membeli komponen yang tidak bisa dipasang bersama.
266;Fase E;04;Perangkat Keras Komputer dan Perakitan;58;Bottleneck;Komponen paling lambat yang menahan performa keseluruhan, misalnya CPU kencang tetapi memakai HDD lambat, atau PC cepat dengan LAN 100 Mbps.;Membantu memilih peningkatan (upgrade) yang paling berdampak.
267;Fase E;04;Perangkat Keras Komputer dan Perakitan;59;Upgrade;Mengganti atau menambah komponen agar performa naik: menambah RAM, mengganti HDD ke SSD, menambah LAN card gigabit.;Memperpanjang umur pakai komputer dengan biaya lebih murah daripada beli baru.
268;Fase E;04;Perangkat Keras Komputer dan Perakitan;60;Bit dan Byte;Bit (b) adalah satuan terkecil data (0 atau 1). 1 Byte (B) = 8 bit. Kecepatan jaringan biasanya dalam bit per detik (Mbps), kapasitas file dalam Byte (MB).;Menghindari salah paham: koneksi 100 Mbps hanya mengunduh sekitar 12,5 MB per detik.
269;Fase E;04;Perangkat Keras Komputer dan Perakitan;61;Satuan Kapasitas (KB, MB, GB, TB);Kilobyte (10^3 atau 2^10 Byte), Megabyte, Gigabyte, Terabyte. Produsen disk memakai basis 1000, OS sering basis 1024, sehingga disk 1 TB tampil sekitar 931 GiB.;"Memperkirakan kebutuhan penyimpanan dan menjelaskan ""kapasitas hilang"" ke pelanggan."
270;Fase E;04;Perangkat Keras Komputer dan Perakitan;62;Sistem Bilangan (Biner, Desimal, Heksadesimal);"Biner (basis 2) dipakai komputer; desimal (basis 10) dipakai manusia; heksadesimal (basis 16: 0–9, A–F) dipakai untuk MAC address dan IPv6. Contoh: 192 = 11000000 (biner) = C0 (heksa).";Wajib dikuasai untuk subnetting IPv4 dan membaca alamat IPv6/MAC.
271;Fase E;04;Perangkat Keras Komputer dan Perakitan;63;Server (Perangkat Keras);Komputer berkemampuan tinggi yang dirancang menyala 24 jam: CPU Xeon/EPYC, RAM ECC, RAID, PSU ganda (redundant), dan manajemen jarak jauh (iLO/iDRAC/IPMI). Bentuk tower, rackmount, atau blade.;Menjalankan layanan jaringan untuk banyak pengguna secara terus-menerus.
272;Fase E;04;Perangkat Keras Komputer dan Perakitan;64;RAM ECC;RAM dengan koreksi kesalahan (Error Correcting Code) yang mendeteksi dan memperbaiki bit yang rusak secara otomatis.;Mencegah data korup dan crash pada server yang menyala terus.
273;Fase E;04;Perangkat Keras Komputer dan Perakitan;65;Rak Server 19 Inci dan Satuan U;"Rak standar lebar 19 inci tempat memasang server, switch, patch panel, dan UPS. Tinggi perangkat diukur dalam U (1U = 4,445 cm); rak umum 12U, 20U, 42U.";Menata perangkat secara rapi, aman, dan efisien ruang di ruang server.
274;Fase E;04;Perangkat Keras Komputer dan Perakitan;66;KVM Switch;Alat yang memungkinkan satu keyboard, monitor, dan mouse dipakai bergantian untuk beberapa server/komputer.;Menghemat ruang dan biaya di ruang server.
275;Fase E;04;Perangkat Keras Komputer dan Perakitan;67;Thin Client;Komputer sederhana dengan spesifikasi minimal yang menjalankan aplikasi dari server (remote desktop/virtual desktop).;Hemat biaya dan mudah dikelola untuk lab sekolah atau kantor besar.
276;Fase E;04;Perangkat Keras Komputer dan Perakitan;68;Workstation;Komputer berperforma tinggi untuk pekerjaan berat (desain, rendering, simulasi) dengan komponen kelas profesional.;"Dipakai engineer/desainer; di jaringan sering butuh koneksi 10 Gbps ke server file."
277;Fase E;04;Perangkat Keras Komputer dan Perakitan;69;Mini PC / NUC;Komputer berukuran sangat kecil dengan performa cukup untuk pekerjaan kantor, kiosk, atau server ringan (misalnya router pfSense, Proxmox mini).;"Hemat tempat dan daya; populer untuk home lab jaringan."
278;Fase E;04;Perangkat Keras Komputer dan Perakitan;70;Single Board Computer (SBC);Komputer lengkap dalam satu papan kecil seperti Raspberry Pi atau Orange Pi.;Server mini, gateway IoT, atau alat monitoring jaringan berbiaya rendah.
279;Fase E;04;Perangkat Keras Komputer dan Perakitan;71;Overclock;Menjalankan CPU/RAM/GPU di atas kecepatan standar pabrik untuk performa lebih, dengan risiko panas dan tidak stabil.;Umumnya dihindari pada komputer kerja dan server yang butuh kestabilan.
280;Fase E;04;Perangkat Keras Komputer dan Perakitan;72;Driver;Perangkat lunak penghubung antara sistem operasi dan hardware tertentu (LAN card, VGA, printer). Tanpa driver yang tepat, hardware tidak berfungsi atau tidak maksimal.;"Membuat OS ""mengerti"" cara memakai perangkat keras; wajib dipasang setelah instalasi OS."
281;Fase E;04;Perangkat Keras Komputer dan Perakitan;73;Kabel Data dan Kabel Daya;"Kabel data (SATA, USB, HDMI) mengalirkan informasi; kabel daya (power cord, kabel PSU) mengalirkan listrik. Keduanya harus rapi dan tidak tertekuk tajam.";Kesalahan atau kelonggaran kabel adalah penyebab umum komputer tidak menyala/terdeteksi.
282;Fase E;04;Perangkat Keras Komputer dan Perakitan;74;Perangkat Mobile (Smartphone, Tablet);Komputer genggam dengan Wi-Fi, seluler, Bluetooth, dan GPS yang kini menjadi klien terbanyak di jaringan mana pun.;Teknisi harus memperhitungkan jumlah perangkat mobile saat merancang Wi-Fi dan DHCP.
283;Fase E;05;Sistem Operasi dan Perangkat Lunak Dasar;1;Sistem Operasi (Operating System / OS);Perangkat lunak utama yang mengelola hardware (CPU, RAM, disk, jaringan) dan menjadi tempat aplikasi berjalan. Contoh: Windows, Linux, macOS, Android, iOS, RouterOS.;Tanpa OS, aplikasi tidak bisa berjalan dan pengguna tidak bisa berinteraksi dengan komputer.
284;Fase E;05;Sistem Operasi dan Perangkat Lunak Dasar;2;Kernel;Inti sistem operasi yang berhubungan langsung dengan hardware: mengatur proses, memori, perangkat, dan jaringan. Linux sebenarnya adalah nama kernel.;Menjembatani aplikasi dengan hardware secara aman dan efisien.
285;Fase E;05;Sistem Operasi dan Perangkat Lunak Dasar;3;Shell;Program penerjemah perintah pengguna ke kernel. Di Linux: bash, zsh, sh. Di Windows: Command Prompt (cmd) dan PowerShell.;Menjalankan perintah dan skrip tanpa antarmuka grafis.
286;Fase E;05;Sistem Operasi dan Perangkat Lunak Dasar;4;GUI (Graphical User Interface);Antarmuka grafis dengan jendela, ikon, dan mouse (Windows Desktop, GNOME/KDE di Linux).;Mudah dipakai pengguna awam.
287;Fase E;05;Sistem Operasi dan Perangkat Lunak Dasar;5;CLI (Command Line Interface) / Terminal;Antarmuka berbasis teks tempat pengguna mengetik perintah. Server dan perangkat jaringan umumnya dikelola lewat CLI karena ringan, cepat, dan bisa diotomasi.;Keterampilan wajib admin jaringan/server.
288;Fase E;05;Sistem Operasi dan Perangkat Lunak Dasar;6;Windows (Desktop);OS berbayar dari Microsoft yang paling banyak dipakai di PC: Windows 10, Windows 11. Edisi Home, Pro (mendukung join domain, BitLocker, RDP host), Enterprise.;OS klien utama yang akan kamu hubungkan ke jaringan dan domain.
289;Fase E;05;Sistem Operasi dan Perangkat Lunak Dasar;7;Windows Server;Versi Windows untuk server (2016, 2019, 2022, 2025) dengan peran seperti Active Directory, DNS, DHCP, File Server, IIS, Hyper-V.;Mengelola jaringan kantor berbasis Windows secara terpusat.
290;Fase E;05;Sistem Operasi dan Perangkat Lunak Dasar;8;Linux;Keluarga OS open source berbasis kernel Linux yang stabil, aman, gratis, dan mendominasi server, cloud, router, serta Android.;"OS utama untuk server jaringan; dipelajari mendalam di Administrasi Sistem Jaringan."
291;Fase E;05;Sistem Operasi dan Perangkat Lunak Dasar;9;Distro Linux (Distribusi);Paket Linux lengkap dari berbagai pengembang. Keluarga Debian: Debian, Ubuntu, Linux Mint, Kali. Keluarga Red Hat: RHEL, CentOS Stream, Rocky, AlmaLinux, Fedora. Lainnya: Arch, openSUSE.;Memilih distro sesuai kebutuhan: Ubuntu/Debian untuk belajar server, Kali untuk keamanan.
292;Fase E;05;Sistem Operasi dan Perangkat Lunak Dasar;10;Debian dan Ubuntu Server;Debian: distro stabil yang banyak dipakai di UKK dan server. Ubuntu Server: turunan Debian dengan dukungan LTS 5 tahun, dokumentasi melimpah.;Platform paling umum untuk latihan DHCP, DNS, web, mail, FTP server di SMK.
293;Fase E;05;Sistem Operasi dan Perangkat Lunak Dasar;11;macOS, Android, iOS, ChromeOS;macOS: OS komputer Apple berbasis Unix. Android: OS mobile berbasis Linux dari Google. iOS: OS iPhone/iPad. ChromeOS: OS Chromebook berbasis Linux.;Teknisi harus bisa menghubungkan dan menangani beragam OS klien di jaringan.
294;Fase E;05;Sistem Operasi dan Perangkat Lunak Dasar;12;RouterOS, IOS, dan Firmware Perangkat Jaringan;Sistem operasi khusus perangkat jaringan: MikroTik RouterOS, Cisco IOS, Juniper Junos, OpenWrt (open source untuk router rumahan), pfSense/OPNsense (firewall).;"Mengelola router/switch/firewall; dipelajari mendalam di Fase F."
295;Fase E;05;Sistem Operasi dan Perangkat Lunak Dasar;13;Open Source vs Proprietary;Open source: kode terbuka, bebas dipakai dan diubah (Linux, LibreOffice). Proprietary: kode tertutup, berlisensi (Windows, Microsoft Office).;Menentukan biaya lisensi dan kebebasan modifikasi.
296;Fase E;05;Sistem Operasi dan Perangkat Lunak Dasar;14;Lisensi Perangkat Lunak;Hak pakai perangkat lunak: OEM (melekat pada perangkat), Retail, Volume (organisasi), Subscription (langganan), GPL/MIT (open source), Freeware, Trial.;Menggunakan perangkat lunak secara legal dan menghindari pembajakan.
297;Fase E;05;Sistem Operasi dan Perangkat Lunak Dasar;15;Pembajakan Perangkat Lunak (Software Piracy);Memakai perangkat lunak tanpa lisensi sah (crack, keygen, aktivator ilegal). Melanggar UU Hak Cipta dan sering menyisipkan malware.;Teknisi profesional wajib memakai lisensi sah atau alternatif open source.
298;Fase E;05;Sistem Operasi dan Perangkat Lunak Dasar;16;Instalasi Sistem Operasi;Proses memasang OS ke komputer: siapkan media bootable → atur boot order di BIOS → pilih bahasa/zona waktu → buat partisi → salin file → buat user → pasang driver dan update.;"Kompetensi dasar TKJ; langkah yang benar menghasilkan sistem stabil."
299;Fase E;05;Sistem Operasi dan Perangkat Lunak Dasar;17;Media Bootable dan File ISO;ISO adalah file citra (image) isi DVD/USB instalasi. Media bootable adalah flashdisk/DVD yang dibuat dari ISO dengan alat seperti Rufus, Ventoy, balenaEtcher, atau Media Creation Tool.;Memulai instalasi OS pada komputer.
300;Fase E;05;Sistem Operasi dan Perangkat Lunak Dasar;18;Booting dan Boot Order;Booting adalah proses komputer menyala hingga OS siap. Boot order adalah urutan perangkat yang dicek BIOS/UEFI (USB, disk, jaringan/PXE).;Mengarahkan komputer agar boot dari flashdisk saat instalasi.
301;Fase E;05;Sistem Operasi dan Perangkat Lunak Dasar;19;Boot Loader (GRUB, Windows Boot Manager);Program kecil yang dijalankan firmware untuk memuat kernel OS. GRUB di Linux bisa menampilkan menu pilihan OS.;"Memulai OS; rusaknya boot loader membuat OS tidak bisa dimuat meski data utuh."
302;Fase E;05;Sistem Operasi dan Perangkat Lunak Dasar;20;Dual Boot;Memasang dua OS (misalnya Windows dan Linux) dalam satu komputer, dipilih saat booting.;"Belajar Linux tanpa menghapus Windows; alternatifnya memakai virtual machine."
303;Fase E;05;Sistem Operasi dan Perangkat Lunak Dasar;21;PXE Boot (Network Boot);Booting komputer melalui jaringan dari server (tanpa disk/USB), memanfaatkan DHCP dan TFTP.;Instalasi OS massal di lab sekolah atau menjalankan thin client.
304;Fase E;05;Sistem Operasi dan Perangkat Lunak Dasar;22;Partisi;Pembagian ruang disk menjadi beberapa bagian logis, misalnya partisi sistem (C:), data (D:), atau di Linux: /, /home, swap.;Memisahkan OS dan data agar instal ulang tidak menghapus file pengguna.
305;Fase E;05;Sistem Operasi dan Perangkat Lunak Dasar;23;MBR vs GPT;Skema tabel partisi. MBR (lama): maksimal 4 partisi primer, disk hingga 2 TB, dipakai BIOS legacy. GPT (baru): hingga 128 partisi, disk sangat besar, dipakai UEFI.;"Menentukan cara partisi saat instalasi; salah pilih menyebabkan ""Windows cannot be installed to this disk""."
306;Fase E;05;Sistem Operasi dan Perangkat Lunak Dasar;24;File System;Cara OS mengatur penyimpanan file di partisi. Windows: NTFS (utama), FAT32 (kompatibel, file maks 4 GB), exFAT (flashdisk besar). Linux: ext4 (utama), XFS, Btrfs.;Menentukan kompatibilitas, batas ukuran file, dan fitur (izin, jurnal).
307;Fase E;05;Sistem Operasi dan Perangkat Lunak Dasar;25;Format (Memformat);"Menyiapkan partisi dengan file system tertentu; data lama terhapus. Quick format hanya menghapus tabel, full format juga memeriksa sektor rusak.";Menyiapkan disk baru atau membersihkan disk untuk instal ulang.
308;Fase E;05;Sistem Operasi dan Perangkat Lunak Dasar;26;Swap / Virtual Memory (Pagefile);"Ruang di disk yang dipakai sebagai ""RAM cadangan"" saat RAM penuh. Di Linux berupa partisi/file swap; di Windows disebut pagefile.sys.";Mencegah aplikasi crash saat RAM habis, meski lebih lambat dari RAM.
309;Fase E;05;Sistem Operasi dan Perangkat Lunak Dasar;27;Direktori, Folder, dan Path;Direktori/folder adalah wadah file. Path adalah alamat lokasi file: Windows memakai C:\Users\Nama, Linux memakai /home/nama (huruf besar-kecil dibedakan).;Menemukan dan mengelola file lewat GUI maupun CLI.
310;Fase E;05;Sistem Operasi dan Perangkat Lunak Dasar;28;Struktur Direktori Linux;Direktori penting: / (root), /etc (konfigurasi), /home (data user), /var (log, web), /bin dan /usr/bin (program), /boot (kernel), /dev (perangkat), /tmp (sementara), /root (home admin).;Admin server harus hafal lokasi file konfigurasi dan log.
311;Fase E;05;Sistem Operasi dan Perangkat Lunak Dasar;29;Root dan Administrator;"Root adalah akun berkuasa penuh di Linux; Administrator adalah padanannya di Windows. Akun ini bisa mengubah apa pun, termasuk merusak sistem.";"Dipakai hanya saat perlu; bekerja sehari-hari dengan akun biasa lebih aman."
312;Fase E;05;Sistem Operasi dan Perangkat Lunak Dasar;30;sudo;Perintah Linux untuk menjalankan satu perintah dengan hak root dari akun biasa (superuser do), misalnya sudo apt update.;Mengurangi risiko dibanding login sebagai root terus-menerus.
313;Fase E;05;Sistem Operasi dan Perangkat Lunak Dasar;31;User dan Group;"User adalah akun pengguna; group adalah kumpulan user yang diberi izin bersama. Perintah Linux: adduser, passwd, usermod, groupadd.";Membatasi siapa boleh mengakses apa di komputer dan server.
314;Fase E;05;Sistem Operasi dan Perangkat Lunak Dasar;32;Permission (Hak Akses) rwx dan chmod/chown;Setiap file Linux punya izin baca (r=4), tulis (w=2), eksekusi (x=1) untuk pemilik, grup, dan lainnya, misalnya 755. chmod mengubah izin, chown mengubah pemilik.;Melindungi file konfigurasi dan web dari perubahan/pembacaan tak sah.
315;Fase E;05;Sistem Operasi dan Perangkat Lunak Dasar;33;Perintah Dasar Linux;ls (lihat isi), cd (pindah direktori), pwd (lokasi sekarang), mkdir, rm, cp, mv, cat/less (baca file), nano/vim (edit), grep (cari teks), find, man (manual), clear, history.;Modal dasar mengelola server lewat terminal.
316;Fase E;05;Sistem Operasi dan Perangkat Lunak Dasar;34;Perintah Dasar Windows (CMD/PowerShell);"dir, cd, md, del, copy, ipconfig, ping, netstat, tasklist, shutdown /r, sfc /scannow, chkdsk; PowerShell menambah cmdlet seperti Get-Service, Test-NetConnection.";Menyelesaikan masalah dan otomasi di komputer Windows.
317;Fase E;05;Sistem Operasi dan Perangkat Lunak Dasar;35;Package Manager (apt, dnf/yum, pacman);Alat pemasang perangkat lunak dari repositori resmi: apt install (Debian/Ubuntu), dnf install (Fedora/Rocky), pacman (Arch). Di Windows ada winget/Chocolatey.;Memasang, memperbarui, dan menghapus program beserta ketergantungannya secara otomatis.
318;Fase E;05;Sistem Operasi dan Perangkat Lunak Dasar;36;Repository (Repo);Gudang paket perangkat lunak di server (resmi atau mirror lokal seperti kambing.ui.ac.id, kartolo.sby.datautama.net.id) yang dibaca package manager. Daftarnya di /etc/apt/sources.list.;"Sumber instalasi yang aman; mirror lokal mempercepat unduhan."
319;Fase E;05;Sistem Operasi dan Perangkat Lunak Dasar;37;Update dan Upgrade;Update: memperbarui daftar paket (apt update). Upgrade: memasang versi terbaru paket (apt upgrade). Di Windows: Windows Update.;"Menutup celah keamanan dan memperbaiki bug; kebiasaan wajib admin."
320;Fase E;05;Sistem Operasi dan Perangkat Lunak Dasar;38;Patch;Perbaikan kecil untuk perangkat lunak/firmware yang menutup bug atau celah keamanan tertentu.;Mencegah eksploitasi celah yang sudah diketahui publik.
321;Fase E;05;Sistem Operasi dan Perangkat Lunak Dasar;39;Proses (Process) dan PID;"Program yang sedang berjalan disebut proses, masing-masing punya nomor PID. Dilihat dengan Task Manager (Windows) atau ps, top, htop (Linux); dihentikan dengan kill.";Memantau beban CPU/RAM dan menghentikan program yang macet.
322;Fase E;05;Sistem Operasi dan Perangkat Lunak Dasar;40;Service / Daemon;Program yang berjalan di latar belakang tanpa tampilan, misalnya layanan web (apache2), SSH (sshd), DHCP. Di Windows dikelola lewat services.msc.;Menyediakan layanan jaringan yang selalu siap tanpa login pengguna.
323;Fase E;05;Sistem Operasi dan Perangkat Lunak Dasar;41;systemd dan systemctl;"systemd adalah sistem init modern Linux yang mengelola service; systemctl start/stop/restart/status/enable nama-service adalah perintahnya. enable membuat service otomatis jalan saat boot.";Mengendalikan layanan server sehari-hari.
324;Fase E;05;Sistem Operasi dan Perangkat Lunak Dasar;42;Log File;Catatan kejadian sistem dan aplikasi. Linux: /var/log/syslog, /var/log/auth.log, journalctl. Windows: Event Viewer.;Sumber utama untuk mencari penyebab error dan jejak serangan.
325;Fase E;05;Sistem Operasi dan Perangkat Lunak Dasar;43;Hostname;Nama komputer di jaringan (misalnya server-lab, PC-01). Linux: file /etc/hostname, perintah hostnamectl. Windows: System Properties.;Mengenali komputer dengan nama, bukan hanya IP.
326;Fase E;05;Sistem Operasi dan Perangkat Lunak Dasar;44;Environment Variable (PATH);Variabel lingkungan yang dibaca program, misalnya PATH berisi daftar direktori tempat OS mencari perintah yang diketik.;"Memahami mengapa perintah ""tidak dikenali"" dan cara menambah program ke PATH."
327;Fase E;05;Sistem Operasi dan Perangkat Lunak Dasar;45;Cron dan Task Scheduler;Penjadwal tugas otomatis. Cron (Linux) memakai baris crontab seperti 0 2 * * * /backup.sh (setiap jam 02.00). Task Scheduler adalah padanannya di Windows.;Menjalankan backup, pembersihan, atau skrip pemantauan secara rutin tanpa campur tangan manusia.
328;Fase E;05;Sistem Operasi dan Perangkat Lunak Dasar;46;Shell Script dan Batch File;Kumpulan perintah dalam file teks yang dijalankan berurutan: .sh (bash) di Linux, .bat/.ps1 di Windows.;Otomasi pekerjaan berulang, misalnya konfigurasi IP massal.
329;Fase E;05;Sistem Operasi dan Perangkat Lunak Dasar;47;Text Editor (nano, vim, Notepad++, VS Code);"Program menyunting file teks/konfigurasi. nano mudah untuk pemula (Ctrl+O simpan, Ctrl+X keluar); vim sangat kuat tetapi perlu dipelajari (i untuk insert, :wq simpan-keluar).";Hampir semua konfigurasi server dilakukan dengan menyunting file teks.
330;Fase E;05;Sistem Operasi dan Perangkat Lunak Dasar;48;Kompresi dan Arsip (zip, tar, gz);Menggabungkan dan memampatkan file: zip/unzip, tar -czvf arsip.tar.gz folder/ (buat), tar -xzvf (ekstrak).;Backup, memindahkan banyak file, dan menghemat ruang.
331;Fase E;05;Sistem Operasi dan Perangkat Lunak Dasar;49;Backup dan Restore;Backup: menyalin data/konfigurasi ke tempat lain (disk eksternal, server, cloud). Restore: mengembalikannya saat data hilang/rusak. Aturan 3-2-1: 3 salinan, 2 media berbeda, 1 di lokasi lain.;Satu-satunya penyelamat saat disk rusak, terkena ransomware, atau salah hapus.
332;Fase E;05;Sistem Operasi dan Perangkat Lunak Dasar;50;Recovery, Safe Mode, dan Live USB;Safe Mode: menjalankan Windows hanya dengan driver dasar untuk perbaikan. Live USB: menjalankan Linux langsung dari flashdisk tanpa instal, berguna menyelamatkan data.;Memperbaiki OS yang gagal boot atau mengambil data dari komputer rusak.
333;Fase E;05;Sistem Operasi dan Perangkat Lunak Dasar;51;Device Manager;Alat di Windows untuk melihat semua hardware, status driver, dan perangkat bermasalah (tanda seru kuning). Padanan Linux: lspci, lsusb, lshw.;Memastikan LAN card/Wi-Fi terdeteksi dan drivernya benar.
334;Fase E;05;Sistem Operasi dan Perangkat Lunak Dasar;52;Registry (Windows);Basis data pengaturan Windows dan aplikasi, diedit dengan regedit. Kesalahan edit bisa merusak sistem.;"Menyetel pengaturan lanjutan yang tidak ada di menu; harus di-backup dulu."
335;Fase E;05;Sistem Operasi dan Perangkat Lunak Dasar;53;Antivirus / Anti-Malware;Program pendeteksi dan penghapus perangkat lunak jahat, misalnya Windows Defender (bawaan), Kaspersky, ESET, ClamAV (Linux).;Lapisan perlindungan dasar setiap komputer klien.
336;Fase E;05;Sistem Operasi dan Perangkat Lunak Dasar;54;Firewall Host (Windows Firewall, ufw, iptables);Firewall bawaan OS yang menyaring koneksi masuk/keluar komputer. ufw adalah antarmuka sederhana iptables/nftables di Ubuntu.;"Melindungi komputer/server dari akses tidak sah; sering penyebab ""ping tidak balas"" padahal jaringan normal."
337;Fase E;05;Sistem Operasi dan Perangkat Lunak Dasar;55;Remote Desktop (RDP) dan VNC;"Mengendalikan tampilan komputer lain dari jauh. RDP (port 3389) bawaan Windows Pro; VNC lintas platform; alternatif: AnyDesk, TeamViewer, Chrome Remote Desktop.";IT support membantu pengguna tanpa harus datang.
338;Fase E;05;Sistem Operasi dan Perangkat Lunak Dasar;56;SSH Client (PuTTY, OpenSSH, Termius);Aplikasi untuk mengakses terminal server/perangkat jaringan dari jauh secara terenkripsi (port 22). Windows 10+ sudah punya ssh di CMD/PowerShell.;Cara utama mengelola server Linux dan router.
339;Fase E;05;Sistem Operasi dan Perangkat Lunak Dasar;57;Virtualisasi Desktop (VirtualBox, VMware Workstation);Aplikasi hypervisor tipe 2 untuk menjalankan OS lain di dalam Windows/Linux, dengan fitur snapshot dan jaringan virtual (NAT, Bridged, Host-only, Internal).;Laboratorium pribadi untuk latihan instalasi OS, server, dan topologi jaringan tanpa perangkat tambahan.
340;Fase E;05;Sistem Operasi dan Perangkat Lunak Dasar;58;Snapshot dan Clone (VM);Snapshot: menyimpan kondisi VM pada satu titik agar bisa dikembalikan. Clone: menggandakan VM menjadi VM baru.;"Bereksperimen tanpa takut rusak; membuat banyak server latihan dengan cepat."
341;Fase E;05;Sistem Operasi dan Perangkat Lunak Dasar;59;Mode Jaringan VM (NAT, Bridged, Host-only, Internal);NAT: VM ikut internet host lewat IP tersembunyi. Bridged: VM tampil seperti komputer terpisah di LAN nyata. Host-only: hanya bisa bicara dengan host. Internal: hanya antar-VM.;Memilih skenario jaringan lab yang tepat, misalnya Bridged agar VM bisa diakses dari LAN.
342;Fase E;05;Sistem Operasi dan Perangkat Lunak Dasar;60;32-bit vs 64-bit (x86 / x64) dan ARM;Lebar data prosesor dan OS. 64-bit mendukung RAM lebih dari 4 GB dan lebih cepat. ARM adalah arsitektur hemat daya (HP, Raspberry Pi, Apple M-series).;Memilih ISO dan aplikasi yang sesuai arsitektur perangkat.
343;Fase E;05;Sistem Operasi dan Perangkat Lunak Dasar;61;Multitasking, Multiuser, dan Multiprocessing;Multitasking: banyak program berjalan bersamaan. Multiuser: banyak pengguna memakai sistem sekaligus (khas Linux/server). Multiprocessing: memanfaatkan banyak core CPU.;Menjelaskan mengapa Linux cocok sebagai server yang melayani banyak pengguna.
344;Fase E;05;Sistem Operasi dan Perangkat Lunak Dasar;62;Aplikasi dan Utilitas;Aplikasi: program untuk pengguna (browser, office, Packet Tracer). Utilitas: program pembantu pemeliharaan sistem (disk cleanup, defrag, CCleaner, GParted).;Melengkapi OS agar produktif dan terawat.
345;Fase E;05;Sistem Operasi dan Perangkat Lunak Dasar;63;Browser dan Cloud Storage;"Browser (Chrome, Firefox, Edge) mengakses web; cloud storage (Google Drive, OneDrive, Nextcloud) menyimpan file di internet.";Alat kerja harian dan cara aman menyimpan salinan dokumentasi jaringan.
346;Fase E;05;Sistem Operasi dan Perangkat Lunak Dasar;64;Simulator Jaringan (Cisco Packet Tracer, GNS3, EVE-NG, Winbox + CHR);"Perangkat lunak untuk merancang dan menguji jaringan secara virtual. Packet Tracer ringan untuk belajar Cisco; GNS3/EVE-NG menjalankan image router asli (termasuk MikroTik CHR).";Berlatih topologi, VLAN, routing, dan server tanpa perangkat fisik.
347;Fase E;05;Sistem Operasi dan Perangkat Lunak Dasar;65;Wireshark;Aplikasi penganalisis paket (packet analyzer/sniffer) open source yang menangkap dan menampilkan isi lalu lintas jaringan lapis demi lapis.;Belajar protokol secara nyata dan menemukan penyebab gangguan/serangan.
348;Fase E;05;Sistem Operasi dan Perangkat Lunak Dasar;66;Zona Waktu dan NTP Client;Pengaturan zona waktu (Asia/Jakarta, WIB = UTC+7) dan sinkronisasi jam otomatis lewat internet (NTP).;Jam yang salah menyebabkan sertifikat HTTPS ditolak, log membingungkan, dan login domain gagal.
349;Fase E;05;Sistem Operasi dan Perangkat Lunak Dasar;67;Aktivasi dan Product Key;Proses mengesahkan lisensi Windows/Office dengan kunci produk atau akun digital.;Sistem berlisensi legal mendapat pembaruan penuh dan tidak melanggar hukum.
350;Fase E;05;Sistem Operasi dan Perangkat Lunak Dasar;68;Instalasi Driver Jaringan;"Memasang driver LAN/Wi-Fi setelah instalasi OS (dari CD motherboard, situs vendor, atau Windows Update); di Linux umumnya sudah tertanam di kernel.";Tanpa driver jaringan, komputer tidak bisa terhubung meski kabel terpasang.
351;Fase E;06;Dasar-Dasar Jaringan Komputer;1;Jaringan Komputer (Computer Network);Dua atau lebih perangkat (komputer, HP, printer, server) yang saling terhubung melalui media kabel atau nirkabel dengan aturan (protokol) tertentu sehingga bisa bertukar data dan berbagi sumber daya.;"Berbagi internet, file, printer; komunikasi (chat, email, video call); akses layanan terpusat (server)."
352;Fase E;06;Dasar-Dasar Jaringan Komputer;2;Node dan Host;Node adalah setiap titik yang terhubung ke jaringan (komputer, switch, router, printer). Host khusus merujuk ke perangkat ujung yang punya alamat IP dan menjalankan aplikasi (PC, server, HP).;Istilah dasar saat membaca topologi dan menghitung kebutuhan alamat IP.
353;Fase E;06;Dasar-Dasar Jaringan Komputer;3;Client (Klien);Perangkat/program yang meminta layanan, misalnya browser meminta halaman web, laptop meminta IP ke DHCP.;Pengguna layanan dalam model client-server.
354;Fase E;06;Dasar-Dasar Jaringan Komputer;4;Server (Peladen);Komputer/program yang menyediakan layanan untuk klien: web server, file server, DNS server, mail server. Bisa berupa mesin fisik, virtual, atau cloud.;Pusat layanan yang diakses banyak pengguna sekaligus.
355;Fase E;06;Dasar-Dasar Jaringan Komputer;5;Client-Server;Model jaringan dengan server terpusat yang melayani banyak klien. Contoh: lab sekolah dengan server file dan internet gateway.;"Pengelolaan terpusat, keamanan lebih baik, mudah dibackup; butuh server khusus."
356;Fase E;06;Dasar-Dasar Jaringan Komputer;6;Peer-to-Peer (P2P);"Model jaringan tanpa server khusus; setiap komputer bisa menjadi klien sekaligus server (sharing folder antar-PC Windows, torrent).";Murah dan mudah untuk jaringan kecil (2–10 komputer), tetapi sulit dikelola jika besar.
357;Fase E;06;Dasar-Dasar Jaringan Komputer;7;PAN (Personal Area Network);Jaringan pribadi jarak sangat dekat (beberapa meter): HP dengan earphone Bluetooth, laptop dengan mouse nirkabel, tethering.;Menghubungkan perangkat pribadi seseorang.
358;Fase E;06;Dasar-Dasar Jaringan Komputer;8;LAN (Local Area Network);"Jaringan dalam satu area terbatas seperti rumah, lab, kantor, atau satu gedung sekolah; biasanya milik sendiri dan berkecepatan tinggi (100 Mbps–10 Gbps).";"Berbagi sumber daya di satu lokasi; jaringan yang paling sering dibangun teknisi TKJ."
359;Fase E;06;Dasar-Dasar Jaringan Komputer;9;WLAN (Wireless LAN);LAN yang memakai media nirkabel (Wi-Fi) melalui access point.;Mobilitas pengguna tanpa kabel di rumah, sekolah, kafe.
360;Fase E;06;Dasar-Dasar Jaringan Komputer;10;MAN (Metropolitan Area Network);Jaringan yang mencakup satu kota, misalnya menghubungkan kantor-kantor pemerintah daerah atau kampus-kampus dalam satu kota dengan serat optik.;Menghubungkan banyak LAN dalam satu wilayah kota.
361;Fase E;06;Dasar-Dasar Jaringan Komputer;11;WAN (Wide Area Network);Jaringan berskala luas antarkota, antarnegara, atau antarbenua, umumnya menyewa jalur dari operator/ISP. Internet adalah WAN terbesar.;Menghubungkan kantor pusat dengan cabang di kota lain.
362;Fase E;06;Dasar-Dasar Jaringan Komputer;12;Internet;"Jaringan global yang menghubungkan jutaan jaringan di seluruh dunia dengan protokol TCP/IP; tidak dimiliki siapa pun, dikelola bersama lewat standar (IETF, ICANN).";Akses informasi, komunikasi, dan layanan digital global.
363;Fase E;06;Dasar-Dasar Jaringan Komputer;13;Intranet dan Extranet;Intranet: jaringan internal organisasi yang memakai teknologi internet (web, email) tetapi tertutup untuk umum. Extranet: intranet yang dibuka terbatas untuk mitra/pelanggan.;Sistem informasi sekolah/perusahaan yang hanya bisa diakses orang dalam atau mitra.
364;Fase E;06;Dasar-Dasar Jaringan Komputer;14;SOHO (Small Office/Home Office);Jaringan skala kecil untuk rumah atau kantor kecil, biasanya satu router Wi-Fi all-in-one dari ISP dan belasan perangkat.;Pasar terbesar untuk jasa instalasi dan perbaikan jaringan dasar.
365;Fase E;06;Dasar-Dasar Jaringan Komputer;15;Enterprise Network;Jaringan skala besar organisasi dengan ratusan–ribuan perangkat, banyak VLAN, server, dan lapisan keamanan.;Menuntut perencanaan hierarkis, redundansi, dan manajemen terpusat.
366;Fase E;06;Dasar-Dasar Jaringan Komputer;16;Topologi Jaringan;"Pola susunan hubungan antar-perangkat dalam jaringan. Topologi fisik menggambarkan letak kabel/perangkat nyata; topologi logis menggambarkan alur data.";Menentukan biaya, kemudahan perawatan, dan ketahanan jaringan terhadap kerusakan.
367;Fase E;06;Dasar-Dasar Jaringan Komputer;17;Topologi Bus;"Semua perangkat terhubung ke satu kabel utama (backbone) dengan terminator di kedua ujung; teknologi lama dengan kabel coaxial.";"Murah, tetapi jika kabel utama putus semua terputus; kini hanya untuk pemahaman sejarah."
368;Fase E;06;Dasar-Dasar Jaringan Komputer;18;Topologi Star (Bintang);Semua perangkat terhubung ke satu titik pusat (switch/hub) dengan kabel masing-masing. Topologi paling umum di LAN modern.;"Jika satu kabel putus hanya satu perangkat terganggu; mudah menambah perangkat; titik pusat menjadi kelemahan."
369;Fase E;06;Dasar-Dasar Jaringan Komputer;19;Topologi Ring (Cincin);Perangkat terhubung membentuk lingkaran, data mengalir searah melewati tiap node (Token Ring, FDDI). Masih dipakai di backbone serat optik operator (dengan ring ganda).;"Tanpa tabrakan data; putus di satu titik bisa mengganggu kecuali ada ring cadangan."
370;Fase E;06;Dasar-Dasar Jaringan Komputer;20;Topologi Mesh (Jala);"Setiap perangkat terhubung ke banyak perangkat lain (full mesh: semua ke semua; partial mesh: sebagian). Dipakai di backbone internet dan Wi-Fi mesh.";Sangat tahan gangguan karena banyak jalur alternatif, tetapi mahal dan rumit.
371;Fase E;06;Dasar-Dasar Jaringan Komputer;21;Topologi Tree / Hierarchical (Pohon);Gabungan beberapa star yang disusun bertingkat: switch pusat → switch lantai → komputer. Cisco menyebutnya model tiga lapis: Core, Distribution, Access.;"Cocok untuk gedung bertingkat/kampus; mudah dikembangkan dan dikelola."
372;Fase E;06;Dasar-Dasar Jaringan Komputer;22;Topologi Hybrid;Kombinasi dua atau lebih topologi, misalnya star di tiap ruangan dan ring serat optik antar-gedung.;Menyesuaikan kelebihan tiap topologi dengan kondisi lapangan.
373;Fase E;06;Dasar-Dasar Jaringan Komputer;23;Point-to-Point dan Point-to-Multipoint;Point-to-point: satu sambungan langsung antara dua titik (radio link antar-gedung). Point-to-multipoint: satu pusat melayani banyak titik (BTS ke pelanggan, AP ke klien).;Dasar perancangan link nirkabel dan WAN.
374;Fase E;06;Dasar-Dasar Jaringan Komputer;24;Backbone;Jalur utama berkapasitas besar yang menghubungkan segmen-segmen jaringan (antar-lantai, antar-gedung, antar-kota), biasanya serat optik.;"Menampung lalu lintas gabungan; harus paling cepat dan andal."
375;Fase E;06;Dasar-Dasar Jaringan Komputer;25;Protokol;Kumpulan aturan yang disepakati agar perangkat bisa saling berkomunikasi: format data, urutan, kecepatan, penanganan kesalahan. Ibarat bahasa dan tata krama percakapan.;Perangkat dari merek berbeda dapat saling bicara asalkan memakai protokol yang sama.
376;Fase E;06;Dasar-Dasar Jaringan Komputer;26;Standar dan Lembaga Standar (IEEE, IETF, ISO, ITU, TIA/EIA, IANA/ICANN);IEEE membuat standar Ethernet (802.3) dan Wi-Fi (802.11). IETF menerbitkan RFC untuk protokol internet (TCP/IP, DNS, HTTP). ISO membuat model OSI. ITU mengatur telekomunikasi dunia. TIA/EIA mengatur pengkabelan. IANA/ICANN mengelola alamat IP dan domain.;Menjamin kompatibilitas perangkat dan layanan di seluruh dunia.
377;Fase E;06;Dasar-Dasar Jaringan Komputer;27;RFC (Request for Comments);Dokumen resmi IETF yang mendefinisikan protokol internet, misalnya RFC 791 (IP), RFC 1918 (IP privat), RFC 2131 (DHCP).;Rujukan asli saat ingin memahami detail protokol.
378;Fase E;06;Dasar-Dasar Jaringan Komputer;28;Model OSI (Open Systems Interconnection);"Model acuan 7 lapisan dari ISO yang membagi proses komunikasi jaringan: 7 Application, 6 Presentation, 5 Session, 4 Transport, 3 Network, 2 Data Link, 1 Physical. Jembatan keledai: ""Anak Pak Soleh Tidak Nakal Dan Pintar"" (dari atas ke bawah).";Memahami cara kerja jaringan tahap demi tahap dan melacak masalah lapisan per lapisan.
379;Fase E;06;Dasar-Dasar Jaringan Komputer;29;Layer 1 – Physical (Fisik);Lapisan yang mengurus pengiriman bit (0 dan 1) lewat media: kabel tembaga, serat optik, gelombang radio, konektor, tegangan, dan kecepatan sinyal. Perangkat: kabel, hub, repeater, NIC (sebagian).;Jika lapisan ini gagal (kabel putus, sinyal lemah), semua lapisan di atasnya ikut gagal.
380;Fase E;06;Dasar-Dasar Jaringan Komputer;30;Layer 2 – Data Link;Lapisan yang mengemas bit menjadi frame, memberi alamat fisik (MAC address), mendeteksi kesalahan (FCS/CRC), dan mengatur akses media (CSMA/CD, CSMA/CA). Perangkat: switch, bridge, NIC. Protokol: Ethernet, Wi-Fi, PPP. Sub-lapisan: LLC dan MAC.;Pengiriman data antar-perangkat dalam satu jaringan lokal.
381;Fase E;06;Dasar-Dasar Jaringan Komputer;31;Layer 3 – Network;Lapisan pengalamatan logis (IP address) dan penentuan jalur (routing) antar-jaringan. Perangkat: router, switch Layer 3. Protokol: IPv4, IPv6, ICMP, OSPF, RIP.;Membawa paket dari jaringan asal ke jaringan tujuan melewati banyak router.
382;Fase E;06;Dasar-Dasar Jaringan Komputer;32;Layer 4 – Transport;Lapisan yang mengatur pengiriman ujung-ke-ujung antar-aplikasi dengan nomor port: TCP (andal, berurutan) dan UDP (cepat, tanpa jaminan). Mengelola segmentasi, kontrol aliran, dan koreksi kesalahan.;Memastikan data sampai ke aplikasi yang benar dengan tingkat keandalan yang sesuai.
383;Fase E;06;Dasar-Dasar Jaringan Komputer;33;Layer 5 – Session;Lapisan yang membuka, mengelola, dan menutup sesi komunikasi antar-aplikasi (misalnya sesi login, sesi video call).;Menjaga percakapan antar-aplikasi tetap terorganisasi.
384;Fase E;06;Dasar-Dasar Jaringan Komputer;34;Layer 6 – Presentation;Lapisan yang menerjemahkan format data agar dimengerti kedua pihak: enkripsi/dekripsi (TLS), kompresi, pengkodean karakter (ASCII, UTF-8), format gambar (JPEG).;Data dari sistem berbeda tetap terbaca dan aman.
385;Fase E;06;Dasar-Dasar Jaringan Komputer;35;Layer 7 – Application;Lapisan terdekat dengan pengguna yang menyediakan layanan jaringan bagi aplikasi: HTTP/HTTPS (web), SMTP/POP3/IMAP (email), FTP, DNS, DHCP, SSH.;Antarmuka antara program pengguna dan jaringan.
386;Fase E;06;Dasar-Dasar Jaringan Komputer;36;Model TCP/IP (Internet Model);Model 4 lapisan yang benar-benar dipakai internet: Application (OSI 5–7), Transport (OSI 4), Internet (OSI 3), Network Access/Link (OSI 1–2). Versi lain menyebut 5 lapisan dengan memisahkan Physical.;"Kerangka praktis semua komunikasi internet; OSI lebih untuk pembelajaran."
387;Fase E;06;Dasar-Dasar Jaringan Komputer;37;Enkapsulasi dan Dekapsulasi;Enkapsulasi: saat mengirim, setiap lapisan menambahkan header (dan trailer) ke data dari lapisan di atasnya, seperti memasukkan surat ke amplop bertingkat. Dekapsulasi: penerima membuka lapisan satu per satu.;Menjelaskan mengapa satu data bisa membawa alamat MAC, IP, dan port sekaligus.
388;Fase E;06;Dasar-Dasar Jaringan Komputer;38;PDU (Protocol Data Unit);Nama satuan data di tiap lapisan: Data (Application), Segment (TCP) / Datagram (UDP), Packet (Network), Frame (Data Link), Bit (Physical).;Menggunakan istilah yang tepat saat menganalisis lalu lintas.
389;Fase E;06;Dasar-Dasar Jaringan Komputer;39;Header, Payload, dan Trailer;Header: informasi kendali di depan (alamat asal/tujuan, nomor urut). Payload: isi data sebenarnya. Trailer: informasi di belakang (FCS untuk cek kesalahan pada frame).;Membaca hasil tangkapan Wireshark dan memahami overhead jaringan.
390;Fase E;06;Dasar-Dasar Jaringan Komputer;40;Ethernet (IEEE 802.3);Standar jaringan kabel LAN paling umum yang mengatur format frame, alamat MAC, dan media (kabel tembaga/serat). Varian: Ethernet 10 Mbps, Fast Ethernet 100 Mbps, Gigabit 1 Gbps, 2.5G/5G/10G, 40G, 100G.;Teknologi dasar hampir semua LAN kabel di dunia.
391;Fase E;06;Dasar-Dasar Jaringan Komputer;41;Frame Ethernet;Unit data Layer 2 yang berisi preamble, MAC tujuan, MAC asal, tipe/panjang, payload (46–1500 byte), dan FCS.;Membungkus paket IP agar bisa dikirim lewat LAN.
392;Fase E;06;Dasar-Dasar Jaringan Komputer;42;MAC Address (Media Access Control / Alamat Fisik);Alamat unik 48 bit yang tertanam di setiap NIC, ditulis heksadesimal misalnya 00:1A:2B:3C:4D:5E. 24 bit pertama (OUI) menunjukkan pabrikan. Berlaku di Layer 2 dan tidak berubah saat pindah jaringan.;"Mengalamati perangkat dalam satu LAN; dipakai switch untuk meneruskan frame dan untuk MAC filtering."
393;Fase E;06;Dasar-Dasar Jaringan Komputer;43;IP Address (Alamat IP);Alamat logis Layer 3 yang mengidentifikasi perangkat di jaringan dan bisa berubah sesuai jaringan tempatnya berada. Ada IPv4 (32 bit) dan IPv6 (128 bit).;Mengalamati perangkat antar-jaringan sehingga data bisa di-routing sampai tujuan.
394;Fase E;06;Dasar-Dasar Jaringan Komputer;44;IPv4;Alamat 32 bit yang ditulis 4 oktet desimal (0–255) dipisah titik, misalnya 192.168.1.10. Totalnya sekitar 4,3 miliar alamat dan sudah habis dialokasikan.;Masih menjadi pengalamatan utama di LAN dan sebagian besar internet.
395;Fase E;06;Dasar-Dasar Jaringan Komputer;45;IPv6;Alamat 128 bit ditulis 8 blok heksadesimal dipisah titik dua, misalnya 2001:db8:0:0:0:0:0:1 disingkat 2001:db8::1. Jumlahnya 340 undesiliun (3,4×10^38).;Solusi habisnya IPv4, tanpa NAT, dengan konfigurasi otomatis (SLAAC).
396;Fase E;06;Dasar-Dasar Jaringan Komputer;46;Subnet Mask;Angka 32 bit (misalnya 255.255.255.0 atau /24) yang memisahkan bagian jaringan (network) dan bagian host dari alamat IPv4.;Menentukan apakah tujuan berada di jaringan yang sama (kirim langsung) atau berbeda (kirim ke gateway).
397;Fase E;06;Dasar-Dasar Jaringan Komputer;47;Network ID, Host ID, dan Broadcast Address;Network ID: alamat pertama yang mewakili jaringan (host bit semua 0, misalnya 192.168.1.0). Host ID: bagian yang membedakan tiap perangkat. Broadcast: alamat terakhir (host bit semua 1, misalnya 192.168.1.255) untuk mengirim ke semua host.;"Dua alamat ini tidak boleh dipakai untuk perangkat; dasar perhitungan subnetting."
398;Fase E;06;Dasar-Dasar Jaringan Komputer;48;Default Gateway;"Alamat IP router yang menjadi ""pintu keluar"" perangkat saat berkomunikasi ke jaringan lain/internet, misalnya 192.168.1.1.";Tanpa gateway yang benar, perangkat hanya bisa bicara dengan jaringan lokalnya.
399;Fase E;06;Dasar-Dasar Jaringan Komputer;49;IP Publik dan IP Privat;IP publik: unik di seluruh internet, diberikan ISP. IP privat (RFC 1918): hanya berlaku di jaringan lokal dan gratis dipakai siapa pun: 10.0.0.0/8, 172.16.0.0/12, 192.168.0.0/16. Perangkat ber-IP privat mengakses internet lewat NAT.;Menghemat IP publik dan menambah lapisan keamanan bagi jaringan lokal.
400;Fase E;06;Dasar-Dasar Jaringan Komputer;50;IP Statis dan IP Dinamis;Statis: diatur manual dan tetap (untuk server, printer, router, AP). Dinamis: diberikan otomatis oleh DHCP dan bisa berubah (untuk laptop, HP).;Memudahkan pengelolaan: perangkat penting selalu punya alamat yang sama.
401;Fase E;06;Dasar-Dasar Jaringan Komputer;51;Loopback dan localhost;"Alamat 127.0.0.1 (IPv6: ::1) yang selalu merujuk ke komputer sendiri; nama hostnya localhost.";Menguji apakah TCP/IP dan aplikasi server di komputer sendiri berjalan (misalnya buka http://localhost).
402;Fase E;06;Dasar-Dasar Jaringan Komputer;52;APIPA (169.254.x.x);Alamat otomatis yang dipasang Windows/perangkat saat gagal mendapat IP dari DHCP (Automatic Private IP Addressing), rentang 169.254.0.0/16.;Munculnya alamat ini menandakan DHCP server tidak terjangkau atau kabel bermasalah.
403;Fase E;06;Dasar-Dasar Jaringan Komputer;53;TCP (Transmission Control Protocol);Protokol transport yang andal: membangun koneksi (three-way handshake), memberi nomor urut, meminta kirim ulang jika hilang, dan mengatur kecepatan. Dipakai HTTP, email, FTP, SSH.;Menjamin data sampai lengkap dan berurutan, cocok untuk file dan web.
404;Fase E;06;Dasar-Dasar Jaringan Komputer;54;UDP (User Datagram Protocol);Protokol transport tanpa koneksi dan tanpa jaminan sampai, tetapi ringan dan cepat. Dipakai DNS, DHCP, VoIP, video streaming, game online.;Cocok saat kecepatan lebih penting daripada kelengkapan (suara terlambat lebih buruk daripada suara sedikit hilang).
405;Fase E;06;Dasar-Dasar Jaringan Komputer;55;Three-Way Handshake;Tiga langkah pembukaan koneksi TCP: klien kirim SYN → server balas SYN-ACK → klien balas ACK. Penutupan memakai FIN/ACK.;"Memastikan kedua pihak siap sebelum bertukar data; dasar memahami serangan SYN flood."
406;Fase E;06;Dasar-Dasar Jaringan Komputer;56;Port (Nomor Port);Angka 0–65535 yang mengidentifikasi aplikasi/layanan di sebuah host. Well-known (0–1023) untuk layanan standar, registered (1024–49151), dynamic/ephemeral (49152–65535) untuk klien.;Satu IP bisa melayani banyak layanan sekaligus (web di 80, SSH di 22).
407;Fase E;06;Dasar-Dasar Jaringan Komputer;57;Daftar Port Penting;FTP 20/21, SSH 22, Telnet 23, SMTP 25, DNS 53, DHCP 67/68, TFTP 69, HTTP 80, POP3 110, NTP 123, IMAP 143, SNMP 161/162, LDAP 389, HTTPS 443, SMB 445, Syslog 514, SMTPS 465, IMAPS 993, POP3S 995, MySQL 3306, RDP 3389, Winbox 8291, Proxy 3128/8080.;Wajib hafal untuk konfigurasi firewall, port forwarding, dan troubleshooting.
408;Fase E;06;Dasar-Dasar Jaringan Komputer;58;Socket;Kombinasi alamat IP dan nomor port (misalnya 192.168.1.10:80) yang mengidentifikasi satu ujung koneksi.;Menjelaskan bagaimana OS membedakan banyak koneksi sekaligus.
409;Fase E;06;Dasar-Dasar Jaringan Komputer;59;ICMP (Internet Control Message Protocol);Protokol Layer 3 untuk pesan kendali dan kesalahan: echo request/reply (ping), destination unreachable, time exceeded (traceroute).;Alat diagnosis jaringan paling dasar.
410;Fase E;06;Dasar-Dasar Jaringan Komputer;60;ARP (Address Resolution Protocol);"Protokol yang menerjemahkan alamat IP menjadi alamat MAC di jaringan lokal dengan cara menyiarkan pertanyaan ""siapa pemilik IP ini?"". Hasilnya disimpan di ARP table (arp -a).";"Tanpa ARP, frame Ethernet tidak tahu MAC tujuan; juga sasaran serangan ARP spoofing."
411;Fase E;06;Dasar-Dasar Jaringan Komputer;61;IP (Internet Protocol) dan Paket IP;Protokol Layer 3 yang mengalamati dan mengirim paket secara best-effort (tanpa jaminan). Header IPv4 memuat versi, TTL, protokol, alamat asal, dan tujuan.;"Dasar semua komunikasi internet; keandalan diserahkan ke TCP."
412;Fase E;06;Dasar-Dasar Jaringan Komputer;62;TTL (Time To Live);"Angka pada header IP yang dikurangi 1 setiap melewati router; paket dibuang saat mencapai 0. Nilai awal umum: Windows 128, Linux 64, perangkat jaringan 255.";"Mencegah paket berputar selamanya; hasil ping menunjukkan perkiraan OS tujuan dan jumlah hop."
413;Fase E;06;Dasar-Dasar Jaringan Komputer;63;MTU (Maximum Transmission Unit) dan Fragmentasi;Ukuran maksimal paket yang bisa dikirim satu kali di suatu link (Ethernet 1500 byte, PPPoE 1492). Paket yang lebih besar dipecah (fragmentasi) atau dibuang jika bit DF aktif.;MTU yang salah menyebabkan situs tertentu tidak terbuka meski ping normal.
414;Fase E;06;Dasar-Dasar Jaringan Komputer;64;Checksum, CRC, dan FCS;"Nilai pemeriksa kesalahan yang dihitung dari isi data; penerima menghitung ulang dan membuang data jika tidak cocok. FCS (Frame Check Sequence) memakai CRC pada frame Ethernet.";Mendeteksi data rusak akibat gangguan sinyal atau kabel buruk.
415;Fase E;06;Dasar-Dasar Jaringan Komputer;65;Unicast, Broadcast, Multicast, Anycast;Unicast: satu ke satu. Broadcast: satu ke semua host di jaringan lokal (MAC FF:FF:FF:FF:FF:FF). Multicast: satu ke kelompok yang berlangganan (224.0.0.0/4, misalnya IPTV). Anycast: ke satu tujuan terdekat dari banyak server identik (DNS 8.8.8.8).;Memahami jenis lalu lintas membantu merancang VLAN dan mendiagnosis broadcast storm.
416;Fase E;06;Dasar-Dasar Jaringan Komputer;66;Collision Domain dan CSMA/CD;"Collision domain: area di mana dua perangkat yang mengirim bersamaan akan bertabrakan (semua port hub adalah satu collision domain; tiap port switch adalah domain terpisah). CSMA/CD adalah cara Ethernet lama menangani tabrakan.";Menjelaskan mengapa switch jauh lebih baik daripada hub.
417;Fase E;06;Dasar-Dasar Jaringan Komputer;67;Broadcast Domain;"Area yang dijangkau satu paket broadcast; semua port switch dalam satu VLAN adalah satu broadcast domain, sedangkan router/VLAN memisahkannya.";"Broadcast domain terlalu besar membuat jaringan lambat; dipecah dengan VLAN atau router."
418;Fase E;06;Dasar-Dasar Jaringan Komputer;68;Simplex, Half Duplex, Full Duplex;Simplex: satu arah saja (siaran radio). Half duplex: dua arah bergantian (walkie-talkie, hub, Wi-Fi). Full duplex: dua arah bersamaan (telepon, switch ke PC).;Duplex mismatch (satu sisi full, sisi lain half) menyebabkan koneksi lambat dan error.
419;Fase E;06;Dasar-Dasar Jaringan Komputer;69;Bandwidth;Kapasitas maksimum jalur dalam bit per detik (bps, Kbps, Mbps, Gbps), ibarat lebar jalan raya. Koneksi 100 Mbps berarti maksimal 100 juta bit per detik.;Menentukan paket internet dan kapasitas kabel/perangkat yang dibutuhkan.
420;Fase E;06;Dasar-Dasar Jaringan Komputer;70;Throughput dan Goodput;Throughput: kecepatan data nyata yang berhasil lewat (selalu lebih kecil dari bandwidth karena overhead, gangguan, dan antrian). Goodput: hanya data berguna bagi aplikasi.;Ukuran kinerja sebenarnya yang dirasakan pengguna (hasil speedtest).
421;Fase E;06;Dasar-Dasar Jaringan Komputer;71;bps vs Bps (Mbps vs MBps);"bps = bit per detik (ukuran jaringan); Bps = byte per detik (ukuran unduhan di browser). 1 Byte = 8 bit, jadi 100 Mbps ≈ 12,5 MB/s.";"Menjelaskan kepada pelanggan mengapa unduhan ""hanya"" 12 MB/s pada paket 100 Mbps."
422;Fase E;06;Dasar-Dasar Jaringan Komputer;72;Latency / Delay / Ping (ms);"Waktu tempuh paket dari asal ke tujuan dan kembali (round-trip time), dalam milidetik. LAN: kurang dari 1 ms; internet dalam negeri: 10–50 ms; satelit GEO: 600 ms.";"Menentukan kenyamanan game online, VoIP, dan video call; bukan hanya soal bandwidth."
423;Fase E;06;Dasar-Dasar Jaringan Komputer;73;Jitter;Variasi (ketidakstabilan) latency antar-paket. Jitter tinggi membuat suara VoIP terputus-putus meski rata-rata ping rendah.;"Ukuran kualitas untuk aplikasi real-time; diatasi dengan QoS dan buffer."
424;Fase E;06;Dasar-Dasar Jaringan Komputer;74;Packet Loss;Persentase paket yang hilang di perjalanan karena kabel buruk, interferensi, atau kemacetan. Di atas 1–2% sudah mengganggu suara/video.;Indikator gangguan fisik atau kepadatan jaringan.
425;Fase E;06;Dasar-Dasar Jaringan Komputer;75;Congestion (Kemacetan);Kondisi lalu lintas melebihi kapasitas jalur/perangkat sehingga antrian menumpuk, latency naik, dan paket dibuang.;Diatasi dengan menambah bandwidth, QoS, atau membagi beban.
426;Fase E;06;Dasar-Dasar Jaringan Komputer;76;Upload dan Download (Uplink/Downlink);Download/downlink: data dari internet ke pengguna. Upload/uplink: data dari pengguna ke internet. Paket rumahan sering asimetris (download lebih besar).;Video call, CCTV cloud, dan hosting butuh upload yang cukup.
427;Fase E;06;Dasar-Dasar Jaringan Komputer;77;Hub;"Perangkat Layer 1 yang meneruskan sinyal masuk ke semua port tanpa pandang bulu; satu collision domain, half duplex. Sudah usang.";Pembanding untuk memahami keunggulan switch.
428;Fase E;06;Dasar-Dasar Jaringan Komputer;78;Repeater;Perangkat Layer 1 yang menguatkan/membangkitkan ulang sinyal agar bisa menempuh jarak lebih jauh (kabel UTP maksimal 100 m). Wi-Fi extender adalah repeater nirkabel.;Memperpanjang jangkauan jaringan tanpa mengubah desain.
429;Fase E;06;Dasar-Dasar Jaringan Komputer;79;Bridge;"Perangkat Layer 2 yang menghubungkan dua segmen jaringan dan memisahkan collision domain berdasarkan MAC address; switch adalah bridge multiport. Di MikroTik, ""bridge"" menggabungkan beberapa port menjadi satu LAN.";Menggabungkan segmen kabel dan nirkabel menjadi satu jaringan.
430;Fase E;06;Dasar-Dasar Jaringan Komputer;80;Switch;Perangkat Layer 2 yang meneruskan frame hanya ke port tujuan berdasarkan tabel MAC address, full duplex, tiap port collision domain sendiri. Ada unmanaged (colok pakai) dan managed (bisa VLAN, monitoring).;Perangkat pusat LAN modern yang menghubungkan komputer, printer, AP, dan server.
431;Fase E;06;Dasar-Dasar Jaringan Komputer;81;Switch Layer 3 (Multilayer Switch);Switch managed yang juga bisa melakukan routing antar-VLAN dengan kecepatan hardware.;Menggantikan router untuk routing internal di jaringan kampus/gedung.
432;Fase E;06;Dasar-Dasar Jaringan Komputer;82;Router;Perangkat Layer 3 yang menghubungkan jaringan berbeda dan memilih jalur terbaik berdasarkan alamat IP dan tabel routing. Contoh: MikroTik, Cisco, router Wi-Fi rumahan.;"Gerbang antar-jaringan dan ke internet; menjalankan NAT, DHCP, firewall."
433;Fase E;06;Dasar-Dasar Jaringan Komputer;83;Gateway;Titik penghubung antar-jaringan yang berbeda, biasanya router. Dalam arti luas juga penerjemah protokol (VoIP gateway, IoT gateway).;Menjadi jalan keluar-masuk lalu lintas jaringan lokal.
434;Fase E;06;Dasar-Dasar Jaringan Komputer;84;Modem (Modulator-Demodulator);Perangkat pengubah sinyal digital komputer ke sinyal media ISP dan sebaliknya: modem ADSL (telepon), modem kabel (coaxial), ONT (serat optik), modem 4G/5G.;Menghubungkan jaringan lokal ke jalur akses ISP.
435;Fase E;06;Dasar-Dasar Jaringan Komputer;85;Access Point (AP);Perangkat yang memancarkan Wi-Fi dan menjembatani klien nirkabel ke jaringan kabel (Layer 2). Berbeda dengan wireless router yang juga punya fungsi routing/NAT/DHCP.;"Menyediakan akses nirkabel di area tertentu; dipasang banyak di gedung besar."
436;Fase E;06;Dasar-Dasar Jaringan Komputer;86;Wireless Router / Router ISP All-in-One;Perangkat gabungan modem/ONT + router + switch + access point dalam satu kotak, umum diberikan ISP ke pelanggan rumahan.;"Solusi praktis SOHO; untuk jaringan lebih besar fungsinya dipisah."
437;Fase E;06;Dasar-Dasar Jaringan Komputer;87;Firewall (Perangkat);Perangkat/perangkat lunak yang menyaring lalu lintas berdasarkan aturan (IP, port, protokol, status koneksi). Bisa berupa fitur router, server (pfSense), atau appliance khusus (FortiGate).;"Melindungi jaringan dari akses tidak sah; dibahas detail di Keamanan Jaringan."
438;Fase E;06;Dasar-Dasar Jaringan Komputer;88;NIC (Network Interface Card) / Interface;"Antarmuka fisik atau logis tempat perangkat terhubung ke jaringan; pada router disebut interface (ether1, wlan1, sfp1).";Setiap koneksi jaringan berawal dari sebuah interface dengan MAC dan IP.
439;Fase E;06;Dasar-Dasar Jaringan Komputer;89;Link, Link Up/Down, dan LED Indikator;"Link adalah sambungan fisik aktif antara dua port. LED hijau/oranye menunjukkan link (nyala) dan aktivitas (berkedip); warna sering menandakan kecepatan.";Pemeriksaan pertama saat troubleshooting: tidak ada lampu berarti masalah fisik.
440;Fase E;06;Dasar-Dasar Jaringan Komputer;90;Auto-Negotiation dan Auto MDI-X;Auto-negotiation: dua port otomatis menyepakati kecepatan dan duplex tertinggi. Auto MDI-X: port otomatis menyesuaikan kabel straight/cross.;Perangkat modern tidak lagi perlu kabel cross untuk PC ke PC.
441;Fase E;06;Dasar-Dasar Jaringan Komputer;91;HTTP dan HTTPS;"HTTP (port 80): protokol pengiriman halaman web berbentuk teks polos. HTTPS (port 443): HTTP yang dienkripsi TLS sehingga aman dari penyadapan; ditandai gembok di browser.";"Dasar layanan web; HTTPS kini wajib untuk situs mana pun."
442;Fase E;06;Dasar-Dasar Jaringan Komputer;92;URL, Domain, dan TLD;URL adalah alamat lengkap sumber daya (https://www.sekolah.sch.id/berita). Domain adalah nama unik (sekolah.sch.id). TLD adalah akhiran (.com, .id, .sch.id untuk sekolah, .go.id pemerintah, .ac.id kampus).;"Manusia lebih mudah mengingat nama daripada IP; DNS menerjemahkannya."
443;Fase E;06;Dasar-Dasar Jaringan Komputer;93;DNS (Domain Name System);"Sistem ""buku telepon internet"" yang menerjemahkan nama domain menjadi alamat IP (dan sebaliknya) melalui hierarki server root → TLD → authoritative. Port 53.";"Tanpa DNS, pengguna harus mengetik IP; DNS bermasalah = ""internet mati"" padahal koneksi hidup."
444;Fase E;06;Dasar-Dasar Jaringan Komputer;94;DHCP (Dynamic Host Configuration Protocol);Protokol pemberi konfigurasi IP otomatis (alamat, subnet mask, gateway, DNS, lease time) kepada klien melalui proses DORA: Discover, Offer, Request, Acknowledge. Port UDP 67/68.;Menghemat waktu dan mencegah konflik IP di jaringan dengan banyak perangkat.
445;Fase E;06;Dasar-Dasar Jaringan Komputer;95;FTP, SFTP, dan TFTP;FTP (port 21): transfer file klasik, tidak terenkripsi. SFTP: transfer file lewat SSH (port 22), aman. TFTP (UDP 69): versi sangat sederhana untuk backup/upload firmware perangkat jaringan.;Memindahkan file ke/dari server dan perangkat jaringan.
446;Fase E;06;Dasar-Dasar Jaringan Komputer;96;SMTP, POP3, dan IMAP;SMTP (25/465/587): mengirim email. POP3 (110/995): mengunduh email lalu (biasanya) menghapus dari server. IMAP (143/993): membaca email yang tetap tersimpan di server, sinkron di banyak perangkat.;Protokol di balik semua layanan email.
447;Fase E;06;Dasar-Dasar Jaringan Komputer;97;Telnet dan SSH;Telnet (23): akses terminal jarak jauh berbentuk teks polos (tidak aman, hanya untuk lab). SSH (22): akses terminal jarak jauh terenkripsi, standar mengelola server dan router.;Konfigurasi perangkat tanpa harus di depan mesinnya.
448;Fase E;06;Dasar-Dasar Jaringan Komputer;98;NTP (Network Time Protocol);Protokol sinkronisasi jam perangkat dengan server waktu (pool.ntp.org, time.google.com, ntp.bmkg.go.id). Port UDP 123.;Waktu seragam penting untuk log, sertifikat, autentikasi, dan hotspot voucher.
449;Fase E;06;Dasar-Dasar Jaringan Komputer;99;SNMP (Simple Network Management Protocol);Protokol untuk memantau dan mengelola perangkat jaringan (trafik port, CPU, suhu) dari aplikasi monitoring dengan community string dan OID. Port 161/162.;Dasar sistem monitoring seperti Zabbix, Cacti, PRTG, The Dude.
450;Fase E;06;Dasar-Dasar Jaringan Komputer;100;SMB/CIFS dan NFS;Protokol berbagi file dan printer di jaringan: SMB/CIFS (Windows, Samba di Linux, port 445) dan NFS (khas Linux/Unix).;File sharing antar-komputer dan ke server file/NAS.
451;Fase E;06;Dasar-Dasar Jaringan Komputer;101;Workgroup dan Domain (Windows);Workgroup: kelompok komputer setara tanpa server pusat, tiap PC mengelola akun sendiri. Domain: komputer bergabung ke Active Directory sehingga akun dan kebijakan dikelola terpusat.;"Workgroup untuk jaringan kecil; domain untuk sekolah/kantor besar."
452;Fase E;06;Dasar-Dasar Jaringan Komputer;102;File dan Printer Sharing / Map Network Drive;Fitur berbagi folder/printer di Windows (dengan izin pengguna) dan memetakan folder jaringan sebagai drive huruf (misalnya Z:).;Praktik dasar jaringan peer-to-peer di lab sekolah.
453;Fase E;06;Dasar-Dasar Jaringan Komputer;103;ipconfig / ifconfig / ip addr;"Perintah menampilkan konfigurasi IP komputer: ipconfig /all (Windows), ip addr atau ifconfig (Linux). Opsi /release dan /renew meminta IP baru dari DHCP; /flushdns menghapus cache DNS.";Langkah pertama memeriksa apakah komputer mendapat IP, gateway, dan DNS yang benar.
454;Fase E;06;Dasar-Dasar Jaringan Komputer;104;ping;"Perintah mengirim ICMP echo request ke tujuan dan mengukur waktu balasannya. ping 8.8.8.8 menguji internet; ping google.com sekaligus menguji DNS; ping -t (Windows) terus-menerus.";"Menguji konektivitas dan latency; pesan ""Request timed out"" atau ""Destination host unreachable"" memberi petunjuk masalah."
455;Fase E;06;Dasar-Dasar Jaringan Komputer;105;traceroute / tracert;Menampilkan daftar router (hop) yang dilalui paket menuju tujuan beserta waktunya, memanfaatkan TTL yang dinaikkan bertahap. tracert di Windows, traceroute/mtr di Linux.;Menemukan di hop mana koneksi putus atau lambat.
456;Fase E;06;Dasar-Dasar Jaringan Komputer;106;nslookup / dig;Perintah menanyakan DNS: nslookup google.com (Windows/Linux), dig google.com (Linux, lebih detail).;Memastikan DNS server bekerja dan record domain benar.
457;Fase E;06;Dasar-Dasar Jaringan Komputer;107;netstat / ss;"Menampilkan koneksi aktif dan port yang sedang ""mendengarkan"": netstat -an (Windows), ss -tulpn (Linux).";Mengecek layanan server sudah berjalan di port yang benar dan mendeteksi koneksi mencurigakan.
458;Fase E;06;Dasar-Dasar Jaringan Komputer;108;arp -a;Menampilkan tabel ARP (pasangan IP–MAC) yang dikenal komputer.;Mendeteksi konflik IP atau ARP spoofing (satu IP dengan MAC berubah-ubah).
459;Fase E;06;Dasar-Dasar Jaringan Komputer;109;Konflik IP (IP Conflict);"Dua perangkat memakai alamat IP yang sama sehingga keduanya terganggu; biasanya karena IP statis bentrok dengan pool DHCP.";Dicegah dengan pencatatan IP dan reservasi DHCP.
460;Fase E;06;Dasar-Dasar Jaringan Komputer;110;Network Service (Layanan Jaringan);"Layanan yang disediakan server untuk klien: DHCP, DNS, web, file, print, email, proxy, VPN, autentikasi. Istilah ""networking service"" dalam CP Fase E merujuk pada ini.";Alasan jaringan dibangun: agar layanan-layanan ini bisa dipakai bersama.
461;Fase E;06;Dasar-Dasar Jaringan Komputer;111;Kecepatan Ethernet (10/100/1000/2.5G/10G);Standar kecepatan port: 10BASE-T (10 Mbps), 100BASE-TX Fast Ethernet, 1000BASE-T Gigabit (kabel Cat5e ke atas), 2.5GBASE-T, 10GBASE-T (Cat6a), serta varian serat (1000BASE-SX/LX, 10GBASE-SR/LR).;Memilih switch, NIC, dan kabel yang saling mendukung agar tidak bottleneck.
462;Fase E;06;Dasar-Dasar Jaringan Komputer;112;Segmentasi Jaringan;Membagi jaringan besar menjadi bagian-bagian kecil (dengan subnet, VLAN, atau router) berdasarkan fungsi/departemen.;Mengurangi broadcast, meningkatkan keamanan, dan memudahkan pengelolaan.
463;Fase E;06;Dasar-Dasar Jaringan Komputer;113;Hop;"Satu langkah perpindahan paket melewati satu router. Jumlah hop menunjukkan seberapa ""jauh"" tujuan secara logis.";Dipakai traceroute dan protokol routing (RIP menghitung metrik berdasarkan hop).
464;Fase E;06;Dasar-Dasar Jaringan Komputer;114;Session / Koneksi;"Percakapan data antara dua aplikasi dari awal dibuka sampai ditutup; router/firewall melacaknya dalam connection tracking.";Dasar fitur stateful firewall dan NAT.
465;Fase E;06;Dasar-Dasar Jaringan Komputer;115;Wired vs Wireless;"Jaringan kabel (wired) lebih stabil, cepat, dan aman; nirkabel (wireless) lebih fleksibel dan murah dipasang tetapi rentan gangguan dan penyadapan.";Menentukan media yang tepat: kabel untuk server/PC tetap, nirkabel untuk perangkat bergerak.
466;Fase E;06;Dasar-Dasar Jaringan Komputer;116;Konvergensi Jaringan;Penggabungan suara (telepon), video (CCTV, TV), dan data dalam satu infrastruktur IP.;Menghemat kabel dan perangkat, tetapi menuntut QoS dan keandalan tinggi.
467;Fase E;07;Media Transmisi dan Jaringan Telekomunikasi;1;Telekomunikasi;Pertukaran informasi (suara, teks, gambar, data) jarak jauh melalui media elektronik: telepon, radio, televisi, internet. Sistemnya terdiri dari pengirim (transmitter), media, dan penerima (receiver).;"Landasan seluruh layanan komunikasi modern; jaringan komputer adalah bagian dari telekomunikasi."
468;Fase E;07;Media Transmisi dan Jaringan Telekomunikasi;2;Media Transmisi;Jalur fisik atau non-fisik tempat sinyal data merambat. Guided (terpandu): kabel tembaga dan serat optik. Unguided (tak terpandu): gelombang radio, gelombang mikro, inframerah, cahaya.;Pemilihan media menentukan kecepatan, jarak, biaya, dan keandalan jaringan.
469;Fase E;07;Media Transmisi dan Jaringan Telekomunikasi;3;Sinyal Analog dan Digital;"Analog: sinyal kontinu yang nilainya berubah halus (suara asli, gelombang radio AM/FM). Digital: sinyal bertingkat diskrit yang mewakili 0 dan 1. Komputer bekerja digital; media fisik sering analog sehingga perlu modulasi/encoding.";Memahami mengapa perlu modem, kodek, dan mengapa sinyal digital lebih tahan gangguan.
470;Fase E;07;Media Transmisi dan Jaringan Telekomunikasi;4;Transmitter, Receiver, Transceiver;Transmitter (Tx) mengirim sinyal, receiver (Rx) menerima, transceiver melakukan keduanya (NIC, radio, modul SFP).;Setiap port jaringan pada dasarnya adalah transceiver.
471;Fase E;07;Media Transmisi dan Jaringan Telekomunikasi;5;Baseband dan Broadband;"Baseband: satu sinyal digital memakai seluruh kapasitas media (Ethernet, misalnya 1000BASE-T). Broadband: banyak sinyal dibawa bersamaan pada frekuensi berbeda (TV kabel, ADSL); dalam bahasa sehari-hari berarti internet cepat.";Membedakan cara media dipakai dan memahami istilah pada nama standar.
472;Fase E;07;Media Transmisi dan Jaringan Telekomunikasi;6;Multiplexing (TDM, FDM, WDM);Menggabungkan banyak sinyal dalam satu media: TDM (bergantian berdasarkan waktu), FDM (frekuensi berbeda), WDM (warna cahaya berbeda pada serat optik).;Menghemat media: satu serat bisa membawa puluhan kanal.
473;Fase E;07;Media Transmisi dan Jaringan Telekomunikasi;7;Modulasi (AM, FM, QAM, OFDM);"Proses ""menumpangkan"" data ke gelombang pembawa dengan mengubah amplitudo (AM), frekuensi (FM), fase, atau kombinasi (QAM). OFDM membagi kanal menjadi banyak sub-pembawa (dipakai Wi-Fi, 4G/5G).";"Memungkinkan data digital dikirim lewat radio atau kabel telepon; modulasi tinggi = kecepatan tinggi tetapi butuh sinyal bersih."
474;Fase E;07;Media Transmisi dan Jaringan Telekomunikasi;8;Encoding Sinyal (Manchester, NRZ, 4B/5B);Cara menyatakan bit sebagai perubahan tegangan/cahaya di media, misalnya Manchester pada Ethernet 10 Mbps.;Menjaga sinkronisasi pengirim dan penerima.
475;Fase E;07;Media Transmisi dan Jaringan Telekomunikasi;9;Noise (Derau);Sinyal pengganggu acak yang bercampur dengan sinyal data, berasal dari listrik, motor, petir, atau perangkat lain.;"Semakin tinggi noise, semakin banyak error; diatasi dengan shielding, jarak, dan encoding."
476;Fase E;07;Media Transmisi dan Jaringan Telekomunikasi;10;Interferensi;Gangguan dari sinyal lain pada frekuensi/jalur yang sama atau berdekatan, misalnya dua Wi-Fi tetangga di kanal yang sama, microwave oven pada 2,4 GHz.;"Penyebab utama Wi-Fi lambat; diatasi dengan pemilihan kanal dan penempatan antena."
477;Fase E;07;Media Transmisi dan Jaringan Telekomunikasi;11;Crosstalk;Bocoran sinyal dari satu pasang kabel ke pasang lain di dalam kabel yang sama (NEXT, FEXT). Diredam dengan pilinan (twist) yang rapat.;Alasan pilinan kabel UTP tidak boleh dibuka terlalu panjang (maksimal 13 mm) saat crimping.
478;Fase E;07;Media Transmisi dan Jaringan Telekomunikasi;12;EMI dan RFI (Electromagnetic / Radio Frequency Interference);Gangguan elektromagnetik dari kabel listrik, motor, lampu neon, atau pemancar radio yang mengganggu kabel tembaga.;Kabel data harus dijauhkan dari kabel listrik (minimal 30 cm sejajar) atau memakai STP/serat optik.
479;Fase E;07;Media Transmisi dan Jaringan Telekomunikasi;13;Redaman (Attenuation);"Melemahnya sinyal seiring jarak dan hambatan media, dinyatakan dalam dB. Kabel UTP dibatasi 100 m; serat optik single-mode hanya kehilangan sekitar 0,2–0,35 dB per km.";Menentukan jarak maksimum dan kebutuhan repeater/penguat.
480;Fase E;07;Media Transmisi dan Jaringan Telekomunikasi;14;Desibel (dB, dBm, dBi);"dB: satuan perbandingan logaritmik (3 dB ≈ 2 kali, 10 dB = 10 kali). dBm: daya absolut terhadap 1 mW (0 dBm = 1 mW; −20 dBm = 0,01 mW). dBi: penguatan antena terhadap antena isotropik.";Membaca hasil ukur daya optik, kekuatan sinyal Wi-Fi, dan menghitung link budget.
481;Fase E;07;Media Transmisi dan Jaringan Telekomunikasi;15;SNR (Signal to Noise Ratio);Perbandingan kekuatan sinyal terhadap noise dalam dB. Wi-Fi butuh SNR minimal sekitar 20–25 dB untuk kecepatan baik.;"Kualitas sinyal sebenarnya; sinyal kuat tetapi noise tinggi tetap buruk."
482;Fase E;07;Media Transmisi dan Jaringan Telekomunikasi;16;RSSI (Received Signal Strength Indicator);Kekuatan sinyal yang diterima perangkat nirkabel, dalam dBm negatif: −30 sangat kuat, −67 baik untuk streaming/VoIP, −80 lemah, −90 hampir putus.;Menilai cakupan Wi-Fi/radio link saat survei dan pointing antena.
483;Fase E;07;Media Transmisi dan Jaringan Telekomunikasi;17;Kabel Tembaga (Copper Cable);Media yang menghantarkan sinyal listrik melalui inti tembaga: twisted pair (UTP/STP) dan coaxial. Murah dan mudah dipasang tetapi jarak terbatas dan rentan interferensi.;Media dominan untuk koneksi dalam gedung (PC ke switch).
484;Fase E;07;Media Transmisi dan Jaringan Telekomunikasi;18;Twisted Pair;Kabel berisi pasangan-pasangan kawat yang dipilin agar interferensi saling meniadakan. Kabel LAN memiliki 4 pasang (8 kawat) berwarna oranye, hijau, biru, cokelat beserta pasangan putihnya.;Dasar dari kabel UTP/STP yang menjadi kabel LAN standar.
485;Fase E;07;Media Transmisi dan Jaringan Telekomunikasi;19;UTP (Unshielded Twisted Pair);"Twisted pair tanpa pelindung logam; paling umum, murah, lentur. Untuk dalam ruangan dengan interferensi rendah.";Kabel LAN standar di rumah, sekolah, dan kantor.
486;Fase E;07;Media Transmisi dan Jaringan Telekomunikasi;20;STP / FTP / SFTP (Shielded Twisted Pair);Twisted pair dengan pelindung foil per pasang (STP), foil keseluruhan (FTP), atau keduanya plus anyaman (SFTP). Perlu konektor berpelindung dan grounding.;Untuk area berinterferensi tinggi (pabrik, dekat kabel listrik) atau outdoor.
487;Fase E;07;Media Transmisi dan Jaringan Telekomunikasi;21;Kategori Kabel (Cat5e, Cat6, Cat6a, Cat7, Cat8);Cat5e: 1 Gbps, 100 MHz. Cat6: 1 Gbps/100 m atau 10 Gbps/55 m, 250 MHz, ada pemisah silang. Cat6a: 10 Gbps/100 m, 500 MHz. Cat7: 600 MHz, berpelindung. Cat8: 25/40 Gbps hingga 30 m untuk data center. Cat5 dan Cat3 sudah usang.;"Memilih kabel sesuai kecepatan dan masa depan; minimal Cat5e untuk gigabit, Cat6 dianjurkan untuk instalasi baru."
488;Fase E;07;Media Transmisi dan Jaringan Telekomunikasi;22;Solid vs Stranded (Kawat Tunggal vs Serabut);Solid: tiap kawat satu inti kaku, untuk instalasi tetap dalam dinding/tray (horizontal cabling). Stranded: kawat serabut lentur, untuk patch cord pendek.;Salah pilih menyebabkan kabel mudah putus atau redaman tinggi.
489;Fase E;07;Media Transmisi dan Jaringan Telekomunikasi;23;CCA vs Pure Copper;CCA (Copper Clad Aluminium): inti aluminium berlapis tembaga, murah tetapi redaman tinggi, mudah patah, dan tidak cocok untuk PoE. Pure copper: tembaga murni sesuai standar.;Teknisi profesional menghindari CCA untuk instalasi permanen dan PoE.
490;Fase E;07;Media Transmisi dan Jaringan Telekomunikasi;24;Kabel Indoor vs Outdoor;Kabel outdoor memiliki jaket tahan UV/air (biasanya hitam), kadang berisi gel dan kawat penggantung (messenger/sling) untuk udara. Kabel indoor (abu-abu/biru) cepat rusak jika terkena matahari.;Memilih kabel yang awet sesuai lokasi pemasangan.
491;Fase E;07;Media Transmisi dan Jaringan Telekomunikasi;25;Plenum dan LSZH;Jaket kabel tahan api yang mengeluarkan sedikit asap beracun saat terbakar: Plenum (standar AS untuk ruang udara plafon) dan LSZH (Low Smoke Zero Halogen).;Keselamatan kebakaran di gedung dan data center.
492;Fase E;07;Media Transmisi dan Jaringan Telekomunikasi;26;RJ-45 (8P8C);Konektor 8 pin standar kabel LAN twisted pair. Ada tipe biasa dan pass-through (kawat tembus, lebih mudah dicek), untuk solid/stranded, dan berpelindung untuk STP.;Menghubungkan kabel UTP ke NIC, switch, router, patch panel.
493;Fase E;07;Media Transmisi dan Jaringan Telekomunikasi;27;RJ-11;Konektor 6 posisi (biasanya 2–4 pin) yang lebih kecil, untuk kabel telepon dan ADSL.;Sambungan telepon analog dan modem ADSL.
494;Fase E;07;Media Transmisi dan Jaringan Telekomunikasi;28;Boot RJ-45 (Pelindung Konektor);Selubung karet/plastik di belakang konektor RJ-45 yang melindungi kait pengunci dan mengurangi tekukan kabel.;Konektor lebih awet dan kait tidak mudah patah.
495;Fase E;07;Media Transmisi dan Jaringan Telekomunikasi;29;Standar T568A dan T568B;Urutan warna kawat pada RJ-45 menurut TIA/EIA-568. T568B (paling umum di Indonesia): putih-oranye, oranye, putih-hijau, biru, putih-biru, hijau, putih-cokelat, cokelat. T568A menukar pasangan oranye dan hijau.;Urutan yang konsisten menjamin pasangan yang benar sehingga sinyal tidak terganggu.
496;Fase E;07;Media Transmisi dan Jaringan Telekomunikasi;30;Kabel Straight-Through;Kedua ujung memakai standar yang sama (B–B atau A–A). Dipakai untuk perangkat berbeda jenis: PC ke switch, switch ke router, AP ke switch.;Kabel LAN paling umum.
497;Fase E;07;Media Transmisi dan Jaringan Telekomunikasi;31;Kabel Crossover;Satu ujung T568A, ujung lain T568B, sehingga pin kirim bertemu pin terima. Dulu untuk perangkat sejenis: PC ke PC, switch ke switch. Kini jarang perlu karena Auto MDI-X.;Menghubungkan langsung dua perangkat sejenis pada perangkat lama.
498;Fase E;07;Media Transmisi dan Jaringan Telekomunikasi;32;Kabel Rollover (Console);Urutan pin dibalik total (1↔8, 2↔7, dst.), biasanya biru muda dengan ujung RJ-45 dan DB9/USB.;Mengakses port console router/switch Cisco.
499;Fase E;07;Media Transmisi dan Jaringan Telekomunikasi;33;Pinout dan Pasangan Pin;"Ethernet 100 Mbps memakai pin 1-2 (kirim) dan 3-6 (terima); Gigabit memakai keempat pasang (1-2, 3-6, 4-5, 7-8).";Kesalahan pada pin 4-5/7-8 membuat link jatuh ke 100 Mbps atau PoE gagal.
500;Fase E;07;Media Transmisi dan Jaringan Telekomunikasi;34;Crimping (Mengkrimping);Proses memasang konektor RJ-45 pada kabel UTP: kupas jaket sekitar 2–3 cm, urai dan urutkan warna, ratakan potong, masukkan hingga ujung, jepit dengan tang crimping, lalu uji dengan LAN tester.;Keterampilan wajib pertama siswa TKJ.
501;Fase E;07;Media Transmisi dan Jaringan Telekomunikasi;35;Punch Down (Terminasi ke Keystone/Patch Panel);Memasang kawat UTP ke terminal IDC pada keystone jack atau patch panel dengan punch down tool sesuai kode warna A/B.;Instalasi terstruktur di dinding dan rak yang lebih rapi dan andal daripada konektor RJ-45 langsung.
502;Fase E;07;Media Transmisi dan Jaringan Telekomunikasi;36;Panjang Maksimum 100 Meter;Batas standar satu segmen kabel twisted pair: 90 m kabel permanen + 10 m total patch cord. Lebih dari itu sinyal melemah, link turun ke 100 Mbps atau putus.;"Perencanaan jalur; untuk jarak lebih jauh gunakan serat optik atau switch perantara."
503;Fase E;07;Media Transmisi dan Jaringan Telekomunikasi;37;Kabel Coaxial (Koaksial);Kabel dengan inti tembaga tunggal, isolator, anyaman pelindung, dan jaket luar. Tipe RG-6 (TV kabel, antena, CCTV analog), RG-58 (Ethernet lama 10BASE2), RG-59.;TV kabel, antena, CCTV analog, dan internet kabel (DOCSIS).
504;Fase E;07;Media Transmisi dan Jaringan Telekomunikasi;38;Konektor BNC dan F;BNC: konektor bayonet putar untuk coaxial pada CCTV analog dan jaringan lama. F: konektor ulir untuk TV kabel/parabola.;Menyambungkan kabel coaxial ke perangkat.
505;Fase E;07;Media Transmisi dan Jaringan Telekomunikasi;39;Serat Optik (Fiber Optic / FO);Media transmisi berupa helai kaca/plastik setipis rambut yang membawa data sebagai pulsa cahaya (laser/LED). Kebal interferensi listrik, redaman sangat kecil, kapasitas sangat besar, jarak puluhan km.;"Backbone internet, FTTH, antar-gedung, dan data center; keahlian FO sangat dicari."
506;Fase E;07;Media Transmisi dan Jaringan Telekomunikasi;40;Struktur Serat: Core, Cladding, Coating, Jacket;Core (inti kaca tempat cahaya merambat, 9 µm atau 50/62,5 µm), cladding (selubung kaca 125 µm yang memantulkan cahaya), coating (lapisan pelindung 250 µm), lalu buffer dan jacket luar.;Memahami mengapa serat harus dikupas bertahap dan dijaga kebersihannya.
507;Fase E;07;Media Transmisi dan Jaringan Telekomunikasi;41;Prinsip Pemantulan Internal Total;"Cahaya tetap berada di dalam core karena dipantulkan sempurna oleh cladding yang indeks biasnya lebih rendah, seperti cahaya yang ""terperangkap"" dalam pipa.";Dasar mengapa serat optik bisa membawa cahaya melengkung mengikuti kabel.
508;Fase E;07;Media Transmisi dan Jaringan Telekomunikasi;42;Single-Mode Fiber (SMF);Serat dengan core sangat kecil (9 µm) yang hanya melewatkan satu jalur cahaya (laser 1310/1550 nm). Redaman rendah, jarak hingga 40–100 km. Warna jaket kuning, kode OS1/OS2.;Backbone operator, FTTH, dan antar-kota.
509;Fase E;07;Media Transmisi dan Jaringan Telekomunikasi;43;Multi-Mode Fiber (MMF);Serat dengan core lebih besar (50 atau 62,5 µm) yang melewatkan banyak jalur cahaya (LED/VCSEL 850/1300 nm). Jarak pendek (300–550 m untuk 10G). Warna jaket oranye (OM1/OM2) atau aqua (OM3/OM4).;"Antar-lantai/gedung berdekatan dan di dalam data center; perangkatnya lebih murah."
510;Fase E;07;Media Transmisi dan Jaringan Telekomunikasi;44;Panjang Gelombang Optik (850, 1310, 1490, 1550 nm);"""Warna"" cahaya inframerah yang dipakai: 850 nm (multimode), 1310/1550 nm (single-mode), 1490 nm (GPON downstream). Tidak terlihat mata.";Menyesuaikan modul transceiver, power meter, dan OTDR dengan jenis serat.
511;Fase E;07;Media Transmisi dan Jaringan Telekomunikasi;45;Konektor Serat Optik (SC, LC, ST, FC);SC: kotak dorong-tarik, umum di ONT/OTB. LC: kecil, umum di SFP/data center. ST: bayonet putar, lama. FC: ulir, untuk pengukuran.;"Menyambung serat ke perangkat; harus sesuai tipe port."
512;Fase E;07;Media Transmisi dan Jaringan Telekomunikasi;46;Polish UPC dan APC;Bentuk gosokan ujung ferrule konektor: UPC (rata, warna biru, pantulan lebih besar) dan APC (miring 8°, warna hijau, pantulan sangat kecil). Tidak boleh dicampur karena menaikkan loss.;"GPON/FTTH memakai APC (hijau); Ethernet data center umumnya UPC (biru)."
513;Fase E;07;Media Transmisi dan Jaringan Telekomunikasi;47;Patch Cord dan Pigtail FO;Patch cord: kabel serat pendek berkonektor di kedua ujung. Pigtail: hanya satu ujung berkonektor, ujung lain disambung (splice) ke kabel utama.;Menghubungkan kabel utama ke perangkat lewat OTB/ODP secara rapi.
514;Fase E;07;Media Transmisi dan Jaringan Telekomunikasi;48;Adapter / Coupler FO;Penghubung dua konektor serat yang saling berhadapan (SC-SC, LC-LC), dipasang di OTB, ODP, dan roset.;Menyambungkan patch cord tanpa splicing.
515;Fase E;07;Media Transmisi dan Jaringan Telekomunikasi;49;Splicing (Penyambungan Serat);Fusion splicing: melebur dua ujung serat dengan busur listrik (loss sekitar 0,02–0,1 dB, permanen, terbaik). Mechanical splicing: menjepit dua ujung dalam wadah bergel (loss 0,1–0,5 dB, darurat).;Menyambung kabel yang putus, memperpanjang kabel, dan memasang pigtail.
516;Fase E;07;Media Transmisi dan Jaringan Telekomunikasi;50;Sleeve Pelindung Sambungan (Splice Protector);Selongsong panas-susut berisi batang penguat yang dipasang menutupi hasil fusion splice.;Melindungi sambungan yang rapuh dari patah dan kelembaban.
517;Fase E;07;Media Transmisi dan Jaringan Telekomunikasi;51;OTB / OTP / Roset (Optical Termination Box);Kotak terminasi serat di sisi pelanggan atau rak, tempat kabel disambung ke pigtail dan adapter. Roset adalah versi kecil di rumah pelanggan.;Titik akhir rapi kabel serat sebelum masuk ONT/switch.
518;Fase E;07;Media Transmisi dan Jaringan Telekomunikasi;52;ODP, ODC, dan OLT (Jaringan FTTH);OLT (Optical Line Terminal): perangkat pusat di kantor ISP. ODC (Optical Distribution Cabinet): kabinet distribusi di pinggir jalan berisi splitter. ODP (Optical Distribution Point): kotak kecil di tiang dekat pelanggan berisi splitter/terminasi.;Rantai distribusi FTTH dari ISP ke rumah: OLT → ODC → ODP → ONT.
519;Fase E;07;Media Transmisi dan Jaringan Telekomunikasi;53;ONT / ONU (Optical Network Terminal/Unit);"Modem serat optik di rumah pelanggan yang mengubah cahaya menjadi Ethernet/Wi-Fi/telepon; biasanya sekaligus router Wi-Fi.";"Ujung jaringan FTTH di sisi pelanggan; bisa diatur mode router atau bridge."
520;Fase E;07;Media Transmisi dan Jaringan Telekomunikasi;54;Kabel Drop (Dropcore) dan Precon;Kabel serat 1–2 core berpenguat kawat untuk sambungan dari ODP ke rumah (udara/tanam). Precon(nectorized) adalah kabel drop yang sudah berkonektor SC/APC dari pabrik.;Instalasi pelanggan FTTH yang cepat dan murah.
521;Fase E;07;Media Transmisi dan Jaringan Telekomunikasi;55;Kabel Feeder dan Distribusi;Feeder: kabel serat berkapasitas besar (48–288 core) dari OLT ke ODC. Distribusi: kabel 12–48 core dari ODC ke ODP.;Hirarki kabel dalam desain FTTH.
522;Fase E;07;Media Transmisi dan Jaringan Telekomunikasi;56;Passive Splitter (PON Splitter);Komponen pasif yang membagi satu serat menjadi banyak (1:2, 1:4, 1:8, 1:16, 1:32) dengan konsekuensi redaman: 1:8 ≈ 10,5 dB, 1:16 ≈ 13,5 dB, 1:32 ≈ 17 dB.;"Satu port OLT bisa melayani hingga 64–128 pelanggan; dasar perhitungan loss budget."
523;Fase E;07;Media Transmisi dan Jaringan Telekomunikasi;57;PON, GPON, EPON, XGS-PON;Passive Optical Network: jaringan serat tanpa perangkat aktif di antara OLT dan ONT. GPON (ITU): 2,488 Gbps down / 1,244 Gbps up. EPON (IEEE): 1 Gbps simetris. XGS-PON: 10 Gbps simetris.;Teknologi di balik hampir semua FTTH di Indonesia.
524;Fase E;07;Media Transmisi dan Jaringan Telekomunikasi;58;Optical Power / Daya Terima ONT;"Kekuatan cahaya yang diterima ONT dalam dBm. GPON normal sekitar −8 sampai −27 dBm; lebih lemah dari −28 dBm (mendekati −30) biasanya LOS/putus.";Angka pertama yang dicek teknisi saat pelanggan FTTH mengeluh lambat/putus.
525;Fase E;07;Media Transmisi dan Jaringan Telekomunikasi;59;LOS (Loss of Signal) pada ONT;"Lampu merah ""LOS"" pada ONT yang menandakan cahaya dari OLT tidak diterima: kabel putus, konektor kotor/lepas, bending tajam, atau gangguan di ODP.";Indikator visual gangguan fisik jaringan FTTH.
526;Fase E;07;Media Transmisi dan Jaringan Telekomunikasi;60;Bending Loss (Redaman Tekukan);Kehilangan cahaya karena serat ditekuk terlalu tajam (radius kurang dari sekitar 30 mm untuk kabel biasa). Kabel bend-insensitive (G.657) lebih toleran.;Kabel drop di rumah pelanggan tidak boleh ditekuk siku atau dijepit klem terlalu kencang.
527;Fase E;07;Media Transmisi dan Jaringan Telekomunikasi;61;Dispersi;"Melebarnya pulsa cahaya saat merambat jauh sehingga bit saling tumpang tindih; membatasi kecepatan dan jarak (terutama multimode).";Alasan single-mode dipilih untuk jarak jauh dan kecepatan tinggi.
528;Fase E;07;Media Transmisi dan Jaringan Telekomunikasi;62;Loss Budget (Anggaran Redaman);Total redaman yang diizinkan antara pemancar dan penerima (misalnya GPON kelas B+ sekitar 28 dB), dikurangi redaman serat per km, splitter, konektor (≈0,3–0,5 dB), dan splice (≈0,1 dB).;Memastikan desain FTTH masih menyisakan cahaya cukup sampai ONT terjauh.
529;Fase E;07;Media Transmisi dan Jaringan Telekomunikasi;63;Kode Warna Serat (12 Warna);Urutan standar warna core/tube: biru, oranye, hijau, cokelat, abu-abu, putih, merah, hitam, kuning, ungu, merah muda, tosca (aqua).;Mengidentifikasi core yang benar saat splicing kabel banyak core.
530;Fase E;07;Media Transmisi dan Jaringan Telekomunikasi;64;SFP / SFP+ / QSFP (Modul Transceiver);Modul kecil yang dicolok ke port switch/router untuk koneksi serat (atau tembaga): SFP 1 Gbps, SFP+ 10 Gbps, QSFP+ 40 Gbps, QSFP28 100 Gbps. Ada tipe SX/SR (multimode), LX/LR (single-mode), BiDi (satu serat).;Fleksibel memilih media dan jarak tanpa mengganti switch.
531;Fase E;07;Media Transmisi dan Jaringan Telekomunikasi;65;Media Converter;Perangkat pengubah sinyal Ethernet tembaga (RJ-45) ke serat optik dan sebaliknya, dipakai berpasangan.;Memperpanjang jaringan lebih dari 100 m dengan serat tanpa switch berport SFP.
532;Fase E;07;Media Transmisi dan Jaringan Telekomunikasi;66;Nirkabel (Wireless) dan Gelombang Radio (RF);Komunikasi tanpa kabel menggunakan gelombang elektromagnetik pada spektrum radio (3 kHz–300 GHz).;Mobilitas dan menjangkau tempat yang sulit dikabeli.
533;Fase E;07;Media Transmisi dan Jaringan Telekomunikasi;67;Gelombang Elektromagnetik: Frekuensi, Panjang Gelombang, Amplitudo;"Frekuensi (Hz) = jumlah getaran per detik; panjang gelombang = jarak satu getaran (semakin tinggi frekuensi, semakin pendek dan semakin mudah terhalang); amplitudo = kekuatan sinyal. Kecepatan rambat = kecepatan cahaya.";Dasar memahami mengapa 2,4 GHz lebih jauh menembus tembok daripada 5 GHz.
534;Fase E;07;Media Transmisi dan Jaringan Telekomunikasi;68;Spektrum Frekuensi dan Regulasi (Komdigi/Kominfo, SDPPI);"Pembagian pita frekuensi untuk berbagai keperluan yang diatur negara. Pita bebas lisensi (ISM/unlicensed) untuk Wi-Fi: 2,4 GHz, 5,8 GHz, dan (bertahap) 6 GHz; pita lain butuh izin dan biaya (seluler, microwave berlisensi).";Teknisi wajib memakai perangkat bersertifikat SDPPI dan daya sesuai aturan.
535;Fase E;07;Media Transmisi dan Jaringan Telekomunikasi;69;Pita 2,4 GHz vs 5 GHz vs 6 GHz;2,4 GHz: jangkauan lebih jauh, menembus tembok, tetapi hanya 3 kanal tak tumpang tindih (1, 6, 11) dan padat interferensi. 5 GHz: lebih banyak kanal, lebih cepat, jangkauan lebih pendek. 6 GHz (Wi-Fi 6E/7): sangat lega, jangkauan terpendek.;Memilih pita sesuai kebutuhan cakupan atau kecepatan.
536;Fase E;07;Media Transmisi dan Jaringan Telekomunikasi;70;Kanal (Channel) dan Lebar Kanal (20/40/80/160 MHz);"Kanal adalah irisan frekuensi tempat AP bekerja. Lebar kanal lebih besar = kecepatan lebih tinggi tetapi lebih mudah terganggu dan ""memakan"" kanal tetangga.";Pengaturan kanal yang tepat adalah langkah utama mengurangi interferensi Wi-Fi.
537;Fase E;07;Media Transmisi dan Jaringan Telekomunikasi;71;Antena;Komponen yang mengubah sinyal listrik menjadi gelombang radio (dan sebaliknya). Bentuknya menentukan arah dan jangkauan pancaran.;Menentukan cakupan dan kualitas link nirkabel.
538;Fase E;07;Media Transmisi dan Jaringan Telekomunikasi;72;Antena Omnidirectional;Antena yang memancar ke segala arah horizontal (360°) seperti donat, contohnya antena batang pada router Wi-Fi. Gain 2–12 dBi.;Cakupan merata di sekitar perangkat (dalam ruangan, hotspot).
539;Fase E;07;Media Transmisi dan Jaringan Telekomunikasi;73;Antena Directional (Yagi, Grid, Dish/Parabola, Panel);Antena yang memfokuskan pancaran ke satu arah sempit dengan gain tinggi (15–30 dBi): Yagi (batang bersirip), Grid (jaring parabola), Dish (parabola padat), Panel (kotak pipih).;Link jarak jauh titik-ke-titik (antar-gedung, antar-desa).
540;Fase E;07;Media Transmisi dan Jaringan Telekomunikasi;74;Antena Sektoral;"Antena yang memancar ke satu sektor lebar (60°, 90°, 120°) dengan gain sedang-tinggi; beberapa sektoral disusun membentuk cakupan 360° di tower BTS/WISP.";Melayani banyak pelanggan di satu arah dari tower (point-to-multipoint).
541;Fase E;07;Media Transmisi dan Jaringan Telekomunikasi;75;Gain Antena (dBi);Ukuran seberapa terfokus pancaran antena dibanding antena isotropik ideal. Gain tinggi bukan menambah daya, melainkan memfokuskannya (ibarat senter vs lampu bohlam).;Memilih antena: gain tinggi untuk jarak jauh, gain rendah untuk cakupan luas.
542;Fase E;07;Media Transmisi dan Jaringan Telekomunikasi;76;Polarisasi (Vertikal/Horizontal/Dual);"Orientasi getaran gelombang yang dipancarkan antena. Kedua ujung link harus sama polarisasinya; antena MIMO memakai dual polarisasi.";Salah polarisasi bisa menurunkan sinyal hingga 20 dB.
543;Fase E;07;Media Transmisi dan Jaringan Telekomunikasi;77;Line of Sight (LOS) dan Fresnel Zone;LOS: garis pandang bebas halangan antara dua antena. Fresnel zone: zona elips di sekitar garis LOS yang harus bebas minimal 60% dari pohon/gedung agar sinyal tidak melemah.;Dasar penentuan tinggi tower/tiang pada link nirkabel jarak jauh.
544;Fase E;07;Media Transmisi dan Jaringan Telekomunikasi;78;Beamwidth;Lebar sudut pancaran utama antena. Antena directional beamwidth-nya sempit (5–10°), sektoral 60–120°, omni 360° horizontal.;Menentukan seberapa presisi antena harus diarahkan (pointing).
545;Fase E;07;Media Transmisi dan Jaringan Telekomunikasi;79;Tx Power dan EIRP;Tx power: daya pancar radio (dBm). EIRP: daya efektif ke udara = Tx power + gain antena − loss kabel. Regulasi membatasi EIRP maksimum tiap pita (nilai pastinya diatur dalam Peraturan Menteri Kominfo/Komdigi tentang pita 2,4 GHz dan 5,8 GHz).;Menghitung jangkauan dan mematuhi aturan frekuensi.
546;Fase E;07;Media Transmisi dan Jaringan Telekomunikasi;80;Receiver Sensitivity;Sinyal terlemah yang masih bisa diterima radio dengan baik, misalnya −90 dBm pada kecepatan rendah. Semakin tinggi kecepatan (modulasi), semakin butuh sinyal kuat.;Menghitung margin link agar stabil saat hujan atau gangguan.
547;Fase E;07;Media Transmisi dan Jaringan Telekomunikasi;81;Wi-Fi (IEEE 802.11);Merek dagang untuk WLAN berbasis standar IEEE 802.11 yang memungkinkan perangkat terhubung ke jaringan tanpa kabel dalam radius puluhan meter.;Akses nirkabel paling umum di rumah, sekolah, dan tempat umum.
548;Fase E;07;Media Transmisi dan Jaringan Telekomunikasi;82;Inframerah (IR);Cahaya tak tampak untuk komunikasi jarak sangat dekat searah pandang, misalnya remote TV dan IrDA lama.;"Kendali jarak dekat; jarang untuk data karena mudah terhalang."
549;Fase E;07;Media Transmisi dan Jaringan Telekomunikasi;83;Microwave (Gelombang Mikro);Gelombang radio frekuensi tinggi (1–100 GHz) yang merambat lurus, dipakai untuk link titik-ke-titik antar-tower, satelit, dan radar.;"Backhaul BTS dan antar-kota tanpa kabel; butuh LOS."
550;Fase E;07;Media Transmisi dan Jaringan Telekomunikasi;84;Sistem Seluler (GSM, CDMA, LTE, NR);Jaringan telepon bergerak yang membagi wilayah menjadi sel-sel, masing-masing dilayani BTS. GSM/CDMA (2G), UMTS/HSPA (3G), LTE (4G), NR (5G).;Komunikasi bergerak dan internet mobile untuk miliaran pengguna.
551;Fase E;07;Media Transmisi dan Jaringan Telekomunikasi;85;BTS (Base Transceiver Station) / eNodeB / gNodeB;"Stasiun pemancar-penerima seluler di tower yang melayani satu sel; disebut NodeB (3G), eNodeB (4G), gNodeB (5G). Terhubung ke inti jaringan lewat backhaul serat/microwave.";Menghubungkan ponsel pengguna ke jaringan operator.
552;Fase E;07;Media Transmisi dan Jaringan Telekomunikasi;86;Tower Telekomunikasi (SST, Monopole, Guyed Mast);Menara penopang antena: SST (self-supporting tower, kaki 3–4), monopole (tiang tunggal), guyed mast (tiang dengan tali penahan/tower triangle).;Menempatkan antena pada ketinggian untuk LOS dan cakupan luas.
553;Fase E;07;Media Transmisi dan Jaringan Telekomunikasi;87;SIM Card, IMSI, dan IMEI;SIM: kartu identitas pelanggan seluler yang menyimpan IMSI (nomor pelanggan internasional) dan kunci autentikasi. IMEI: nomor identitas unik perangkat ponsel.;"Autentikasi pelanggan di jaringan seluler; IMEI dipakai memblokir HP ilegal/curian."
554;Fase E;07;Media Transmisi dan Jaringan Telekomunikasi;88;Handover dan Roaming (Seluler);Handover: perpindahan koneksi ponsel dari satu BTS ke BTS lain tanpa putus saat bergerak. Roaming: memakai jaringan operator lain (misalnya di luar negeri).;Menjaga percakapan/data tetap tersambung saat pengguna berpindah.
555;Fase E;07;Media Transmisi dan Jaringan Telekomunikasi;89;Modem 4G/5G, MiFi, dan Tethering;"Modem seluler USB/router (MiFi) menyediakan internet dari jaringan operator; tethering membagikan koneksi HP lewat Wi-Fi/USB/Bluetooth.";Internet cepat pasang atau cadangan (failover) saat kabel putus.
556;Fase E;07;Media Transmisi dan Jaringan Telekomunikasi;90;PSTN (Public Switched Telephone Network);Jaringan telepon kabel tradisional berbasis circuit switching (sirkuit khusus selama panggilan). Kini berangsur digantikan VoIP.;"Layanan telepon rumah/kantor lama; pemahaman circuit switching vs packet switching."
557;Fase E;07;Media Transmisi dan Jaringan Telekomunikasi;91;Circuit Switching vs Packet Switching;Circuit switching: jalur khusus dibangun selama komunikasi (telepon lama). Packet switching: data dipecah jadi paket yang menempuh jalur berbeda dan disusun kembali (internet).;Menjelaskan efisiensi internet dan mengapa kualitas suara VoIP butuh QoS.
558;Fase E;07;Media Transmisi dan Jaringan Telekomunikasi;92;ADSL / VDSL;"Teknologi internet lewat kabel telepon tembaga dengan kecepatan unduh lebih besar daripada unggah (asimetris); ADSL hingga 24 Mbps, VDSL hingga 100 Mbps jarak pendek. Perlu splitter untuk memisahkan suara dan data.";"Layanan internet sebelum era FTTH; masih ada di beberapa daerah."
559;Fase E;07;Media Transmisi dan Jaringan Telekomunikasi;93;VoIP (Voice over IP);"Telepon melalui jaringan IP/internet dengan mengubah suara menjadi paket data (protokol SIP, RTP; kodek G.711, G.729, Opus). Contoh: WhatsApp call, IP-PBX kantor, Zoiper.";"Telepon murah/gratis, terintegrasi dengan jaringan data; dikonfigurasi di Fase F."
560;Fase E;07;Media Transmisi dan Jaringan Telekomunikasi;94;VSAT (Very Small Aperture Terminal) dan Satelit GEO;Komunikasi data lewat satelit geostasioner (36.000 km) memakai antena parabola kecil, modem satelit, dan hub di bumi. Latency tinggi (sekitar 500–700 ms) dan terpengaruh hujan lebat.;Menghubungkan lokasi terpencil (pulau, tambang, kapal) yang tak terjangkau kabel/seluler.
561;Fase E;07;Media Transmisi dan Jaringan Telekomunikasi;95;Satelit LEO / MEO;Satelit orbit rendah (LEO, 500–2.000 km: Starlink, OneWeb) dan menengah (MEO, sekitar 8.000 km: O3b) dengan latency jauh lebih rendah dari GEO tetapi butuh banyak satelit dan antena pelacak.;Internet satelit generasi baru berlatensi rendah.
562;Fase E;07;Media Transmisi dan Jaringan Telekomunikasi;96;Uplink dan Downlink Satelit / Transponder;"Uplink: sinyal dari bumi ke satelit; downlink: dari satelit ke bumi; transponder: perangkat di satelit yang menerima, menguatkan, dan memancarkan kembali sinyal. Pita umum: C-band, Ku-band, Ka-band.";Istilah dasar saat memasang dan mengarahkan antena VSAT.
563;Fase E;07;Media Transmisi dan Jaringan Telekomunikasi;97;Kabel Bawah Laut (Submarine Cable);Kabel serat optik lintas laut yang menghubungkan pulau dan negara (misalnya SEA-ME-WE, JaSuKa, Palapa Ring). Membawa lebih dari 95% lalu lintas internet internasional.;Tulang punggung konektivitas Indonesia sebagai negara kepulauan.
564;Fase E;07;Media Transmisi dan Jaringan Telekomunikasi;98;Radio Link Ubiquiti/MikroTik (Wireless Outdoor);Perangkat radio outdoor terintegrasi antena (airMAX, LiteBeam, PowerBeam, SXT, LHG) untuk link titik-ke-titik dan point-to-multipoint di 5 GHz/2,4 GHz, jangkauan 1–30 km.;"Menghubungkan gedung/desa tanpa kabel; andalan RT/RW Net dan WISP."
565;Fase E;07;Media Transmisi dan Jaringan Telekomunikasi;99;Wi-Fi Extender / Repeater Nirkabel;"Perangkat yang menangkap sinyal Wi-Fi lalu memancarkan ulang; menambah cakupan tetapi memotong throughput hingga separuh.";"Solusi murah area blank spot rumah; untuk hasil lebih baik gunakan AP berkabel atau mesh."
566;Fase E;07;Media Transmisi dan Jaringan Telekomunikasi;100;Kabel Grounding dan Arrester Antena;Kabel tembaga dari tiang/antena/radio ke batang pentanahan, serta arrester pada kabel LAN/coaxial outdoor untuk membuang lonjakan petir.;Melindungi radio dan perangkat dalam ruangan dari sambaran petir tidak langsung.
567;Fase E;08;Alat Ukur dan Alat Kerja Jaringan;1;Alat Ukur (Measuring Instrument);Perangkat untuk mengukur besaran fisik atau kinerja jaringan secara objektif: tegangan, tahanan, panjang kabel, redaman optik, kekuatan sinyal, throughput. Hasilnya menjadi dasar keputusan dan bukti pengujian.;Memastikan instalasi memenuhi standar dan mempercepat pencarian gangguan.
568;Fase E;08;Alat Ukur dan Alat Kerja Jaringan;2;Alat Kerja (Hand Tools);Perkakas untuk memasang dan memperbaiki: tang crimping, tang potong, tang lancip, obeng set, cutter, kunci pas/L, bor, palu, tangga. Disimpan dalam toolkit/tool bag.;Pekerjaan instalasi tidak bisa dilakukan tanpa alat yang tepat dan terawat.
569;Fase E;08;Alat Ukur dan Alat Kerja Jaringan;3;Multimeter (AVOmeter);Alat ukur listrik untuk tegangan (V AC/DC), arus (A), dan tahanan (Ω), serta biasanya kontinuitas (bunyi bip) dan dioda. Ada tipe analog (jarum) dan digital (angka).;Mengecek tegangan listrik/PSU/adaptor/PoE, baterai UPS, putus-tidaknya kabel (kontinuitas), dan grounding.
570;Fase E;08;Alat Ukur dan Alat Kerja Jaringan;4;Kontinuitas (Continuity Test);Mode multimeter yang berbunyi jika dua titik tersambung (tahanan hampir nol).;Mengecek kabel putus, sekring, atau sambungan konektor dengan cepat.
571;Fase E;08;Alat Ukur dan Alat Kerja Jaringan;5;Clamp Meter (Tang Ampere);Alat pengukur arus listrik dengan menjepit kabel tanpa memutus rangkaian.;Mengukur beban listrik rak server/UPS untuk mencegah kelebihan beban.
572;Fase E;08;Alat Ukur dan Alat Kerja Jaringan;6;Test Pen (Voltage Tester);Obeng bertanda lampu untuk mendeteksi adanya tegangan fasa pada stopkontak atau kabel.;Pemeriksaan keselamatan sebelum menyentuh instalasi listrik.
573;Fase E;08;Alat Ukur dan Alat Kerja Jaringan;7;Earth Tester (Ground Resistance Tester);Alat mengukur tahanan pentanahan (grounding) dalam ohm.;Memastikan grounding tower/ruang server memenuhi standar (umumnya di bawah 5 Ω).
574;Fase E;08;Alat Ukur dan Alat Kerja Jaringan;8;Tang Crimping (Crimping Tool);Tang untuk menjepit konektor RJ-45/RJ-11 ke kabel sehingga pin logam menembus isolasi kawat. Ada tipe standar dan pass-through (sekaligus memotong ujung kawat).;"Membuat kabel LAN; alat pertama yang dikuasai siswa TKJ."
575;Fase E;08;Alat Ukur dan Alat Kerja Jaringan;9;Wire Stripper (Pengupas Kabel);"Alat pengupas jaket luar kabel UTP/coaxial tanpa melukai kawat di dalamnya; sering menyatu di tang crimping.";Kupasan yang bersih mencegah kawat tergores dan patah.
576;Fase E;08;Alat Ukur dan Alat Kerja Jaringan;10;Tang Potong dan Tang Lancip;"Tang potong meratakan ujung kawat sebelum dimasukkan ke konektor; tang lancip (needle nose) menjangkau tempat sempit.";Merapikan kabel dan bekerja di area rak yang padat.
577;Fase E;08;Alat Ukur dan Alat Kerja Jaringan;11;Punch Down Tool (Krone / 110 Tool);Alat menekan kawat ke terminal IDC pada keystone jack/patch panel dan sekaligus memotong sisa kawat. Bilah tipe Krone dan 110 berbeda.;Terminasi kabel terstruktur yang rapi dan kuat.
578;Fase E;08;Alat Ukur dan Alat Kerja Jaringan;12;LAN Tester (Cable Tester);"Alat penguji kabel UTP dengan unit utama dan remote; LED menyala berurutan 1–8 jika kabel benar. Mendeteksi kabel putus (open), hubung singkat (short), urutan terbalik (reversed/crossed), dan split pair pada tipe tertentu.";Wajib dipakai setelah crimping sebelum kabel dipasang.
579;Fase E;08;Alat Ukur dan Alat Kerja Jaringan;13;Cable Certifier (Fluke DSX, dsb.);Penguji kabel kelas atas yang mengukur parameter standar TIA (panjang, wiremap, NEXT, return loss, insertion loss) dan menyatakan lulus/gagal sesuai kategori. Harganya sangat mahal.;Sertifikasi instalasi kabel proyek besar sebagai jaminan garansi 25 tahun.
580;Fase E;08;Alat Ukur dan Alat Kerja Jaringan;14;Cable Verifier / Qualifier;Tingkatan penguji kabel: verifier (memeriksa sambungan/wiremap), qualifier (memeriksa kabel sanggup membawa kecepatan tertentu, misalnya 1 Gbps), certifier (uji penuh standar).;Memilih alat sesuai kebutuhan dan anggaran.
581;Fase E;08;Alat Ukur dan Alat Kerja Jaringan;15;Tone Generator dan Probe (Cable Tracer);Pasangan alat: generator mengirim nada ke kabel, probe mendeteksi nadanya tanpa menyentuh kawat.;Menemukan ujung kabel tertentu di antara puluhan kabel tanpa label di plafon atau rak.
582;Fase E;08;Alat Ukur dan Alat Kerja Jaringan;16;PoE Tester;Alat kecil yang dicolok ke kabel untuk menunjukkan ada-tidaknya daya PoE, standar (af/at/bt), dan tegangannya.;Memastikan AP/CCTV mendapat daya lewat kabel sebelum dipasang di plafon.
583;Fase E;08;Alat Ukur dan Alat Kerja Jaringan;17;Loopback Plug;Konektor RJ-45/SFP yang menyambung pin kirim ke pin terima pada port yang sama.;Menguji apakah port NIC/switch berfungsi tanpa perangkat lain.
584;Fase E;08;Alat Ukur dan Alat Kerja Jaringan;18;Network Cable Length Meter / TDR;Alat yang mengukur panjang kabel dan lokasi titik putus dengan pantulan sinyal (Time Domain Reflectometer). Banyak LAN tester digital memiliki fitur ini.;Menemukan lokasi kabel putus di dalam dinding tanpa membongkar.
585;Fase E;08;Alat Ukur dan Alat Kerja Jaringan;19;Fiber Stripper (Pengupas Serat);Tang pengupas bertingkat untuk jaket kabel, buffer 900 µm, dan coating 250 µm hingga menyisakan serat telanjang 125 µm.;Persiapan serat sebelum dibersihkan dan dipotong untuk splicing.
586;Fase E;08;Alat Ukur dan Alat Kerja Jaringan;20;Fiber Cleaver (Pemotong Serat);Alat pemotong presisi yang menggores dan mematahkan serat sehingga permukaan ujungnya rata tegak lurus (sudut kurang dari 1°).;"Kualitas potongan menentukan rendahnya loss sambungan; bilah harus diputar/diganti berkala."
587;Fase E;08;Alat Ukur dan Alat Kerja Jaringan;21;Fusion Splicer;Mesin penyambung serat dengan busur listrik yang melebur dua ujung serat setelah disejajarkan otomatis (kamera dan motor), lalu memperkirakan loss sambungan (idealnya di bawah 0,05 dB). Dilengkapi pemanas sleeve.;Penyambungan serat permanen berkualitas tinggi di ODP, OTB, dan perbaikan kabel putus.
588;Fase E;08;Alat Ukur dan Alat Kerja Jaringan;22;Splice Tray dan Splice Closure;Tray: baki tempat menata sambungan serat dan gulungan cadangannya di dalam kotak. Closure: kotak kedap air (dome/inline) untuk sambungan kabel di tiang atau tanah.;Melindungi sambungan dari tarikan, tekukan, dan air.
589;Fase E;08;Alat Ukur dan Alat Kerja Jaringan;23;OPM (Optical Power Meter);Alat mengukur daya cahaya yang keluar dari serat dalam dBm pada panjang gelombang tertentu (850/1310/1490/1550 nm).;Mengukur daya terima di ONT/ODP dan menghitung redaman total bersama OLS.
590;Fase E;08;Alat Ukur dan Alat Kerja Jaringan;24;OLS (Optical Light Source);Sumber cahaya laser/LED stabil pada panjang gelombang tertentu, dipasangkan dengan OPM di ujung lain.;Uji redaman (insertion loss) kabel serat yang sudah terpasang.
591;Fase E;08;Alat Ukur dan Alat Kerja Jaringan;25;OTDR (Optical Time Domain Reflectometer);Alat ukur canggih yang mengirim pulsa cahaya dan menganalisis pantulannya untuk menggambar grafik seluruh jalur serat: panjang, lokasi sambungan, konektor, tekukan, dan titik putus beserta besar loss masing-masing.;Menemukan lokasi gangguan serat hingga ketelitian meter dan mendokumentasikan kualitas jalur.
592;Fase E;08;Alat Ukur dan Alat Kerja Jaringan;26;Dead Zone dan Launch Cable OTDR;Dead zone: jarak awal yang tidak bisa dianalisis OTDR karena pantulan konektor pertama. Launch cable: gulungan serat 100–1.000 m yang dipasang di depan agar konektor pertama bisa diukur.;Pengukuran OTDR yang benar dan lengkap dari ujung ke ujung.
593;Fase E;08;Alat Ukur dan Alat Kerja Jaringan;27;VFL (Visual Fault Locator);"Sumber laser merah tampak (650 nm) yang dimasukkan ke serat; titik patah atau tekukan tajam akan memancarkan cahaya merah yang terlihat.";Menemukan kerusakan serat jarak pendek (hingga beberapa km) dan mengidentifikasi core.
594;Fase E;08;Alat Ukur dan Alat Kerja Jaringan;28;Fiber Identifier;Alat penjepit serat yang mendeteksi ada/tidaknya lalu lintas cahaya dan arahnya tanpa memutus serat.;Memastikan serat yang akan dipotong tidak sedang dipakai pelanggan.
595;Fase E;08;Alat Ukur dan Alat Kerja Jaringan;29;Fiber Inspection Scope (Mikroskop Konektor);Mikroskop/kamera untuk melihat permukaan ferrule konektor dan mendeteksi kotoran atau goresan.;Kotoran sekecil debu pada konektor adalah penyebab loss nomor satu.
596;Fase E;08;Alat Ukur dan Alat Kerja Jaringan;30;One-Click Cleaner, Tisu Bebas Serat, dan Alkohol IPA;Perlengkapan pembersih konektor/serat: pena pembersih sekali tekan, tisu lint-free, isopropil alkohol 99%.;Membersihkan konektor sebelum dicolok dan serat sebelum splicing.
597;Fase E;08;Alat Ukur dan Alat Kerja Jaringan;31;Wadah Serpihan Serat (Sharps Container);Wadah khusus untuk membuang potongan serat kaca agar tidak melukai atau tertelan.;Keselamatan kerja teknisi FO (K3).
598;Fase E;08;Alat Ukur dan Alat Kerja Jaringan;32;FTTH Tool Kit;Paket alat teknisi serat: stripper, cleaver, OPM, VFL, konektor fast connector, alkohol, tisu, tang, obeng, klem, dan tas.;Kelengkapan standar teknisi pemasangan pelanggan FTTH.
599;Fase E;08;Alat Ukur dan Alat Kerja Jaringan;33;Fast Connector (Field-Assembly Connector);Konektor SC/APC yang dipasang di lapangan tanpa splicer secara mekanis (loss sekitar 0,3–0,5 dB).;Terminasi cepat kabel drop di rumah pelanggan.
600;Fase E;08;Alat Ukur dan Alat Kerja Jaringan;34;Wi-Fi Analyzer (Aplikasi);Aplikasi HP/laptop (Wi-Fi Analyzer, NetSpot, inSSIDer, WiFiman) yang menampilkan SSID di sekitar, kanal, kekuatan sinyal, dan tumpang tindih kanal.;Memilih kanal terbaik dan menilai cakupan saat survei nirkabel.
601;Fase E;08;Alat Ukur dan Alat Kerja Jaringan;35;Spectrum Analyzer;Alat yang menampilkan seluruh energi radio pada pita frekuensi tertentu, termasuk gangguan non-Wi-Fi (microwave, kamera analog, Bluetooth). Beberapa radio MikroTik/Ubiquiti punya fitur ini.;Menemukan sumber interferensi yang tidak terlihat oleh Wi-Fi analyzer biasa.
602;Fase E;08;Alat Ukur dan Alat Kerja Jaringan;36;Alignment Tool / Site Survey Tool Radio;Fitur pada radio outdoor (bunyi bip/skala sinyal) atau aplikasi (misalnya airView, Alignment di MikroTik) untuk mengarahkan antena hingga sinyal maksimal.;Pointing antena link jarak jauh secara presisi.
603;Fase E;08;Alat Ukur dan Alat Kerja Jaringan;37;GPS Receiver dan Kompas;"Penentu koordinat dan arah saat survei lokasi tower/antena; kini cukup dengan aplikasi HP.";Menghitung jarak, azimuth, dan LOS antar-titik dengan alat seperti Google Earth/LinkPlanner.
604;Fase E;08;Alat Ukur dan Alat Kerja Jaringan;38;Laser Distance Meter dan Meteran;Alat ukur jarak dengan laser (dalam ruangan hingga 50–100 m) atau meteran gulung.;Menghitung kebutuhan panjang kabel dan penempatan perangkat.
605;Fase E;08;Alat Ukur dan Alat Kerja Jaringan;39;Speedtest dan iPerf;Speedtest (speedtest.net, fast.com) mengukur throughput ke server internet. iPerf/iperf3 mengukur throughput antar-dua komputer di LAN secara akurat (iperf3 -s dan iperf3 -c ip-server).;Membuktikan kecepatan nyata jaringan lokal maupun internet.
606;Fase E;08;Alat Ukur dan Alat Kerja Jaringan;40;Bandwidth Test MikroTik (btest);Fitur bawaan RouterOS untuk menguji throughput antar-router MikroTik.;Mengukur kapasitas link nirkabel/kabel antar-router tanpa alat tambahan.
607;Fase E;08;Alat Ukur dan Alat Kerja Jaringan;41;Network Scanner (Nmap, Advanced IP Scanner, Angry IP Scanner);Aplikasi memindai jaringan untuk menemukan perangkat aktif, IP, MAC, nama host, dan port terbuka.;Inventarisasi perangkat, menemukan IP kosong/bentrok, dan audit keamanan dasar.
608;Fase E;08;Alat Ukur dan Alat Kerja Jaringan;42;Packet Analyzer (Wireshark, tcpdump);Alat menangkap dan membedah paket data di jaringan. Wireshark grafis, tcpdump berbasis CLI di Linux.;Analisis mendalam protokol dan gangguan yang tidak terlihat dari ping.
609;Fase E;08;Alat Ukur dan Alat Kerja Jaringan;43;Kabel Console dan USB-to-Serial;Kabel penghubung laptop ke port console router/switch (RJ-45 rollover atau USB mini/type-C) dengan pengaturan terminal 9600 baud, 8N1.;Konfigurasi awal dan pemulihan perangkat jaringan saat tidak bisa diakses lewat jaringan.
610;Fase E;08;Alat Ukur dan Alat Kerja Jaringan;44;Terminal Emulator (PuTTY, Tera Term, minicom, SecureCRT);Aplikasi untuk mengakses perangkat melalui serial console, Telnet, atau SSH.;Antarmuka utama mengelola router/switch berbasis CLI.
611;Fase E;08;Alat Ukur dan Alat Kerja Jaringan;45;Obeng Set dan Obeng Presisi;Obeng plus/minus berbagai ukuran, obeng presisi untuk laptop, dan obeng bermagnet untuk baut kecil di casing/rak.;Perakitan komputer, pemasangan rak, dan pembukaan perangkat.
612;Fase E;08;Alat Ukur dan Alat Kerja Jaringan;46;Bor Listrik, Fischer, dan Klem Kabel;"Bor untuk melubangi tembok; fischer (plug) dan sekrup untuk memasang bracket/AP/kabel duct; klem/paku klip untuk menahan kabel di dinding.";Instalasi fisik yang kokoh dan rapi.
613;Fase E;08;Alat Ukur dan Alat Kerja Jaringan;47;Fish Tape / Kawat Penarik Kabel;Pita/kawat kaku yang didorong melalui pipa conduit atau plafon lalu diikatkan ke kabel untuk ditarik.;Menarik kabel melewati jalur tersembunyi tanpa membongkar.
614;Fase E;08;Alat Ukur dan Alat Kerja Jaringan;48;Cable Tie, Velcro, dan Label;"Pengikat kabel sekali pakai (cable tie) atau berulang (velcro; lebih aman untuk serat), serta label kabel/printer label (Brother, Dymo).";Manajemen kabel yang rapi dan mudah dilacak.
615;Fase E;08;Alat Ukur dan Alat Kerja Jaringan;49;Tangga dan Scaffolding;"Alat bantu ketinggian untuk memasang AP, kamera, dan kabel di plafon; tangga harus kokoh dan dipegang rekan.";Bekerja di ketinggian rendah dengan aman.
616;Fase E;08;Alat Ukur dan Alat Kerja Jaringan;50;ESD Kit (Gelang, Mat, Sarung Tangan);Perlengkapan anti-statis saat menangani komponen elektronik.;Melindungi komponen dari kerusakan ESD.
617;Fase E;08;Alat Ukur dan Alat Kerja Jaringan;51;Pemeliharaan Alat Ukur;Membersihkan, menyimpan di tempat kering dengan silica gel, melepas baterai jika lama tidak dipakai, mengganti bilah cleaver/elektroda splicer sesuai jumlah pemakaian, dan mengkalibrasi berkala.;Menjaga akurasi dan umur alat yang harganya bisa puluhan hingga ratusan juta rupiah.
618;Fase E;08;Alat Ukur dan Alat Kerja Jaringan;52;Kalibrasi dan Sertifikat Kalibrasi;Pemeriksaan akurasi alat oleh laboratorium terakreditasi (KAN) dengan sertifikat berlaku umumnya 1 tahun.;Hasil ukur OTDR/OPM/multimeter diakui sah dalam laporan proyek.
619;Fase E;08;Alat Ukur dan Alat Kerja Jaringan;53;Lembar Hasil Pengukuran (Test Report);Formulir/dokumen yang mencatat hasil uji kabel, redaman serat, kekuatan sinyal, atau throughput berikut tanggal, alat, dan penguji.;Bukti mutu untuk serah terima dan referensi saat pemeliharaan.
620;Fase E;08;Alat Ukur dan Alat Kerja Jaringan;54;Baseline Pengukuran;Nilai acuan kinerja jaringan saat kondisi normal (latency, throughput, daya optik) yang disimpan untuk perbandingan.;Menilai apakah kondisi saat gangguan menyimpang dari normal.
621;Fase F;09;Perencanaan dan Pengalamatan Jaringan;1;Perencanaan Jaringan (Network Planning/Design);Proses menentukan bagaimana jaringan akan dibangun: kebutuhan pengguna, topologi, arsitektur, perangkat, media, pengalamatan, keamanan, anggaran, dan jadwal, sebelum satu kabel pun ditarik.;"Mencegah jaringan lambat, sulit dikembangkan, dan boros biaya; menjadi dasar semua tahap berikutnya."
622;Fase F;09;Perencanaan dan Pengalamatan Jaringan;2;Kebutuhan Teknis Pengguna (User Requirements);Data yang dikumpulkan dari calon pengguna: jumlah pengguna dan perangkat, aplikasi yang dipakai (video, VoIP, e-learning), kecepatan yang diharapkan, jam sibuk, tingkat keamanan, dan rencana pertumbuhan.;Ukuran jaringan (bandwidth, jumlah port, jumlah AP) dihitung dari sini.
623;Fase F;09;Perencanaan dan Pengalamatan Jaringan;3;Data Peralatan Jaringan (Inventarisasi);Daftar perangkat yang sudah ada atau akan dibeli beserta spesifikasi: merek, tipe, jumlah port, kecepatan, dukungan VLAN/PoE, firmware, garansi, nomor seri.;Memastikan perangkat sesuai kebutuhan dan menjadi aset yang tercatat.
624;Fase F;09;Perencanaan dan Pengalamatan Jaringan;4;Arsitektur Jaringan;Kerangka besar cara jaringan disusun: lapisan-lapisannya, di mana letak router/firewall/server, bagaimana segmen dipisah, dan bagaimana terhubung ke internet.;Memberi gambaran menyeluruh sebelum masuk ke detail topologi.
625;Fase F;09;Perencanaan dan Pengalamatan Jaringan;5;Model Hierarkis Tiga Lapis (Core, Distribution, Access);Rancangan Cisco: lapisan Access (switch tempat pengguna terhubung), Distribution (menggabungkan access, routing antar-VLAN, kebijakan), Core (backbone sangat cepat antar-distribution). Jaringan kecil bisa menggabungkan core dan distribution (collapsed core).;Jaringan terstruktur, mudah diperluas, dan gangguan terlokalisasi.
626;Fase F;09;Perencanaan dan Pengalamatan Jaringan;6;Skalabilitas (Scalability);Kemampuan jaringan bertambah besar (pengguna, perangkat, lokasi) tanpa dirombak total, misalnya menyisakan port kosong, IP cadangan, dan slot rak.;Menghemat biaya jangka panjang.
627;Fase F;09;Perencanaan dan Pengalamatan Jaringan;7;Redundansi (Redundancy);Menyediakan komponen atau jalur cadangan (dua ISP, dua switch core, dua PSU) sehingga jika satu gagal, yang lain mengambil alih.;Meningkatkan ketersediaan (availability) layanan.
628;Fase F;09;Perencanaan dan Pengalamatan Jaringan;8;High Availability (HA) dan Single Point of Failure (SPOF);HA adalah rancangan agar layanan hampir selalu tersedia (99,9% ke atas). SPOF adalah satu titik yang jika rusak melumpuhkan semuanya (misalnya satu-satunya switch core).;Mengidentifikasi SPOF dan menghilangkannya dengan redundansi.
629;Fase F;09;Perencanaan dan Pengalamatan Jaringan;9;Prinsip Desain: Availability, Scalability, Security, Manageability, Cost;Lima pertimbangan yang saling tarik-menarik: jaringan harus tersedia, bisa tumbuh, aman, mudah dikelola, dan sesuai anggaran.;Membantu mengambil keputusan desain yang seimbang, bukan sekadar termurah atau tercanggih.
630;Fase F;09;Perencanaan dan Pengalamatan Jaringan;10;Diagram Topologi (Network Diagram);Gambar skematis jaringan: topologi fisik (perangkat, kabel, ruangan) dan logis (subnet, VLAN, IP, alur data). Dibuat dengan draw.io/diagrams.net, Microsoft Visio, Packet Tracer, atau Lucidchart.;"Alat komunikasi antara perancang, teknisi, dan klien; wajib ada dalam dokumentasi."
631;Fase F;09;Perencanaan dan Pengalamatan Jaringan;11;Denah (Floor Plan) dan Rack Elevation;Denah: gambar tata letak ruangan dengan titik perangkat dan jalur kabel. Rack elevation: gambar susunan perangkat di rak per unit (U).;Panduan pemasangan fisik dan perhitungan panjang kabel.
632;Fase F;09;Perencanaan dan Pengalamatan Jaringan;12;Skema Penamaan dan Pelabelan (Naming/Labeling Convention);Aturan baku nama perangkat dan label kabel, misalnya SW-LT2-01 (switch lantai 2 nomor 1), kabel A-12 (patch panel A port 12), mengacu pada standar ANSI/TIA-606.;Memudahkan identifikasi dan troubleshooting bertahun-tahun kemudian.
633;Fase F;09;Perencanaan dan Pengalamatan Jaringan;13;Capacity Planning (Perencanaan Kapasitas);Menghitung kebutuhan bandwidth dan perangkat berdasarkan jumlah pengguna dan aplikasi, misalnya 200 siswa × 2 Mbps saat ujian online = 400 Mbps, plus cadangan 30%.;Memilih paket internet, kecepatan uplink, dan jumlah AP yang tepat.
634;Fase F;09;Perencanaan dan Pengalamatan Jaringan;14;Oversubscription Ratio;Perbandingan total bandwidth pengguna dengan bandwidth uplink, misalnya 48 port × 1 Gbps ke uplink 10 Gbps = 4,8:1. Diterima karena tidak semua pengguna aktif bersamaan.;Menyeimbangkan biaya dan kinerja dalam desain hierarkis.
635;Fase F;09;Perencanaan dan Pengalamatan Jaringan;15;BoM/BoQ dan RAB Jaringan;Daftar material lengkap (perangkat, kabel per meter, konektor, rak, aksesori) dengan jumlah dan harga, ditambah upah dan biaya lain menjadi RAB.;"Dasar pengadaan dan penawaran; kesalahan hitung kabel adalah penyebab umum proyek rugi."
636;Fase F;09;Perencanaan dan Pengalamatan Jaringan;16;Site Survey (Teknis);Pemeriksaan lokasi: jarak antar-titik, jalur kabel yang mungkin, sumber listrik, kondisi tembok/plafon, sumber interferensi, dan titik pemasangan AP/antena, termasuk pengukuran sinyal (survei nirkabel).;Data lapangan membuat rancangan realistis dan mencegah revisi saat pemasangan.
637;Fase F;09;Perencanaan dan Pengalamatan Jaringan;17;Rencana Pengujian (Test Plan) dan Kriteria Penerimaan;Daftar pengujian yang akan dilakukan (uji kabel, ping antar-VLAN, throughput, akses internet, failover) beserta nilai yang harus dipenuhi agar pekerjaan diterima klien.;"Menghindari perdebatan ""sudah selesai atau belum"" saat serah terima."
638;Fase F;09;Perencanaan dan Pengalamatan Jaringan;18;Jadwal Proyek dan Gantt Chart;Rencana waktu tiap tahap pekerjaan (survei, pengadaan, instalasi, uji, serah terima) yang digambarkan sebagai batang pada garis waktu.;Mengontrol kemajuan proyek dan mengatur tenaga kerja.
639;Fase F;09;Perencanaan dan Pengalamatan Jaringan;19;Simulasi Rancangan (Packet Tracer, GNS3, EVE-NG);Membangun dan menguji rancangan secara virtual sebelum dibeli dan dipasang: memastikan pengalamatan, VLAN, dan routing berjalan.;Menemukan kesalahan desain lebih dini tanpa biaya.
640;Fase F;09;Perencanaan dan Pengalamatan Jaringan;20;Pengalamatan Jaringan (Network Addressing);Perencanaan pemberian alamat IP kepada setiap perangkat dan segmen secara teratur: blok mana untuk server, VLAN mana untuk siswa/guru/tamu, IP mana yang statis/dinamis.;Jaringan mudah dikelola, aman, dan bisa di-routing dengan rapi.
641;Fase F;09;Perencanaan dan Pengalamatan Jaringan;21;Struktur Alamat IPv4 (32 bit, 4 oktet);Alamat IPv4 terdiri dari 32 bit yang dibagi 4 oktet (8 bit) dan ditulis desimal 0–255, misalnya 172.16.5.20 = 10101100.00010000.00000101.00010100.;Semua perhitungan subnetting dilakukan di tingkat bit.
642;Fase F;09;Perencanaan dan Pengalamatan Jaringan;22;Konversi Biner–Desimal;"Tiap bit oktet bernilai 128, 64, 32, 16, 8, 4, 2, 1 dari kiri. Contoh: 192 = 128+64 = 11000000; 224 = 11100000; 240 = 11110000; 248 = 11111000; 252, 254, 255.";Keterampilan dasar menghitung subnet mask dan blok.
643;Fase F;09;Perencanaan dan Pengalamatan Jaringan;23;Kelas IP (Classful Addressing);Pembagian lama berdasarkan oktet pertama: Kelas A 1–126 (mask /8, 16 juta host), Kelas B 128–191 (/16, 65.534 host), Kelas C 192–223 (/24, 254 host), Kelas D 224–239 (multicast), Kelas E 240–255 (eksperimen). 127 untuk loopback.;"Masih diajarkan sebagai dasar; praktik modern memakai CIDR (classless)."
644;Fase F;09;Perencanaan dan Pengalamatan Jaringan;24;Subnet Mask Default;Mask bawaan tiap kelas: A = 255.0.0.0 (/8), B = 255.255.0.0 (/16), C = 255.255.255.0 (/24).;Titik awal sebelum melakukan subnetting.
645;Fase F;09;Perencanaan dan Pengalamatan Jaringan;25;Prefix Length / Notasi Slash (/24);Cara singkat menulis subnet mask dengan jumlah bit 1: /24 = 255.255.255.0, /25 = 255.255.255.128, /26 = .192, /27 = .224, /28 = .240, /29 = .248, /30 = .252.;Penulisan standar dalam CIDR dan konfigurasi router modern.
646;Fase F;09;Perencanaan dan Pengalamatan Jaringan;26;CIDR (Classless Inter-Domain Routing);Sistem pengalamatan tanpa kelas: panjang bagian network ditentukan prefix (/x) bebas, bukan kelas A/B/C. Memungkinkan blok sebesar apa pun (misalnya 10.0.0.0/22) dan penggabungan rute.;Menghemat alamat IPv4 dan memperkecil tabel routing internet.
647;Fase F;09;Perencanaan dan Pengalamatan Jaringan;27;Subnetting;"Memecah satu jaringan besar menjadi beberapa jaringan lebih kecil (subnet) dengan ""meminjam"" bit host untuk dijadikan bit network. Contoh: 192.168.1.0/24 dibagi 4 menjadi /26 (masing-masing 62 host).";Mengurangi broadcast, memisahkan departemen, meningkatkan keamanan, dan menghemat IP.
648;Fase F;09;Perencanaan dan Pengalamatan Jaringan;28;Rumus Jumlah Subnet dan Host;"Jumlah subnet = 2^n (n = bit yang dipinjam). Jumlah host per subnet = 2^h − 2 (h = bit host tersisa; dikurangi network dan broadcast). Contoh /27: h = 5 → 30 host.";Inti perhitungan soal subnetting di ujian dan praktik.
649;Fase F;09;Perencanaan dan Pengalamatan Jaringan;29;Block Size / Increment (Kelipatan Subnet);"Selisih antar-subnet = 256 − nilai oktet mask yang ""menarik"". Mask .224 → blok 32 → subnet mulai di 0, 32, 64, 96, ... ; mask .240 → blok 16.";Cara cepat menemukan network address tanpa menghitung biner penuh.
650;Fase F;09;Perencanaan dan Pengalamatan Jaringan;30;Network Address, Rentang Host, dan Broadcast (Hasil Subnetting);Untuk 192.168.1.64/26: network 192.168.1.64, host pertama .65, host terakhir .126, broadcast .127, subnet berikutnya .128.;Menentukan alamat yang boleh dipakai perangkat di tiap subnet.
651;Fase F;09;Perencanaan dan Pengalamatan Jaringan;31;Operasi AND untuk Mencari Network Address;Melakukan AND bit demi bit antara IP dan subnet mask (1 AND 1 = 1, selainnya 0). Contoh: 192.168.1.130 AND 255.255.255.192 = 192.168.1.128.;"Cara komputer/router menentukan jaringan tujuan; dasar teori subnetting."
652;Fase F;09;Perencanaan dan Pengalamatan Jaringan;32;Menentukan Subnet dari Kebutuhan Host;Cari h terkecil sehingga 2^h − 2 ≥ jumlah host. Butuh 50 host → h = 6 (62 host) → prefix /26. Butuh 500 host → h = 9 (510) → /23.;Merancang subnet yang tidak kekurangan dan tidak terlalu boros.
653;Fase F;09;Perencanaan dan Pengalamatan Jaringan;33;Menentukan Subnet dari Jumlah Jaringan;Cari n terkecil sehingga 2^n ≥ jumlah subnet yang dibutuhkan, lalu tambahkan ke prefix awal. Butuh 6 subnet dari /24 → n = 3 (8 subnet) → /27.;Membagi satu blok untuk beberapa ruangan/departemen secara merata.
654;Fase F;09;Perencanaan dan Pengalamatan Jaringan;34;FLSM (Fixed Length Subnet Mask);Subnetting dengan ukuran semua subnet sama, mudah dihitung tetapi boros jika kebutuhan tiap segmen berbeda jauh.;Cocok untuk kebutuhan seragam (misalnya 8 lab masing-masing 30 PC).
655;Fase F;09;Perencanaan dan Pengalamatan Jaringan;35;VLSM (Variable Length Subnet Mask);Subnetting dengan ukuran berbeda-beda sesuai kebutuhan tiap segmen: urutkan kebutuhan dari terbesar, alokasikan blok terkecil yang cukup, lanjutkan dari alamat berikutnya. Contoh dari 192.168.10.0/24: 100 host → /25 (.0–.127), 50 host → /26 (.128–.191), 20 host → /27 (.192–.223), link router /30.;"Menghemat alamat secara maksimal; wajib dikuasai di Fase F dan UKK."
656;Fase F;09;Perencanaan dan Pengalamatan Jaringan;36;Supernetting / Route Summarization (Agregasi Rute);Kebalikan subnetting: menggabungkan beberapa jaringan berurutan menjadi satu prefix lebih besar, misalnya 192.168.0.0/24 sampai 192.168.3.0/24 menjadi 192.168.0.0/22.;Memperkecil tabel routing dan iklan rute antar-router.
657;Fase F;09;Perencanaan dan Pengalamatan Jaringan;37;Subnet /30 dan /31 untuk Link Point-to-Point;"/30 memberi 2 host usable (untuk dua router yang saling terhubung); /31 (RFC 3021) memberi 2 alamat tanpa network/broadcast khusus untuk link P2P pada perangkat modern.";Hemat IP pada sambungan antar-router.
658;Fase F;09;Perencanaan dan Pengalamatan Jaringan;38;Subnet /32 (Host Route);Prefix yang menunjuk tepat satu alamat, dipakai untuk loopback router, rute khusus ke satu server, atau alamat pelanggan PPPoE/hotspot.;"Rute paling spesifik; dipakai di routing dan firewall."
659;Fase F;09;Perencanaan dan Pengalamatan Jaringan;39;Alamat IPv4 Khusus;0.0.0.0 (alamat tidak diketahui/semua jaringan pada default route), 127.0.0.0/8 (loopback), 169.254.0.0/16 (APIPA), 224.0.0.0/4 (multicast), 255.255.255.255 (limited broadcast), 100.64.0.0/10 (CGNAT ISP).;"Tidak boleh dipakai sebagai alamat host biasa; sering muncul saat troubleshooting."
660;Fase F;09;Perencanaan dan Pengalamatan Jaringan;40;CGNAT (Carrier-Grade NAT);NAT berlapis di sisi ISP yang memberi pelanggan IP privat 100.64.0.0/10 dan berbagi satu IP publik untuk banyak pelanggan karena kelangkaan IPv4.;Menjelaskan mengapa port forwarding/remote akses dari rumah sering gagal tanpa IP publik.
661;Fase F;09;Perencanaan dan Pengalamatan Jaringan;41;IANA dan RIR (APNIC, IDNIC);"IANA membagi blok IP ke lima Regional Internet Registry; Asia-Pasifik ditangani APNIC, dan di Indonesia dilayani IDNIC (APJII). ISP/perusahaan mendapat IP publik dan ASN dari sini.";Memahami asal-usul IP publik dan prosedur mendapatkannya.
662;Fase F;09;Perencanaan dan Pengalamatan Jaringan;42;ASN (Autonomous System Number);Nomor identitas sebuah jaringan besar (ISP, kampus, perusahaan) yang mengatur routing sendiri dan bertukar rute dengan jaringan lain melalui BGP.;Syarat menjadi ISP yang terhubung langsung ke internet global/IIX.
663;Fase F;09;Perencanaan dan Pengalamatan Jaringan;43;WHOIS dan Reverse Lookup;WHOIS: layanan mencari pemilik IP/domain. Reverse lookup: mencari nama dari IP (record PTR).;Menelusuri asal serangan atau memverifikasi kepemilikan blok IP.
664;Fase F;09;Perencanaan dan Pengalamatan Jaringan;44;Rencana Alokasi IP (IP Plan);Tabel yang memetakan setiap subnet ke fungsinya, misalnya 10.10.10.0/24 server, 10.10.20.0/23 siswa, 10.10.30.0/24 guru, 10.10.99.0/24 manajemen, dengan rentang statis (.1–.50) dan pool DHCP (.51–.250).;Dokumen inti pengalamatan yang dirujuk semua konfigurasi.
665;Fase F;09;Perencanaan dan Pengalamatan Jaringan;45;IPAM (IP Address Management);Aplikasi pencatat alokasi IP (phpIPAM, NetBox, spreadsheet) yang menandai IP terpakai, cadangan, dan pemiliknya.;Mencegah konflik IP dan mempermudah audit di jaringan besar.
666;Fase F;09;Perencanaan dan Pengalamatan Jaringan;46;Pool DHCP, Lease Time, dan Reservasi (Static Lease);"Pool: rentang IP yang dibagikan DHCP. Lease time: masa pinjam (misalnya 1 hari; hotspot padat 1–2 jam). Reservasi: mengunci IP tertentu untuk MAC tertentu (printer, AP).";Membagi IP dinamis secara teratur tanpa bentrok dengan IP statis.
667;Fase F;09;Perencanaan dan Pengalamatan Jaringan;47;Alokasi IP per VLAN/Departemen;Praktik memberi tiap VLAN subnet sendiri agar routing antar-VLAN dan aturan firewall mudah, misalnya VLAN 10 = 192.168.10.0/24, VLAN 20 = 192.168.20.0/24 (angka VLAN cocok dengan oktet ketiga).;Konsistensi yang memudahkan teknisi mengingat dan menelusuri.
668;Fase F;09;Perencanaan dan Pengalamatan Jaringan;48;Jaringan Manajemen (Management Network/VLAN);Subnet/VLAN khusus untuk mengakses antarmuka pengelolaan perangkat (switch, AP, server) yang dipisah dari lalu lintas pengguna.;Keamanan: pengguna biasa tidak bisa menjangkau halaman login perangkat.
669;Fase F;09;Perencanaan dan Pengalamatan Jaringan;49;Jaringan Tamu (Guest Network);Segmen terpisah untuk pengunjung yang hanya boleh ke internet, tidak ke server/printer internal.;Melindungi jaringan internal dari perangkat yang tidak dikenal.
670;Fase F;09;Perencanaan dan Pengalamatan Jaringan;50;DMZ (Demilitarized Zone);Segmen khusus untuk server yang diakses dari internet (web, mail) yang dipisah dari LAN internal oleh firewall.;Jika server publik diretas, jaringan internal tetap terlindungi.
671;Fase F;09;Perencanaan dan Pengalamatan Jaringan;51;Pengalamatan IPv6 (128 bit, Heksadesimal);Alamat IPv6 ditulis 8 grup × 4 digit heksadesimal (16 bit), misalnya 2001:0db8:0000:0000:0000:ff00:0042:8329. Prefix ditulis /64, /48, /56, dst.;"Pengalamatan masa depan yang mulai wajib dikuasai; ISP Indonesia sudah menyalurkan IPv6."
672;Fase F;09;Perencanaan dan Pengalamatan Jaringan;52;Aturan Penyingkatan IPv6;(1) Nol di depan tiap grup boleh dihapus (0db8 → db8). (2) Satu rangkaian grup nol berturut-turut boleh diganti :: hanya sekali. Contoh: 2001:db8::ff00:42:8329.;Menulis dan membaca alamat IPv6 dengan benar.
673;Fase F;09;Perencanaan dan Pengalamatan Jaringan;53;Struktur IPv6: Global Routing Prefix, Subnet ID, Interface ID;Umumnya /48 diberikan ke organisasi (global routing prefix), 16 bit berikutnya Subnet ID (65.536 subnet), dan 64 bit terakhir Interface ID (host). Satu LAN normalnya /64.;Merencanakan subnet IPv6 jauh lebih sederhana daripada IPv4.
674;Fase F;09;Perencanaan dan Pengalamatan Jaringan;54;Global Unicast Address (GUA);Alamat IPv6 publik yang bisa di-routing di internet, saat ini dari blok 2000::/3 (diawali 2 atau 3). Blok 2001:db8::/32 khusus untuk contoh/dokumentasi.;Padanan IP publik IPv4.
675;Fase F;09;Perencanaan dan Pengalamatan Jaringan;55;Link-Local Address (fe80::/10);"Alamat IPv6 yang otomatis dibuat setiap interface dan hanya berlaku di satu segmen link; wajib ada dan dipakai untuk komunikasi router-host (NDP, gateway).";Gateway IPv6 sering berupa alamat link-local, bukan global.
676;Fase F;09;Perencanaan dan Pengalamatan Jaringan;56;Unique Local Address (ULA, fc00::/7);Alamat IPv6 privat (praktiknya fd00::/8) untuk jaringan internal, padanan RFC 1918 di IPv4, tidak di-routing ke internet.;Pengalamatan internal yang stabil meski prefix ISP berubah.
677;Fase F;09;Perencanaan dan Pengalamatan Jaringan;57;Multicast IPv6 (ff00::/8) dan Tidak Ada Broadcast;"IPv6 tidak memiliki broadcast; digantikan multicast, misalnya ff02::1 (semua node di link), ff02::2 (semua router).";Mengurangi beban jaringan dibanding broadcast IPv4.
678;Fase F;09;Perencanaan dan Pengalamatan Jaringan;58;Anycast IPv6;"Satu alamat dipasang pada banyak perangkat; paket dikirim ke yang terdekat secara routing.";Distribusi beban dan ketahanan layanan (DNS, CDN).
679;Fase F;09;Perencanaan dan Pengalamatan Jaringan;59;Loopback IPv6 (::1) dan Unspecified (::);"::1 adalah loopback (padanan 127.0.0.1); :: adalah alamat kosong/belum ditentukan (padanan 0.0.0.0).";Menguji stack IPv6 lokal dan membaca konfigurasi/routing.
680;Fase F;09;Perencanaan dan Pengalamatan Jaringan;60;EUI-64;Metode membuat 64 bit Interface ID dari MAC address 48 bit dengan menyisipkan FFFE di tengah dan membalik bit ke-7. Kini sering diganti alamat acak (privacy extension).;Pembentukan alamat otomatis pada SLAAC.
681;Fase F;09;Perencanaan dan Pengalamatan Jaringan;61;SLAAC (Stateless Address Autoconfiguration);Host IPv6 membuat alamatnya sendiri dari prefix yang diumumkan router (Router Advertisement) tanpa server DHCP.;Konfigurasi otomatis bawaan IPv6 yang sangat memudahkan.
682;Fase F;09;Perencanaan dan Pengalamatan Jaringan;62;DHCPv6 (Stateful/Stateless);"Server DHCP untuk IPv6: stateful memberi alamat lengkap; stateless hanya melengkapi informasi (DNS) sementara alamat dari SLAAC. Prefix Delegation (DHCPv6-PD) memberi blok prefix ke router pelanggan.";Pengelolaan alamat IPv6 terpusat jika dibutuhkan.
683;Fase F;09;Perencanaan dan Pengalamatan Jaringan;63;NDP (Neighbor Discovery Protocol);Protokol IPv6 pengganti ARP dan sebagian ICMP: Neighbor Solicitation/Advertisement (mencari MAC), Router Solicitation/Advertisement (mencari router dan prefix), deteksi alamat ganda (DAD).;Cara perangkat IPv6 saling menemukan di satu link.
684;Fase F;09;Perencanaan dan Pengalamatan Jaringan;64;Dual Stack;Perangkat/jaringan menjalankan IPv4 dan IPv6 bersamaan sehingga bisa berkomunikasi dengan keduanya.;Cara migrasi paling umum dan aman ke IPv6.
685;Fase F;09;Perencanaan dan Pengalamatan Jaringan;65;Tunneling IPv6 (6to4, 6in4, Teredo) dan NAT64/DNS64;Teknik transisi: membungkus paket IPv6 dalam IPv4 (tunneling) agar melewati jaringan IPv4, atau menerjemahkan IPv6 ke IPv4 (NAT64) untuk mengakses server lama.;Menghubungkan pulau-pulau IPv6 selama internet belum sepenuhnya IPv6.
686;Fase F;09;Perencanaan dan Pengalamatan Jaringan;66;Perbandingan IPv4 vs IPv6;IPv4: 32 bit, desimal, butuh NAT, broadcast, konfigurasi via DHCP, header variabel. IPv6: 128 bit, heksadesimal, tanpa NAT, multicast, SLAAC, header sederhana, IPsec bawaan.;Menjelaskan alasan migrasi dan perbedaan cara kerja.
687;Fase F;09;Perencanaan dan Pengalamatan Jaringan;67;Konfigurasi IP Statis di Windows;"Control Panel → Network Connections → Properties → IPv4 → isi IP, subnet mask, gateway, DNS; atau netsh interface ip set address ""Ethernet"" static 192.168.1.10 255.255.255.0 192.168.1.1.";Menerapkan rencana pengalamatan pada klien Windows.
688;Fase F;09;Perencanaan dan Pengalamatan Jaringan;68;Konfigurasi IP Statis di Linux (Netplan, /etc/network/interfaces, nmcli);Ubuntu 18.04+: file YAML di /etc/netplan/ lalu netplan apply. Debian: /etc/network/interfaces. Desktop: NetworkManager (nmcli). Sementara: ip addr add 192.168.1.10/24 dev eth0.;Menerapkan rencana pengalamatan pada server Linux.
689;Fase F;09;Perencanaan dan Pengalamatan Jaringan;69;Konfigurasi IP pada Router (MikroTik/Cisco);MikroTik: /ip address add address=192.168.10.1/24 interface=ether2. Cisco: interface g0/0 → ip address 192.168.10.1 255.255.255.0 → no shutdown.;Router menjadi gateway tiap subnet yang direncanakan.
690;Fase F;09;Perencanaan dan Pengalamatan Jaringan;70;Verifikasi Pengalamatan;Memastikan rencana berjalan: ipconfig/ip addr menampilkan IP benar, ping ke gateway, ping antar-subnet, dan ip route/show ip route menampilkan subnet yang diharapkan.;Menutup tahap pengalamatan dengan bukti uji.
691;Fase F;09;Perencanaan dan Pengalamatan Jaringan;71;Dokumentasi As-Built;Dokumentasi akhir yang menggambarkan jaringan sebagaimana benar-benar terpasang (bisa berbeda dari rancangan awal), termasuk IP plan final, diagram, label, dan konfigurasi.;Acuan sah untuk pemeliharaan dan pengembangan berikutnya.
692;Fase F;09;Perencanaan dan Pengalamatan Jaringan;72;Topologi Fisik vs Logis (dalam Perencanaan);"Rancangan fisik menjawab ""kabel dari mana ke mana, perangkat di ruang apa""; rancangan logis menjawab ""subnet, VLAN, IP, dan alur data"". Keduanya harus dibuat dan konsisten.";Klien memahami gambar fisik, teknisi butuh gambar logis.
693;Fase F;09;Perencanaan dan Pengalamatan Jaringan;73;Studi Kasus Perencanaan Sekolah;Contoh kebutuhan: 3 lab @36 PC, 40 guru, 600 HP siswa, server, CCTV 16 kamera. Solusi: VLAN per fungsi, /23 untuk hotspot siswa, /26 per lab, /28 server, /27 CCTV, internet 300 Mbps dedicated, 20 AP Wi-Fi 6, switch PoE per lantai.;Menghubungkan semua istilah perencanaan dalam satu skenario nyata.
694;Fase F;09;Perencanaan dan Pengalamatan Jaringan;74;Cheat Sheet Subnet /24 ke Bawah;"/25 = 2 subnet × 126 host; /26 = 4 × 62; /27 = 8 × 30; /28 = 16 × 14; /29 = 32 × 6; /30 = 64 × 2. Mask: .128, .192, .224, .240, .248, .252.";Rujukan cepat saat ujian dan konfigurasi lapangan.
695;Fase F;09;Perencanaan dan Pengalamatan Jaringan;75;Cheat Sheet Subnet /16 ke /23;"/17 = 32.766 host (mask 255.255.128.0); /18 = 16.382; /19 = 8.190; /20 = 4.094; /21 = 2.046; /22 = 1.022; /23 = 510. Blok pada oktet ketiga: 128, 64, 32, 16, 8, 4, 2.";Menangani subnet besar untuk hotspot kampus/sekolah besar.
696;Fase F;10;Teknologi Jaringan Kabel, Nirkabel, dan VoIP;1;Structured Cabling (Pengkabelan Terstruktur);Sistem pengkabelan gedung yang terstandar (ANSI/TIA-568, ISO/IEC 11801) dengan sub-sistem: entrance facility, equipment room, backbone cabling, telecommunication room, horizontal cabling, dan work area.;Pengkabelan rapi, terdokumentasi, dan bisa dipakai 15–25 tahun untuk berbagai layanan (data, suara, CCTV).
697;Fase F;10;Teknologi Jaringan Kabel, Nirkabel, dan VoIP;2;Horizontal Cabling;Kabel dari patch panel di ruang telekomunikasi ke outlet di area kerja (maksimal 90 m kabel permanen), biasanya UTP Cat6 solid dalam tray/conduit.;Jalur utama koneksi tiap meja/ruang ke switch lantai.
698;Fase F;10;Teknologi Jaringan Kabel, Nirkabel, dan VoIP;3;Backbone (Vertical) Cabling;Kabel penghubung antar-ruang telekomunikasi/antar-lantai/antar-gedung, umumnya serat optik atau UTP Cat6a berkapasitas besar.;Membawa lalu lintas gabungan dari banyak switch akses ke core.
699;Fase F;10;Teknologi Jaringan Kabel, Nirkabel, dan VoIP;4;MDF dan IDF (Main/Intermediate Distribution Frame);MDF: ruang/rak distribusi utama tempat backbone berpusat (biasanya dekat ruang server). IDF: rak distribusi antara di tiap lantai/gedung yang melayani area sekitarnya.;Struktur bertingkat yang membatasi panjang kabel horizontal.
700;Fase F;10;Teknologi Jaringan Kabel, Nirkabel, dan VoIP;5;Telecommunication Room (TR) dan Rak Dinding;Ruang atau rak (wall-mount 6–12U) di tiap lantai berisi switch, patch panel, dan UPS.;Titik pusat pengkabelan lantai yang harus mudah diakses dan berventilasi.
701;Fase F;10;Teknologi Jaringan Kabel, Nirkabel, dan VoIP;6;Work Area dan Outlet (Faceplate + Keystone);Titik akhir di meja/dinding: faceplate (plat) berisi keystone jack RJ-45 tempat pengguna mencolokkan patch cord ke komputer.;Sambungan pengguna yang rapi dan mudah diganti tanpa menarik kabel ulang.
702;Fase F;10;Teknologi Jaringan Kabel, Nirkabel, dan VoIP;7;Patch Panel;Panel berport (12/24/48) di rak tempat ujung kabel horizontal diterminasi (punch down) sehingga koneksi ke switch cukup lewat patch cord pendek.;Melindungi kabel permanen dari colok-cabut dan memudahkan perubahan koneksi.
703;Fase F;10;Teknologi Jaringan Kabel, Nirkabel, dan VoIP;8;Patch Cord (Kabel Jumper);Kabel UTP stranded pendek (0,5–5 m) berkonektor RJ-45 di kedua ujung, menghubungkan patch panel ke switch atau outlet ke PC.;"Bagian yang boleh sering dicabut-pasang; panjang total maksimal 10 m dalam satu channel."
704;Fase F;10;Teknologi Jaringan Kabel, Nirkabel, dan VoIP;9;Permanent Link vs Channel;Permanent link: kabel tetap dari patch panel ke outlet (maks 90 m). Channel: keseluruhan jalur termasuk patch cord kedua ujung (maks 100 m). Certifier menguji keduanya dengan batas berbeda.;Memahami hasil sertifikasi kabel dan batas panjang.
705;Fase F;10;Teknologi Jaringan Kabel, Nirkabel, dan VoIP;10;Cable Tray, Duct, Conduit, dan Raceway;Tray: rak terbuka untuk banyak kabel di plafon. Duct: saluran plastik tertutup di dinding. Conduit: pipa (PVC/HDPE) pelindung kabel. Raceway: saluran dekoratif dengan penutup.;Melindungi dan merapikan kabel sekaligus memenuhi standar keselamatan.
706;Fase F;10;Teknologi Jaringan Kabel, Nirkabel, dan VoIP;11;Pemisahan Kabel Data dan Listrik;Jarak minimal antara jalur kabel UTP dan kabel listrik (sekitar 30 cm sejajar, atau menyilang tegak lurus) untuk menghindari EMI.;Mencegah error dan link turun akibat induksi listrik.
707;Fase F;10;Teknologi Jaringan Kabel, Nirkabel, dan VoIP;12;Radius Tekukan (Bend Radius) Kabel;Lengkungan minimal yang diizinkan: UTP sekitar 4 kali diameter kabel (±2,5 cm), serat optik 10–20 kali diameter.;Tekukan tajam merusak pilinan/serat dan menaikkan redaman.
708;Fase F;10;Teknologi Jaringan Kabel, Nirkabel, dan VoIP;13;Tegangan Tarik (Pulling Tension);"Gaya tarik maksimal saat menarik kabel UTP sekitar 110 N (11 kg); ditarik lebih keras akan merusak pilinan.";Menarik kabel dengan hati-hati, memakai pelumas atau fish tape.
709;Fase F;10;Teknologi Jaringan Kabel, Nirkabel, dan VoIP;14;Uji Wiremap, Length, NEXT, Return Loss, Insertion Loss;Parameter sertifikasi kabel: wiremap (urutan pin), length (panjang), NEXT (crosstalk ujung dekat), return loss (pantulan), insertion loss (redaman total).;Menentukan kabel lulus standar kategori tertentu.
710;Fase F;10;Teknologi Jaringan Kabel, Nirkabel, dan VoIP;15;Split Pair;Kesalahan urutan di mana kawat dari pasangan berbeda dipakai sebagai satu pasang (misalnya 3-4 dan 5-6): LAN tester biasa tetap menyala berurutan, tetapi crosstalk sangat tinggi dan kecepatan jatuh.;Alasan urutan T568A/B harus diikuti persis, bukan asal sama di kedua ujung.
711;Fase F;10;Teknologi Jaringan Kabel, Nirkabel, dan VoIP;16;PoE (Power over Ethernet);Teknologi mengalirkan daya listrik DC bersama data dalam satu kabel UTP. Standar IEEE 802.3af (PoE, 15,4 W), 802.3at (PoE+, 30 W), 802.3bt (PoE++, 60/90 W). Ada juga PoE pasif 24 V (MikroTik/Ubiquiti) yang tidak bernegosiasi.;Menyalakan AP, kamera IP, IP phone, dan radio tanpa stopkontak di dekatnya.
712;Fase F;10;Teknologi Jaringan Kabel, Nirkabel, dan VoIP;17;PSE dan PD (Power Sourcing Equipment / Powered Device);PSE: pemberi daya (switch PoE atau injector). PD: penerima daya (AP, kamera). PSE standar mendeteksi PD dulu sebelum mengalirkan daya.;"Memastikan perangkat non-PoE tidak rusak; PoE pasif harus dicocokkan tegangannya."
713;Fase F;10;Teknologi Jaringan Kabel, Nirkabel, dan VoIP;18;PoE Injector dan PoE Splitter;Injector: menyisipkan daya ke kabel dari adaptor untuk switch non-PoE. Splitter: memisahkan daya dari kabel untuk perangkat non-PoE (misalnya Raspberry Pi).;Solusi PoE tanpa mengganti switch.
714;Fase F;10;Teknologi Jaringan Kabel, Nirkabel, dan VoIP;19;PoE Budget;Total daya yang bisa disediakan switch PoE untuk semua port, misalnya switch 24 port dengan budget 190 W hanya sanggup sekitar 12 AP PoE+ penuh.;Merencanakan jumlah perangkat PoE per switch.
715;Fase F;10;Teknologi Jaringan Kabel, Nirkabel, dan VoIP;20;Media Converter dan Uplink SFP;Menghubungkan segmen UTP dengan serat melalui converter berpasangan atau langsung lewat port SFP di switch dengan modul yang sesuai (SX/LX, single/multimode, jarak).;Menghubungkan gedung/lantai yang jaraknya lebih dari 100 m.
716;Fase F;10;Teknologi Jaringan Kabel, Nirkabel, dan VoIP;21;Duplex Mismatch dan Speed Mismatch;Ketidakcocokan pengaturan duplex/kecepatan dua ujung link (misalnya satu dipaksa 100 full, satu auto) menyebabkan late collision, CRC error, dan throughput sangat rendah.;"Salah satu penyebab klasik ""link nyala tetapi lambat""."
717;Fase F;10;Teknologi Jaringan Kabel, Nirkabel, dan VoIP;22;Perawatan Jaringan Kabel;Pemeriksaan berkala: kondisi konektor dan kait, label, kerapian, kabel yang terjepit/terkelupas, port switch yang error (counter CRC), pembersihan debu rak, dan pembaruan dokumentasi.;Mencegah gangguan dan memperpanjang umur instalasi.
718;Fase F;10;Teknologi Jaringan Kabel, Nirkabel, dan VoIP;23;Perbaikan Jaringan Kabel;Langkah: identifikasi gejala → cek LED/link → tes kabel dengan LAN tester/certifier → cari titik putus (TDR/tone) → re-crimp/re-punch atau ganti kabel → uji ulang → dokumentasikan.;Prosedur sistematis memulihkan koneksi kabel.
719;Fase F;10;Teknologi Jaringan Kabel, Nirkabel, dan VoIP;24;Jenis Kabel Serat Optik Berdasarkan Konstruksi;Loose tube (serat dalam tabung bergel, untuk outdoor/tanam), tight buffered (serat berlapis 900 µm, untuk indoor), ADSS (All-Dielectric Self-Supporting, gantung di tiang tanpa kawat), figure-8 (dengan kawat penggantung), armored (berlapis baja anti-tikus), drop cable, duct cable, direct buried.;Memilih kabel FO yang tepat untuk lokasi udara, tanam, duct, atau indoor.
720;Fase F;10;Teknologi Jaringan Kabel, Nirkabel, dan VoIP;25;Standar Serat ITU-T (G.652, G.657, G.651);G.652.D: single-mode standar backbone. G.657.A/B: single-mode tahan tekukan (bend-insensitive) untuk FTTH/indoor. G.651: multimode 50/125.;Membaca spesifikasi kabel FO dan memilih yang sesuai.
721;Fase F;10;Teknologi Jaringan Kabel, Nirkabel, dan VoIP;26;Penyambungan FO (Prosedur Fusion Splice);Kupas jaket dan coating → bersihkan dengan alkohol → cleave → masukkan sleeve → pasang di splicer → splice otomatis → periksa loss estimasi → panaskan sleeve → tata di tray dengan radius aman.;Kompetensi inti teknisi FO yang diuji di UKK/sertifikasi.
722;Fase F;10;Teknologi Jaringan Kabel, Nirkabel, dan VoIP;27;Terminasi FO (OTB/ODP) dan Manajemen Slack;Menata sambungan pigtail di tray, menyisakan gulungan cadangan (slack) 1–2 m di setiap titik, dan memberi label core.;Memudahkan perbaikan ulang tanpa kekurangan panjang kabel.
723;Fase F;10;Teknologi Jaringan Kabel, Nirkabel, dan VoIP;28;Perbaikan Jaringan FO (Putus/LOS);Langkah: cek daya di ONT (OPM) → cek konektor/roset/patch cord → telusuri kabel drop (tekukan, gigitan tikus, terpotong) → VFL/OTDR untuk lokasi putus → sambung ulang (splice atau ganti kabel drop) → ukur ulang daya → dokumentasi.;Prosedur standar teknisi FTTH menangani gangguan pelanggan.
724;Fase F;10;Teknologi Jaringan Kabel, Nirkabel, dan VoIP;29;Pembersihan Konektor FO;Selalu bersihkan ferrule dengan one-click cleaner/tisu IPA sebelum dicolok, dan tutup port/konektor yang tidak dipakai dengan dust cap.;Debu adalah penyebab loss dan kerusakan port terbanyak.
725;Fase F;10;Teknologi Jaringan Kabel, Nirkabel, dan VoIP;30;Komponen WLAN (Station, AP, Distribution System, Controller);Bagian pembentuk WLAN 802.11: station/klien (laptop, HP, IoT dengan adapter Wi-Fi), access point (jembatan radio ke kabel), distribution system (jaringan kabel/switch yang menghubungkan antar-AP), dan opsional wireless controller yang mengelola banyak AP.;Memahami peran tiap komponen memudahkan perancangan, instalasi, dan diagnosis WLAN skala sekolah/kantor.
726;Fase F;10;Teknologi Jaringan Kabel, Nirkabel, dan VoIP;31;Standar IEEE 802.11 (Generasi Wi-Fi);802.11b (1999): 2,4 GHz, 11 Mbps. 802.11a: 5 GHz, 54 Mbps. 802.11g (2003): 2,4 GHz, 54 Mbps. 802.11n (Wi-Fi 4, 2009): 2,4/5 GHz, hingga 600 Mbps, MIMO. 802.11ac (Wi-Fi 5, 2013): 5 GHz, hingga 6,9 Gbps, MU-MIMO. 802.11ax (Wi-Fi 6/6E, 2019/2021): 2,4/5/6 GHz, hingga 9,6 Gbps, OFDMA. 802.11be (Wi-Fi 7, 2024): hingga 46 Gbps, 320 MHz, MLO.;Memilih perangkat yang saling kompatibel dan memahami kecepatan teoretis vs nyata.
727;Fase F;10;Teknologi Jaringan Kabel, Nirkabel, dan VoIP;32;Kompatibilitas Mundur (Backward Compatibility);AP Wi-Fi 6 tetap melayani klien Wi-Fi 4/5, tetapi klien lama yang lambat dapat menurunkan kinerja seluruh sel (airtime).;Mempertimbangkan campuran perangkat lama dan baru saat merancang WLAN.
728;Fase F;10;Teknologi Jaringan Kabel, Nirkabel, dan VoIP;33;SSID (Service Set Identifier);"Nama jaringan Wi-Fi yang tampil di daftar (maksimal 32 karakter), misalnya ""SMK-Guru"". Satu AP bisa memancarkan beberapa SSID (multi-SSID) yang dipetakan ke VLAN berbeda.";Membedakan jaringan nirkabel dan memisahkan kelompok pengguna.
729;Fase F;10;Teknologi Jaringan Kabel, Nirkabel, dan VoIP;34;BSSID dan ESSID;BSSID: MAC address radio AP yang mengidentifikasi satu sel. ESSID: SSID yang sama dipakai banyak AP dalam satu jaringan luas (Extended Service Set).;Klien berpindah AP (roaming) dalam ESS tanpa ganti SSID.
730;Fase F;10;Teknologi Jaringan Kabel, Nirkabel, dan VoIP;35;BSS, ESS, dan IBSS (Ad-Hoc);BSS: satu AP dengan klien-kliennya. ESS: kumpulan BSS terhubung lewat kabel dengan SSID sama. IBSS/ad-hoc: klien saling terhubung langsung tanpa AP.;Memahami arsitektur WLAN dari satu ruangan sampai satu kampus.
731;Fase F;10;Teknologi Jaringan Kabel, Nirkabel, dan VoIP;36;Mode Infrastructure vs Ad-Hoc;Infrastructure: semua komunikasi lewat AP (standar). Ad-hoc: peer-to-peer nirkabel (Wi-Fi Direct, tethering langsung).;Hampir semua WLAN produktif memakai mode infrastructure.
732;Fase F;10;Teknologi Jaringan Kabel, Nirkabel, dan VoIP;37;Beacon dan Probe;Beacon: frame yang dipancarkan AP secara berkala (sekitar 10 kali per detik) untuk mengumumkan SSID dan kemampuannya. Probe request/response: klien mencari AP dan AP menjawab.;Proses klien menemukan jaringan Wi-Fi.
733;Fase F;10;Teknologi Jaringan Kabel, Nirkabel, dan VoIP;38;Association dan Authentication (802.11);Tahap klien bergabung ke AP: autentikasi (verifikasi kunci/identitas) lalu asosiasi (terdaftar sebagai klien AP dan mendapat akses).;"Memahami log AP dan masalah ""tidak bisa connect""."
734;Fase F;10;Teknologi Jaringan Kabel, Nirkabel, dan VoIP;39;Mode Access Point (AP, Station/Client, Repeater, Bridge, WDS, Mesh);AP: memancarkan Wi-Fi untuk klien. Station/client: perangkat bertindak sebagai penerima (misalnya menyambung ke ISP nirkabel). Repeater: menerima dan memancarkan ulang. Bridge/WDS: menghubungkan dua jaringan kabel lewat nirkabel. Mesh: AP saling terhubung nirkabel membentuk jala.;Memilih mode radio sesuai kebutuhan instalasi.
735;Fase F;10;Teknologi Jaringan Kabel, Nirkabel, dan VoIP;40;Wireless Router vs Access Point (Perbedaan Peran);Wireless router: routing + NAT + DHCP + firewall + AP (untuk gateway rumah). AP murni: hanya jembatan nirkabel-kabel (untuk memperluas jaringan yang sudah punya router). Memasang router kedua sebagai AP harus mematikan DHCP-nya (mode AP/bridge).;Menghindari double NAT dan dua DHCP di satu jaringan.
736;Fase F;10;Teknologi Jaringan Kabel, Nirkabel, dan VoIP;41;Wireless Controller (WLC) dan CAPsMAN;Perangkat/perangkat lunak yang mengelola banyak AP secara terpusat (SSID, kanal, daya, firmware, roaming): Cisco WLC, UniFi Controller, Omada Controller, Aruba Central, dan CAPsMAN di MikroTik.;Mengelola puluhan AP sekolah/kampus dari satu tempat.
737;Fase F;10;Teknologi Jaringan Kabel, Nirkabel, dan VoIP;42;Mesh Wi-Fi;"Sistem beberapa AP yang saling terhubung nirkabel (backhaul) dengan satu SSID dan pengaturan otomatis; contoh: Deco, Eero, UniFi Mesh.";Cakupan luas di rumah/gedung tanpa menarik kabel ke tiap AP, meski throughput turun dibanding AP berkabel.
738;Fase F;10;Teknologi Jaringan Kabel, Nirkabel, dan VoIP;43;Roaming (Wi-Fi);Perpindahan klien dari satu AP ke AP lain dengan SSID sama tanpa putus. Standar pendukung roaming cepat: 802.11k (peta AP tetangga), 802.11v (saran pindah), 802.11r (fast transition).;Pengguna berjalan di gedung sambil video call tanpa terputus.
739;Fase F;10;Teknologi Jaringan Kabel, Nirkabel, dan VoIP;44;Sticky Client;"Klien yang tetap bertahan di AP lama bersinyal lemah meski ada AP lebih dekat; diatasi dengan minimum RSSI/band steering/802.11v.";"Masalah umum WLAN multi-AP yang membuat Wi-Fi ""penuh bar tetapi lambat""."
740;Fase F;10;Teknologi Jaringan Kabel, Nirkabel, dan VoIP;45;Perencanaan Kanal (Channel Planning);"Mengatur kanal AP berdekatan agar tidak tumpang tindih: 2,4 GHz hanya kanal 1, 6, 11 (pola sarang lebah); 5 GHz punya banyak kanal 20/40/80 MHz (36–64, 100–144, 149–165).";Mengurangi co-channel interference dan menaikkan kapasitas.
741;Fase F;10;Teknologi Jaringan Kabel, Nirkabel, dan VoIP;46;Co-Channel dan Adjacent-Channel Interference;Co-channel: AP tetangga memakai kanal sama sehingga harus bergantian (antre). Adjacent: kanal berdekatan yang tumpang tindih menimbulkan noise (lebih buruk daripada co-channel).;"Menjelaskan mengapa ""kanal 3 atau 9"" adalah pilihan buruk di 2,4 GHz."
742;Fase F;10;Teknologi Jaringan Kabel, Nirkabel, dan VoIP;47;DFS (Dynamic Frequency Selection);"Kanal 5 GHz tertentu (52–144) yang berbagi dengan radar cuaca/bandara; AP wajib berpindah jika mendeteksi radar.";Menambah kanal tersedia dengan risiko perpindahan mendadak.
743;Fase F;10;Teknologi Jaringan Kabel, Nirkabel, dan VoIP;48;Channel Width (20/40/80/160/320 MHz);"Lebar kanal yang dipakai satu AP; makin lebar makin cepat tetapi makin sedikit kanal bebas dan makin rentan interferensi. 2,4 GHz sebaiknya 20 MHz; 5 GHz 40–80 MHz.";Menyeimbangkan kecepatan dengan kepadatan AP.
744;Fase F;10;Teknologi Jaringan Kabel, Nirkabel, dan VoIP;49;Data Rate vs Throughput Nyata;"Data rate (misalnya 866 Mbps) adalah kecepatan teoretis link; throughput nyata biasanya 40–60% karena half duplex, overhead protokol, dan berbagi airtime.";"Mengelola ekspektasi pelanggan terhadap ""Wi-Fi 1200 Mbps""."
745;Fase F;10;Teknologi Jaringan Kabel, Nirkabel, dan VoIP;50;MCS (Modulation and Coding Scheme);"Indeks 0–11 yang menunjukkan kombinasi modulasi (BPSK sampai 1024-QAM) dan coding; makin tinggi makin cepat tetapi butuh SNR makin besar.";Membaca status link radio dan memahami mengapa kecepatan turun saat sinyal lemah.
746;Fase F;10;Teknologi Jaringan Kabel, Nirkabel, dan VoIP;51;MIMO dan MU-MIMO;MIMO: memakai beberapa antena untuk mengirim aliran data paralel (2×2, 4×4). MU-MIMO: AP melayani beberapa klien sekaligus dalam waktu yang sama.;Melipatgandakan kecepatan dan kapasitas AP.
747;Fase F;10;Teknologi Jaringan Kabel, Nirkabel, dan VoIP;52;OFDMA (Wi-Fi 6);Membagi satu kanal menjadi sub-kanal kecil (resource unit) sehingga banyak klien bisa mengirim/menerima bersamaan dalam satu transmisi.;Efisiensi tinggi di area padat (kelas, aula) dengan banyak perangkat kecil.
748;Fase F;10;Teknologi Jaringan Kabel, Nirkabel, dan VoIP;53;Beamforming;Teknik AP memfokuskan sinyal ke arah klien tertentu dengan mengatur fase antena.;Sinyal lebih kuat dan stabil ke klien tanpa menambah daya.
749;Fase F;10;Teknologi Jaringan Kabel, Nirkabel, dan VoIP;54;Band Steering dan Airtime Fairness;Band steering mendorong klien dual-band ke 5 GHz yang lebih lega. Airtime fairness membagi waktu udara adil agar klien lambat tidak menyandera klien cepat.;Mengoptimalkan kinerja WLAN campuran.
750;Fase F;10;Teknologi Jaringan Kabel, Nirkabel, dan VoIP;55;CSMA/CA, Hidden Node, dan RTS/CTS;"Wi-Fi memakai CSMA/CA (mendengar dulu sebelum mengirim untuk menghindari tabrakan). Hidden node: dua klien tidak saling mendengar tetapi sama-sama terdengar AP sehingga tabrakan; diatasi mekanisme RTS/CTS.";Menjelaskan sifat half duplex dan penurunan kinerja Wi-Fi padat.
751;Fase F;10;Teknologi Jaringan Kabel, Nirkabel, dan VoIP;56;Cakupan (Coverage) vs Kapasitas (Capacity);Desain cakupan: cukup sinyal di semua area (sedikit AP berdaya tinggi). Desain kapasitas: cukup throughput untuk banyak pengguna (banyak AP berdaya rendah, sel kecil). Kelas padat butuh desain kapasitas.;Menentukan jumlah dan penempatan AP dengan benar.
752;Fase F;10;Teknologi Jaringan Kabel, Nirkabel, dan VoIP;57;Survei Nirkabel (Predictive, Passive, Active) dan Heatmap;Predictive: simulasi di denah (Ekahau, UniFi Design Center). Passive: berjalan mengukur sinyal semua AP. Active: terhubung dan mengukur throughput. Heatmap: peta warna kekuatan sinyal.;Bukti cakupan sebelum dan sesudah instalasi.
753;Fase F;10;Teknologi Jaringan Kabel, Nirkabel, dan VoIP;58;Dead Spot / Blank Spot;Area tanpa sinyal atau sinyal sangat lemah karena jarak, tembok beton, kaca berlapis logam, atau lift.;Ditemukan lewat survei dan diatasi dengan penambahan AP/relokasi.
754;Fase F;10;Teknologi Jaringan Kabel, Nirkabel, dan VoIP;59;Penempatan dan Pemasangan AP Indoor;AP dipasang di plafon/ dinding tinggi di tengah area layanan, jauh dari logam/kaca besar, dengan orientasi sesuai pola antena, kabel Cat6 PoE dan bracket standar.;Cakupan optimal dan instalasi rapi.
755;Fase F;10;Teknologi Jaringan Kabel, Nirkabel, dan VoIP;60;AP Outdoor dan Rating IP (IP65/IP67);"AP luar ruangan berbodi tahan cuaca dengan rating IP (Ingress Protection) terhadap debu/air; dipasang di tiang dengan grounding dan arrester.";Wi-Fi taman, lapangan, area parkir, dan kampung.
756;Fase F;10;Teknologi Jaringan Kabel, Nirkabel, dan VoIP;61;Point-to-Point (PtP) dan Point-to-Multipoint (PtMP) Outdoor;PtP: dua radio directional berhadapan (antar-gedung 1–30 km). PtMP: satu radio sektoral/omni di pusat melayani banyak radio klien (WISP/RT/RW Net).;Menghubungkan lokasi tanpa kabel dengan biaya rendah.
757;Fase F;10;Teknologi Jaringan Kabel, Nirkabel, dan VoIP;62;Link Budget Nirkabel;Perhitungan: Tx power + gain antena Tx − loss kabel − free space path loss + gain antena Rx harus lebih besar dari sensitivitas penerima ditambah margin (10–20 dB).;Memastikan link jarak jauh stabil sebelum membeli perangkat.
758;Fase F;10;Teknologi Jaringan Kabel, Nirkabel, dan VoIP;63;FSPL (Free Space Path Loss);"Redaman alami gelombang di udara yang bertambah dengan jarak dan frekuensi; pada 5 GHz jarak 10 km sekitar 126 dB.";Komponen terbesar dalam link budget.
759;Fase F;10;Teknologi Jaringan Kabel, Nirkabel, dan VoIP;64;Pointing / Alignment Antena;Proses mengarahkan dua antena directional agar saling tepat menghadap dengan bantuan indikator sinyal, kompas/azimuth, dan penyetelan halus horizontal-vertikal.;Selisih beberapa derajat bisa menurunkan sinyal puluhan dB.
760;Fase F;10;Teknologi Jaringan Kabel, Nirkabel, dan VoIP;65;Azimuth, Elevation, dan Tilt;Azimuth: arah horizontal antena (derajat dari utara). Elevation/tilt: kemiringan vertikal. Dihitung dari koordinat GPS kedua titik.;Pengaturan awal pointing sebelum penyetelan halus.
761;Fase F;10;Teknologi Jaringan Kabel, Nirkabel, dan VoIP;66;Perangkat Radio Outdoor Populer;Ubiquiti: NanoStation, LiteBeam, PowerBeam, airFiber, LiteAP (sektoral). MikroTik: SXT, LHG, DISC, mANTBox, wAP. TP-Link: CPE210/510, Pharos.;Mengenal pilihan perangkat untuk link outdoor dan WISP.
762;Fase F;10;Teknologi Jaringan Kabel, Nirkabel, dan VoIP;67;Protokol Proprietary TDMA (airMAX, Nstreme/NV2);Protokol khusus vendor pengganti CSMA/CA yang membagi waktu (TDMA) agar PtMP dengan banyak klien lebih stabil dan adil. Hanya bekerja antar-perangkat vendor yang sama.;Kinerja WISP lebih baik daripada Wi-Fi standar.
763;Fase F;10;Teknologi Jaringan Kabel, Nirkabel, dan VoIP;68;CCQ (Client Connection Quality);"Indikator MikroTik (persen) tentang efisiensi link nirkabel; di bawah 70–80% menandakan interferensi/sinyal buruk.";Menilai kualitas link selain sekadar kekuatan sinyal.
764;Fase F;10;Teknologi Jaringan Kabel, Nirkabel, dan VoIP;69;Tower, Tiang, Tripod, dan Pipa;Struktur penopang antena: tower triangle (guyed), monopole, tiang galvanis, tripod atap, pipa 1,5–2 inci. Harus kuat, di-grounding, dan diberi arrester.;Mendapatkan ketinggian LOS dengan aman.
765;Fase F;10;Teknologi Jaringan Kabel, Nirkabel, dan VoIP;70;Grounding Perangkat Outdoor dan Kabel Shielded;Radio outdoor memakai kabel STP/FTP outdoor dengan konektor berpelindung yang ditanahkan, plus Ethernet surge protector di dekat perangkat dalam ruangan.;Melindungi dari petir dan listrik statis yang sering merusak port radio/switch.
766;Fase F;10;Teknologi Jaringan Kabel, Nirkabel, dan VoIP;71;Pengujian Instalasi Nirkabel;Uji: kekuatan sinyal (RSSI) di titik-titik terjauh, SNR, kecepatan (speedtest/iPerf), ping/jitter, roaming antar-AP, jumlah klien maksimum, dan kestabilan 24 jam.;Membuktikan instalasi memenuhi target sebelum serah terima.
767;Fase F;10;Teknologi Jaringan Kabel, Nirkabel, dan VoIP;72;Perawatan Jaringan Nirkabel;Memperbarui firmware AP, memeriksa interferensi baru, mengecek kanal/daya, membersihkan radiator outdoor, memeriksa baut/kabel/arrester, dan meninjau log klien.;Menjaga kinerja WLAN yang mudah berubah karena lingkungan.
768;Fase F;10;Teknologi Jaringan Kabel, Nirkabel, dan VoIP;73;Perbaikan Jaringan Nirkabel;Gejala umum: tidak muncul SSID (AP mati/PoE), tidak dapat IP (DHCP/VLAN), lambat (interferensi/kanal/terlalu banyak klien), putus-putus (sticky client, sinyal lemah, DFS), tidak bisa login (kata sandi/RADIUS).;Panduan diagnosis cepat masalah Wi-Fi.
769;Fase F;10;Teknologi Jaringan Kabel, Nirkabel, dan VoIP;74;Wireless Security Profile (Open, WPA2-PSK, WPA3, Enterprise);Pengaturan keamanan SSID: open (tanpa kata sandi, biasanya + captive portal), WPA2-Personal (PSK/AES), WPA3-Personal (SAE), WPA2/WPA3-Enterprise (802.1X + RADIUS, tiap pengguna akun sendiri).;"Memilih tingkat keamanan sesuai kelompok pengguna; dibahas detail di Keamanan Jaringan."
770;Fase F;10;Teknologi Jaringan Kabel, Nirkabel, dan VoIP;75;Captive Portal dan Hotspot;Halaman login yang muncul otomatis saat pengguna Wi-Fi membuka browser (voucher, akun, media sosial). Fitur Hotspot MikroTik adalah contoh implementasi lengkap dengan manajemen pengguna dan kuota.;Wi-Fi publik/sekolah dengan kendali pengguna, waktu, dan bandwidth.
771;Fase F;10;Teknologi Jaringan Kabel, Nirkabel, dan VoIP;76;Client Isolation (AP Isolation);Fitur AP yang melarang klien nirkabel saling berkomunikasi langsung.;Keamanan Wi-Fi tamu/hotspot agar pengguna tidak bisa memindai HP pengguna lain.
772;Fase F;10;Teknologi Jaringan Kabel, Nirkabel, dan VoIP;77;Bandwidth Limit per Klien dan Jumlah Klien Maksimum;Pembatasan kecepatan tiap pengguna (misalnya 5 Mbps) dan batas jumlah klien per AP/SSID (misalnya 50) untuk mencegah satu AP kewalahan.;Kinerja adil dan stabil pada Wi-Fi padat.
773;Fase F;10;Teknologi Jaringan Kabel, Nirkabel, dan VoIP;78;Wi-Fi Analyzer dan Speedtest sebagai Alat Uji Lapangan;Aplikasi untuk memeriksa kanal, sinyal, dan kecepatan langsung di lokasi pengguna.;Alat wajib teknisi saat survei, instalasi, dan penanganan keluhan.
774;Fase F;10;Teknologi Jaringan Kabel, Nirkabel, dan VoIP;79;VoIP (Voice over Internet Protocol);Teknologi mengirim suara (dan video) sebagai paket data melalui jaringan IP, menggantikan telepon analog/PSTN. Komponen: IP-PBX/server, IP phone/softphone, protokol pensinyalan (SIP), protokol media (RTP), dan kodek.;Telepon internal kantor/sekolah gratis, panggilan jarak jauh murah, terintegrasi dengan komputer.
775;Fase F;10;Teknologi Jaringan Kabel, Nirkabel, dan VoIP;80;SIP (Session Initiation Protocol);Protokol pensinyalan VoIP yang membangun, mengubah, dan mengakhiri panggilan (REGISTER, INVITE, BYE). Port standar UDP/TCP 5060 (5061 untuk TLS).;"""Operator"" yang mengatur siapa memanggil siapa dalam VoIP."
776;Fase F;10;Teknologi Jaringan Kabel, Nirkabel, dan VoIP;81;RTP dan RTCP (Real-time Transport Protocol);"RTP membawa paket suara/video sebenarnya (UDP, port dinamis 10000–20000); RTCP melaporkan kualitas (jitter, loss).";"Aliran media panggilan; firewall harus mengizinkan port RTP."
777;Fase F;10;Teknologi Jaringan Kabel, Nirkabel, dan VoIP;82;Codec (Kodek Suara);Algoritma mengubah suara analog menjadi data digital dan sebaliknya: G.711 (64 kbps, kualitas tinggi, boros), G.729 (8 kbps, hemat, kualitas cukup), Opus (adaptif, modern), GSM.;Menyeimbangkan kualitas suara dengan kebutuhan bandwidth.
778;Fase F;10;Teknologi Jaringan Kabel, Nirkabel, dan VoIP;83;IP-PBX / Softswitch (Asterisk, FreePBX, Issabel, 3CX);"Server telepon berbasis perangkat lunak yang mengelola ekstensi, routing panggilan, voicemail, IVR, dan trunk. Asterisk adalah mesin open source; FreePBX/Issabel adalah antarmuka webnya.";Pusat layanan VoIP yang dikonfigurasi siswa di praktik Fase F.
779;Fase F;10;Teknologi Jaringan Kabel, Nirkabel, dan VoIP;84;Ekstensi (Extension);Nomor telepon internal (misalnya 101, 102) yang didaftarkan di IP-PBX dengan kata sandi SIP, satu untuk tiap perangkat/pengguna.;Identitas tiap telepon dalam sistem VoIP.
780;Fase F;10;Teknologi Jaringan Kabel, Nirkabel, dan VoIP;85;Softphone dan IP Phone;Softphone: aplikasi telepon di PC/HP (Zoiper, MicroSIP, Linphone, X-Lite). IP phone: pesawat telepon fisik berport LAN/PoE (Yealink, Grandstream, Fanvil).;Perangkat ujung pengguna VoIP.
781;Fase F;10;Teknologi Jaringan Kabel, Nirkabel, dan VoIP;86;SIP Trunk dan VoIP Gateway (FXO/FXS, ATA);"SIP trunk: sambungan IP-PBX ke penyedia telepon luar lewat internet. Gateway FXO menghubungkan PBX ke saluran PSTN; FXS/ATA (Analog Telephone Adapter) menghubungkan telepon analog lama ke VoIP.";Menghubungkan VoIP dengan dunia telepon luar dan perangkat lama.
782;Fase F;10;Teknologi Jaringan Kabel, Nirkabel, dan VoIP;87;Dial Plan;Aturan penomoran dan routing panggilan di PBX: nomor 1xx ke ekstensi lokal, 0 diikuti nomor ke trunk luar, 9 ke resepsionis.;Menentukan bagaimana setiap nomor yang ditekan diproses.
783;Fase F;10;Teknologi Jaringan Kabel, Nirkabel, dan VoIP;88;IVR, Voicemail, Call Queue, dan Conference;"Fitur PBX: IVR (menu suara ""tekan 1 untuk...""), voicemail (pesan suara), antrian panggilan, dan konferensi multi-pihak.";Layanan telepon profesional tanpa biaya mahal.
784;Fase F;10;Teknologi Jaringan Kabel, Nirkabel, dan VoIP;89;QoS untuk VoIP (Latency, Jitter, Loss);Syarat kualitas: latency satu arah di bawah 150 ms, jitter di bawah 30 ms, packet loss di bawah 1%. Dicapai dengan prioritas DSCP EF (46), VLAN suara terpisah, dan bandwidth cukup (sekitar 90 kbps per panggilan G.711).;Suara jernih tanpa putus meski jaringan sibuk.
785;Fase F;10;Teknologi Jaringan Kabel, Nirkabel, dan VoIP;90;Voice VLAN dan PoE untuk IP Phone;VLAN khusus telepon yang dipisah dari data (switch mengenali telepon lewat LLDP-MED/CDP) dan daya PoE agar telepon menyala tanpa adaptor.;Instalasi IP phone yang rapi, aman, dan berprioritas.
786;Fase F;10;Teknologi Jaringan Kabel, Nirkabel, dan VoIP;91;Konfigurasi Dasar VoIP (Praktik);Instal IP-PBX (misalnya Issabel/FreePBX di VM) → buat ekstensi 101 dan 102 → pasang softphone di dua PC/HP dengan IP server, nomor ekstensi, dan kata sandi → uji panggilan → tambah IVR/trunk.;Rangkaian praktik VoIP yang umum di sekolah dan UKK.
787;Fase F;10;Teknologi Jaringan Kabel, Nirkabel, dan VoIP;92;Video Conference dan WebRTC;Komunikasi video multi-pihak lewat IP (Zoom, Meet, Jitsi). WebRTC adalah standar browser untuk suara/video real-time tanpa plugin.;Kebutuhan jaringan serupa VoIP dengan bandwidth lebih besar (1–4 Mbps per peserta).
788;Fase F;11;Pemasangan dan Konfigurasi Perangkat Jaringan;1;Perangkat Jaringan Aktif vs Pasif;Aktif: butuh listrik dan memproses sinyal (router, switch, AP, media converter, ONT). Pasif: tidak butuh listrik (kabel, patch panel, keystone, splitter FO, konektor).;Menyusun daftar perangkat dan merencanakan kebutuhan daya/PoE.
789;Fase F;11;Pemasangan dan Konfigurasi Perangkat Jaringan;2;Pemasangan Perangkat (Mounting);Memasang perangkat di rak (rackmount dengan bracket dan cage nut), di dinding (wall-mount), di plafon (AP), atau tiang (radio) sesuai petunjuk, dengan ventilasi, kabel daya, grounding, dan label.;Perangkat aman, dingin, rapi, dan mudah dirawat.
790;Fase F;11;Pemasangan dan Konfigurasi Perangkat Jaringan;3;Penggantian Perangkat (Replacement);Prosedur mengganti perangkat rusak/usang: backup konfigurasi lama → siapkan pengganti dengan konfigurasi setara → jadwalkan downtime → tukar fisik → restore/konfigurasi → uji → perbarui dokumentasi.;Gangguan minimal dan konfigurasi tidak hilang.
791;Fase F;11;Pemasangan dan Konfigurasi Perangkat Jaringan;4;Konfigurasi Awal (Initial Setup);Langkah pertama pada perangkat baru: akses lewat console/IP default, ganti kata sandi admin, atur hostname, alamat IP manajemen, zona waktu/NTP, perbarui firmware, nonaktifkan layanan tak perlu.;Dasar keamanan dan kerapian sebelum konfigurasi lanjutan.
792;Fase F;11;Pemasangan dan Konfigurasi Perangkat Jaringan;5;Port Console dan Terminal 9600 8N1;Port serial pada router/switch untuk akses langsung tanpa jaringan. Pengaturan terminal standar: 9600 baud, 8 data bit, no parity, 1 stop bit, tanpa flow control.;Akses saat perangkat belum punya IP, salah konfigurasi, atau lupa kata sandi.
793;Fase F;11;Pemasangan dan Konfigurasi Perangkat Jaringan;6;Akses Manajemen (Console, Telnet, SSH, Web, Winbox, API);Cara mengelola perangkat: console (lokal), Telnet (tidak aman), SSH (aman, port 22), WebFig/HTTP(S), Winbox (GUI MikroTik, port 8291), API/REST (otomasi).;"Memilih metode yang aman dan sesuai kebutuhan; Telnet/HTTP sebaiknya dimatikan."
794;Fase F;11;Pemasangan dan Konfigurasi Perangkat Jaringan;7;MikroTik RouterOS dan RouterBOARD;RouterOS: sistem operasi router MikroTik (juga bisa dipasang di PC/VM sebagai CHR/x86) dengan fitur routing, firewall, hotspot, wireless, VPN. RouterBOARD: perangkat keras MikroTik (hAP, RB750/hEX, CCR, CRS). Level lisensi 4–6 membedakan batas fitur.;Router paling populer di sekolah, RT/RW Net, dan ISP kecil–menengah Indonesia.
795;Fase F;11;Pemasangan dan Konfigurasi Perangkat Jaringan;8;Winbox;Aplikasi Windows (jalan juga di Linux/macOS via Wine atau versi native) untuk mengelola MikroTik lewat GUI, bisa terhubung via IP atau MAC address (tanpa IP, hanya satu segmen Layer 2).;"Konfigurasi MikroTik yang cepat dan visual; penyelamat saat IP salah."
796;Fase F;11;Pemasangan dan Konfigurasi Perangkat Jaringan;9;WebFig, Quick Set, dan Terminal RouterOS;WebFig: antarmuka web MikroTik. Quick Set: wizard konfigurasi cepat (Home AP, PTP Bridge, CPE). Terminal: CLI RouterOS dengan struktur menu seperti /ip address print.;Alternatif pengelolaan MikroTik selain Winbox.
797;Fase F;11;Pemasangan dan Konfigurasi Perangkat Jaringan;10;Konfigurasi Default MikroTik;"Perangkat baru biasanya: IP 192.168.88.1/24 di ether2–5 (bridge), ether1 sebagai WAN (DHCP client), user admin tanpa/dengan kata sandi bawaan, DHCP server aktif, NAT masquerade. Bisa dihapus dengan ""Remove Configuration"" atau /system reset-configuration no-defaults=yes.";"Titik awal praktik; menghapusnya memberi kanvas kosong untuk belajar."
798;Fase F;11;Pemasangan dan Konfigurasi Perangkat Jaringan;11;Cisco IOS dan Mode CLI;Sistem operasi perangkat Cisco dengan mode bertingkat: User EXEC (Router>), Privileged EXEC (Router#, masuk dengan enable), Global Configuration (Router(config)#, masuk dengan configure terminal), lalu sub-mode interface/router/line.;Struktur perintah yang dipelajari lewat Packet Tracer dan CCNA.
799;Fase F;11;Pemasangan dan Konfigurasi Perangkat Jaringan;12;Running-config vs Startup-config;Running-config: konfigurasi aktif di RAM (hilang saat restart). Startup-config: konfigurasi tersimpan di NVRAM yang dimuat saat boot. Simpan dengan copy running-config startup-config atau write memory.;Lupa menyimpan adalah kesalahan klasik yang membuat konfigurasi hilang setelah reboot.
800;Fase F;11;Pemasangan dan Konfigurasi Perangkat Jaringan;13;Perintah Show Penting (Cisco);show running-config, show ip interface brief (status IP semua port), show ip route (tabel routing), show vlan brief, show interfaces, show mac address-table, show cdp neighbors, show version.;Memeriksa dan menganalisis kondisi perangkat.
801;Fase F;11;Pemasangan dan Konfigurasi Perangkat Jaringan;14;Hostname, Banner, Password, dan Enable Secret;Konfigurasi identitas dan pengamanan dasar Cisco: hostname SW1, banner motd #Dilarang masuk#, enable secret rahasia (terenkripsi), line console 0/line vty 0 4 + password + login, service password-encryption.;Mengamankan akses perangkat sejak konfigurasi pertama.
802;Fase F;11;Pemasangan dan Konfigurasi Perangkat Jaringan;15;Interface dan Penamaan Port;Cisco: FastEthernet0/1, GigabitEthernet0/0/1, Serial0/0/0, Vlan1. MikroTik: ether1, sfp1, wlan1, bridge1, vlan10, pppoe-out1.;Menunjuk port yang benar saat konfigurasi.
803;Fase F;11;Pemasangan dan Konfigurasi Perangkat Jaringan;16;Status Interface (up/down, administratively down);"""up/up"": fisik dan protokol aktif. ""down/down"": tidak ada link fisik. ""administratively down"": dimatikan admin (shutdown), dihidupkan dengan no shutdown. MikroTik: flag R (running), X (disabled).";Langkah awal troubleshooting: pastikan interface hidup.
804;Fase F;11;Pemasangan dan Konfigurasi Perangkat Jaringan;17;Backup dan Restore Konfigurasi;MikroTik: /system backup save (biner) dan /export file=cfg (teks .rsc). Cisco: copy running-config tftp atau salin teks running-config. Simpan di luar perangkat dan beri tanggal.;Pemulihan cepat saat perangkat rusak atau salah konfigurasi.
805;Fase F;11;Pemasangan dan Konfigurasi Perangkat Jaringan;18;Firmware Upgrade dan Netinstall;"Memperbarui RouterOS (/system package update) beserta RouterBOOT; Netinstall adalah alat MikroTik untuk instal ulang RouterOS lewat jaringan saat perangkat rusak/lupa kata sandi (menghapus semua konfigurasi).";"Menutup celah keamanan dan menyelamatkan perangkat yang ""bricked""."
806;Fase F;11;Pemasangan dan Konfigurasi Perangkat Jaringan;19;Factory Reset;Mengembalikan perangkat ke pengaturan pabrik lewat tombol reset (tekan saat menyala 5–10 detik) atau perintah.;Memulai konfigurasi dari nol atau mengatasi lupa kata sandi.
807;Fase F;11;Pemasangan dan Konfigurasi Perangkat Jaringan;20;Switching (Cara Kerja Switch);Switch mempelajari MAC asal setiap frame yang masuk (learning), mencatatnya per port di MAC address table (CAM table), meneruskan frame ke port tujuan (forwarding), membanjiri ke semua port jika tujuan belum dikenal (flooding), dan membuang frame ke port asal (filtering).;Dasar memahami VLAN, port security, dan masalah loop.
808;Fase F;11;Pemasangan dan Konfigurasi Perangkat Jaringan;21;MAC Address Table (CAM Table);Tabel di switch berisi pasangan MAC address–port–VLAN dengan masa berlaku (aging, default 300 detik). Cisco: show mac address-table. MikroTik: /interface bridge host print.;Melacak di port mana suatu perangkat terhubung.
809;Fase F;11;Pemasangan dan Konfigurasi Perangkat Jaringan;22;Managed vs Unmanaged Switch;"Unmanaged: colok langsung bekerja, tanpa konfigurasi (rumah/kelas kecil). Managed: bisa dikonfigurasi (VLAN, QoS, port security, SNMP, link aggregation); smart/web-managed ada di tengahnya.";Jaringan sekolah/kantor butuh managed switch untuk VLAN dan pemantauan.
810;Fase F;11;Pemasangan dan Konfigurasi Perangkat Jaringan;23;Switch Layer 2 vs Layer 3;L2: hanya meneruskan berdasarkan MAC. L3: juga bisa routing antar-VLAN dengan SVI dan routing statis/dinamis pada kecepatan hardware. MikroTik CRS dengan RouterOS bersifat L3.;Memilih perangkat distribusi/core.
811;Fase F;11;Pemasangan dan Konfigurasi Perangkat Jaringan;24;Bridge (MikroTik) dan Hardware Offload;Di RouterOS, bridge menggabungkan beberapa port fisik/wireless menjadi satu segmen Layer 2. Hardware offload (H flag) berarti switching ditangani chip switch, bukan CPU, sehingga cepat.;"Membuat ""switch"" dari port router dan memahami batas kinerja."
812;Fase F;11;Pemasangan dan Konfigurasi Perangkat Jaringan;25;VLAN (Virtual LAN);Pemisahan satu switch fisik menjadi beberapa jaringan logis terpisah (broadcast domain berbeda) berdasarkan nomor VLAN ID 1–4094, misalnya VLAN 10 Guru, VLAN 20 Siswa, VLAN 99 Manajemen. Antar-VLAN tidak bisa berkomunikasi tanpa router/L3.;Keamanan, pengurangan broadcast, dan pengelompokan pengguna tanpa menambah switch.
813;Fase F;11;Pemasangan dan Konfigurasi Perangkat Jaringan;26;VLAN ID, Default VLAN, dan Native VLAN;"VLAN ID: nomor identitas. Default VLAN: VLAN 1 tempat semua port berada awalnya (sebaiknya tidak dipakai produksi). Native VLAN: VLAN yang dikirim tanpa tag pada trunk (default 1; disarankan diubah dan disamakan kedua ujung).";"Menghindari kebocoran antar-VLAN dan pesan ""native VLAN mismatch""."
814;Fase F;11;Pemasangan dan Konfigurasi Perangkat Jaringan;27;Access Port;"Port switch yang menjadi anggota satu VLAN dan tidak menyertakan tag; untuk PC, printer, IP phone. Cisco: switchport mode access + switchport access vlan 10.";Menempatkan perangkat pengguna ke VLAN tertentu.
815;Fase F;11;Pemasangan dan Konfigurasi Perangkat Jaringan;28;Trunk Port dan IEEE 802.1Q (Tagging);Trunk: port yang membawa banyak VLAN sekaligus (antar-switch, ke router/AP) dengan menambahkan tag 4 byte 802.1Q pada frame yang berisi VLAN ID. Cisco: switchport mode trunk + switchport trunk allowed vlan 10,20.;Satu kabel untuk semua VLAN antar-perangkat.
816;Fase F;11;Pemasangan dan Konfigurasi Perangkat Jaringan;29;Tagged vs Untagged (Istilah MikroTik/HP/TP-Link);"Tagged = port trunk yang membawa VLAN dengan tag; untagged = port access yang menerima/mengirim tanpa tag untuk satu VLAN (PVID). MikroTik: /interface bridge vlan add tagged=... untagged=... dengan vlan-filtering=yes.";Menerjemahkan konsep VLAN Cisco ke perangkat merek lain.
817;Fase F;11;Pemasangan dan Konfigurasi Perangkat Jaringan;30;PVID (Port VLAN ID);VLAN yang diberikan pada frame tanpa tag yang masuk ke sebuah port (padanan access VLAN).;Menentukan VLAN perangkat pengguna pada switch non-Cisco.
818;Fase F;11;Pemasangan dan Konfigurasi Perangkat Jaringan;31;Inter-VLAN Routing;Menghubungkan VLAN yang berbeda melalui perangkat Layer 3: router (router-on-a-stick), switch L3 (SVI), atau MikroTik dengan interface VLAN.;Guru bisa mengakses server di VLAN lain sesuai kebijakan.
819;Fase F;11;Pemasangan dan Konfigurasi Perangkat Jaringan;32;Router-on-a-Stick dan Subinterface;Satu port router terhubung trunk ke switch dan dibagi menjadi subinterface per VLAN (interface g0/0.10 + encapsulation dot1Q 10 + IP gateway VLAN 10). MikroTik: /interface vlan add name=vlan10 vlan-id=10 interface=ether2 lalu beri IP.;Inter-VLAN routing murah dengan satu port fisik.
820;Fase F;11;Pemasangan dan Konfigurasi Perangkat Jaringan;33;SVI (Switch Virtual Interface);"Interface logis interface Vlan10 pada switch L3 yang diberi IP dan menjadi gateway VLAN; perlu ip routing aktif.";Inter-VLAN routing berkecepatan tinggi di switch core/distribution.
821;Fase F;11;Pemasangan dan Konfigurasi Perangkat Jaringan;34;VTP (VLAN Trunking Protocol);"Protokol Cisco untuk menyebarkan daftar VLAN dari switch server ke client dalam satu domain; berisiko menghapus VLAN jika salah kelola. Mode: server, client, transparent.";"Mengurangi pekerjaan membuat VLAN di banyak switch; sering dimatikan (transparent) demi keamanan."
822;Fase F;11;Pemasangan dan Konfigurasi Perangkat Jaringan;35;DTP (Dynamic Trunking Protocol);"Protokol Cisco yang menegosiasikan trunk secara otomatis; sebaiknya dimatikan (switchport nonegotiate) dan trunk diatur manual.";Mencegah serangan VLAN hopping lewat trunk otomatis.
823;Fase F;11;Pemasangan dan Konfigurasi Perangkat Jaringan;36;Loop Layer 2 dan Broadcast Storm;"Jika dua switch terhubung lewat lebih dari satu jalur tanpa STP, frame broadcast berputar tanpa henti, membanjiri jaringan (storm) hingga lumpuh; LED semua port berkedip cepat.";Alasan STP wajib aktif dan kabel tidak boleh dicolok sembarangan antar-switch.
824;Fase F;11;Pemasangan dan Konfigurasi Perangkat Jaringan;37;STP / RSTP / MSTP (Spanning Tree Protocol);Protokol yang mencegah loop dengan memblokir jalur cadangan: STP (802.1D, konvergensi 30–50 detik), RSTP (802.1w, beberapa detik), MSTP (802.1s, per kelompok VLAN), PVST+ (Cisco per VLAN).;Redundansi kabel antar-switch tanpa broadcast storm.
825;Fase F;11;Pemasangan dan Konfigurasi Perangkat Jaringan;38;Root Bridge, BPDU, dan Port Role;Root bridge: switch pusat pohon STP (bridge ID terkecil: priority + MAC). BPDU: pesan STP antar-switch. Port role: root port, designated port, blocked/alternate port.;Mengatur switch core sebagai root (spanning-tree vlan 1 priority 4096).
826;Fase F;11;Pemasangan dan Konfigurasi Perangkat Jaringan;39;PortFast, BPDU Guard, dan Root Guard;PortFast: port ke PC langsung forwarding tanpa menunggu STP. BPDU Guard: mematikan port jika menerima BPDU (ada switch liar). Root Guard: mencegah switch lain menjadi root.;Mempercepat koneksi klien dan melindungi topologi STP.
827;Fase F;11;Pemasangan dan Konfigurasi Perangkat Jaringan;40;Link Aggregation (EtherChannel, LACP, Bonding);"Menggabungkan 2–8 port fisik menjadi satu link logis untuk bandwidth lebih besar dan redundansi. Standar LACP (802.3ad/802.1AX); Cisco menyebut EtherChannel (PAgP/LACP); MikroTik/Linux menyebut bonding.";Uplink switch-ke-switch atau server yang lebih besar tanpa membeli port 10G.
828;Fase F;11;Pemasangan dan Konfigurasi Perangkat Jaringan;41;Port Security;Fitur switch membatasi MAC address yang boleh terhubung ke suatu port (jumlah maksimum, MAC tertentu, sticky) dengan aksi shutdown/restrict/protect saat dilanggar.;Mencegah orang mencolokkan perangkat/switch liar ke port kelas.
829;Fase F;11;Pemasangan dan Konfigurasi Perangkat Jaringan;42;Port Mirroring (SPAN);Menyalin lalu lintas dari satu/beberapa port ke port pemantau tempat Wireshark/IDS terpasang.;Analisis paket tanpa mengganggu lalu lintas asli.
830;Fase F;11;Pemasangan dan Konfigurasi Perangkat Jaringan;43;Storm Control dan IGMP Snooping;Storm control membatasi persentase broadcast/multicast per port. IGMP snooping membuat switch hanya meneruskan multicast (IPTV, CCTV) ke port yang berlangganan.;Menjaga LAN tetap responsif saat ada banyak broadcast/multicast.
831;Fase F;11;Pemasangan dan Konfigurasi Perangkat Jaringan;44;Jumbo Frame;"Frame Ethernet lebih besar dari 1500 byte (biasanya 9000 byte) untuk efisiensi transfer besar antar-server/NAS; semua perangkat di jalur harus mendukung.";Meningkatkan throughput storage/backup di jaringan server.
832;Fase F;11;Pemasangan dan Konfigurasi Perangkat Jaringan;45;CDP, LLDP, dan MNDP (Neighbor Discovery);Protokol pengenalan perangkat tetangga: CDP (Cisco), LLDP (standar, juga LLDP-MED untuk IP phone), MNDP (MikroTik, tampil di Winbox Neighbors).;Mengetahui perangkat apa terhubung di port mana tanpa menelusuri kabel.
833;Fase F;11;Pemasangan dan Konfigurasi Perangkat Jaringan;46;DHCP Server pada Router/Switch;Router memberi IP otomatis ke klien. MikroTik: /ip pool + /ip dhcp-server + /ip dhcp-server network (gateway, DNS) atau wizard DHCP Setup. Cisco: ip dhcp pool LAN + network + default-router + dns-server + ip dhcp excluded-address.;Layanan pengalamatan otomatis di gateway tanpa server terpisah.
834;Fase F;11;Pemasangan dan Konfigurasi Perangkat Jaringan;47;DHCP Relay / IP Helper;"Meneruskan permintaan DHCP (broadcast) dari VLAN/subnet lain ke DHCP server terpusat: Cisco ip helper-address 10.10.10.5 di SVI; MikroTik /ip dhcp-relay.";Satu DHCP server melayani banyak VLAN.
835;Fase F;11;Pemasangan dan Konfigurasi Perangkat Jaringan;48;DHCP Client (WAN) dan Static WAN;Router mendapat IP dari ISP secara otomatis (DHCP client di ether1) atau diberi IP publik statis oleh ISP (beserta gateway dan DNS).;Menghubungkan router ke internet.
836;Fase F;11;Pemasangan dan Konfigurasi Perangkat Jaringan;49;DNS pada Router (Forwarder/Cache, Allow Remote Requests, Static DNS);"Router meneruskan permintaan DNS klien ke server upstream (8.8.8.8, 1.1.1.1, DNS ISP) dan menyimpan cache. MikroTik: /ip dns set servers=... allow-remote-requests=yes; static entry untuk nama lokal (server.sekolah.local). Port 53 harus difilter dari sisi WAN.";"Klien cukup memakai IP router sebagai DNS; resolusi lebih cepat."
837;Fase F;11;Pemasangan dan Konfigurasi Perangkat Jaringan;50;Routing;Proses router memilih jalur dan meneruskan paket dari satu jaringan ke jaringan lain berdasarkan alamat IP tujuan dan tabel routing. Setiap router memutuskan hop berikutnya (next hop) secara mandiri.;Menghubungkan subnet, VLAN, kantor cabang, dan internet.
838;Fase F;11;Pemasangan dan Konfigurasi Perangkat Jaringan;51;Tabel Routing (Routing Table);Daftar rute yang dikenal router: jaringan tujuan/prefix, gateway/next hop, interface keluar, metric, distance, dan asal rute (connected, static, dynamic). Cisco: show ip route (C, S, R, O, B). MikroTik: /ip route print (DAC, AS, DAo).;"Pusat keputusan router; membacanya adalah kunci troubleshooting routing."
839;Fase F;11;Pemasangan dan Konfigurasi Perangkat Jaringan;52;Connected Route dan Longest Prefix Match;Connected: rute otomatis ke subnet yang langsung terpasang di interface. Longest prefix match: jika ada beberapa rute cocok, router memilih yang prefix-nya paling spesifik (/24 mengalahkan /16, /0 paling akhir).;Menjelaskan urutan prioritas rute di tabel.
840;Fase F;11;Pemasangan dan Konfigurasi Perangkat Jaringan;53;Static Routing (Routing Statis);"Rute yang ditulis manual oleh admin: Cisco ip route 192.168.2.0 255.255.255.0 10.0.0.2; MikroTik /ip route add dst-address=192.168.2.0/24 gateway=10.0.0.2. Tidak berubah sendiri jika jalur putus.";Sederhana, aman, dan hemat sumber daya untuk jaringan kecil atau rute khusus.
841;Fase F;11;Pemasangan dan Konfigurasi Perangkat Jaringan;54;Default Route (0.0.0.0/0, Gateway of Last Resort);"Rute ""ke mana saja yang tidak ada di tabel"", biasanya menuju ISP: Cisco ip route 0.0.0.0 0.0.0.0 <gateway>; MikroTik dst-address=0.0.0.0/0.";Rute wajib agar jaringan lokal bisa ke internet.
842;Fase F;11;Pemasangan dan Konfigurasi Perangkat Jaringan;55;Dynamic Routing (Routing Dinamis);Router saling bertukar informasi rute secara otomatis lewat protokol routing dan menyesuaikan tabel saat topologi berubah.;Jaringan besar/berubah-ubah tanpa menulis rute manual di setiap router.
843;Fase F;11;Pemasangan dan Konfigurasi Perangkat Jaringan;56;Protokol Routing: IGP vs EGP;IGP (Interior Gateway Protocol) dipakai di dalam satu organisasi: RIP, OSPF, EIGRP, IS-IS. EGP (Exterior) antar-organisasi/ISP: BGP.;Memilih protokol sesuai skala dan kepemilikan jaringan.
844;Fase F;11;Pemasangan dan Konfigurasi Perangkat Jaringan;57;Distance Vector vs Link State;"Distance vector (RIP, EIGRP): router hanya tahu ""jarak dan arah"" dari tetangga (rumor). Link state (OSPF, IS-IS): setiap router punya peta lengkap topologi dan menghitung jalur terpendek (SPF/Dijkstra).";Memahami kecepatan konvergensi dan skala tiap protokol.
845;Fase F;11;Pemasangan dan Konfigurasi Perangkat Jaringan;58;Metric;"Nilai ""biaya"" suatu rute menurut protokol: RIP = hop count, OSPF = cost (100 Mbps / bandwidth), EIGRP = gabungan bandwidth dan delay. Rute dengan metric terkecil menang dalam protokol yang sama.";Menentukan jalur terbaik di antara beberapa jalur.
846;Fase F;11;Pemasangan dan Konfigurasi Perangkat Jaringan;59;Administrative Distance (AD) / Distance;Tingkat kepercayaan sumber rute jika prefix sama dari protokol berbeda (kecil = lebih dipercaya): connected 0, static 1, eBGP 20, EIGRP 90, OSPF 110, RIP 120, iBGP 200. MikroTik menyebutnya distance dan bisa diubah untuk failover.;Router memilih rute dari sumber yang lebih dipercaya.
847;Fase F;11;Pemasangan dan Konfigurasi Perangkat Jaringan;60;Konvergensi;Waktu yang dibutuhkan semua router menyepakati topologi baru setelah perubahan (link putus/naik). RIP lambat (menit), OSPF/EIGRP cepat (detik).;Semakin cepat konvergensi, semakin singkat gangguan pengguna.
848;Fase F;11;Pemasangan dan Konfigurasi Perangkat Jaringan;61;RIP (Routing Information Protocol) v1/v2;Protokol distance vector paling sederhana: metric hop count, maksimal 15 hop (16 = tak terjangkau), update tiap 30 detik. RIPv2 mendukung VLSM/CIDR dan multicast 224.0.0.9. Cisco: router rip + version 2 + network 192.168.1.0 + no auto-summary. MikroTik: /routing rip.;"Bagus untuk belajar routing dinamis dan jaringan kecil; jarang dipakai di produksi."
849;Fase F;11;Pemasangan dan Konfigurasi Perangkat Jaringan;62;OSPF (Open Shortest Path First);Protokol link state standar terbuka yang membagi jaringan menjadi area (Area 0 = backbone), bertukar LSA, memilih DR/BDR di segmen multi-akses, metric cost berdasarkan bandwidth, konvergensi cepat, mendukung autentikasi. Cisco: router ospf 1 + network 10.0.0.0 0.0.0.255 area 0. MikroTik: /routing ospf instance + area + interface-template.;Protokol routing dinamis utama di jaringan kampus, perusahaan, dan ISP internal.
850;Fase F;11;Pemasangan dan Konfigurasi Perangkat Jaringan;63;Istilah OSPF: Router ID, Area, LSA, LSDB, DR/BDR, Neighbor/Adjacency, Wildcard Mask;Router ID: identitas router (IP tertinggi/loopback). LSA: paket informasi link. LSDB: basis data topologi. DR/BDR: router perwakilan di segmen Ethernet. Neighbor state harus FULL. Wildcard mask: kebalikan subnet mask (0.0.0.255 untuk /24).;Membaca show ip ospf neighbor dan menyelesaikan masalah OSPF.
851;Fase F;11;Pemasangan dan Konfigurasi Perangkat Jaringan;64;EIGRP (Enhanced Interior Gateway Routing Protocol);Protokol hibrid milik Cisco (kini terbuka) dengan konvergensi sangat cepat (algoritma DUAL), metric gabungan bandwidth-delay, dan rute cadangan (feasible successor). AD 90.;Alternatif OSPF di lingkungan Cisco murni.
852;Fase F;11;Pemasangan dan Konfigurasi Perangkat Jaringan;65;BGP (Border Gateway Protocol);"Protokol routing antar-Autonomous System yang menjalankan internet; memilih jalur berdasarkan kebijakan dan atribut (AS path, local preference), bukan sekadar kecepatan. eBGP antar-AS, iBGP dalam AS. Port TCP 179.";"Wajib bagi ISP/perusahaan yang punya ASN dan IP publik sendiri; dikenalkan di Fase F."
853;Fase F;11;Pemasangan dan Konfigurasi Perangkat Jaringan;66;IS-IS;Protokol link state lain yang setara OSPF, banyak dipakai di backbone operator besar.;Pengetahuan umum saat membaca dokumentasi ISP.
854;Fase F;11;Pemasangan dan Konfigurasi Perangkat Jaringan;67;Redistribusi Rute (Redistribution);Menyalin rute dari satu protokol/sumber ke protokol lain (misalnya static ke OSPF, OSPF ke BGP).;Menggabungkan jaringan yang memakai protokol berbeda.
855;Fase F;11;Pemasangan dan Konfigurasi Perangkat Jaringan;68;Floating Static Route dan Failover Routing;Rute statis cadangan dengan distance lebih besar (misalnya 1 untuk ISP utama, 2 untuk ISP cadangan) yang hanya aktif jika rute utama hilang. Di MikroTik dilengkapi check-gateway=ping agar rute mati saat gateway tidak merespons.;Internet tetap hidup otomatis saat ISP utama putus.
856;Fase F;11;Pemasangan dan Konfigurasi Perangkat Jaringan;69;Recursive Routing dan Netwatch;Recursive: gateway rute ditentukan lewat rute lain (misalnya memantau 8.8.8.8 lewat ISP1) agar failover mendeteksi putus di luar gateway langsung. Netwatch: alat MikroTik memantau host dan menjalankan skrip saat up/down.;Failover yang lebih cerdas daripada sekadar cek gateway.
857;Fase F;11;Pemasangan dan Konfigurasi Perangkat Jaringan;70;Load Balancing (Penyeimbangan Beban);Membagi lalu lintas ke beberapa jalur/ISP agar bandwidth gabungan termanfaatkan: ECMP (per koneksi berdasarkan rute berbobot sama), PCC (Per Connection Classifier di mangle MikroTik), Nth, atau berbasis alamat. Bukan menjumlahkan kecepatan untuk satu unduhan.;Memanfaatkan dua atau lebih langganan internet secara bersamaan sekaligus failover.
858;Fase F;11;Pemasangan dan Konfigurasi Perangkat Jaringan;71;PCC (Per Connection Classifier);Metode load balancing MikroTik yang membagi koneksi berdasarkan hash alamat/port (misalnya both-addresses:2/0 dan 2/1) lalu menandai routing mark per ISP di mangle.;Load balancing yang menjaga satu koneksi tetap di satu ISP (penting untuk login situs).
859;Fase F;11;Pemasangan dan Konfigurasi Perangkat Jaringan;72;Policy Based Routing (PBR) dan Routing Mark;"Routing berdasarkan kebijakan (asal, port, jenis trafik), bukan hanya tujuan: MikroTik menandai paket di mangle (routing-mark) lalu memakai tabel routing terpisah; Cisco memakai route-map.";Misalnya: lab ujian lewat ISP dedicated, hotspot siswa lewat ISP murah.
860;Fase F;11;Pemasangan dan Konfigurasi Perangkat Jaringan;73;NAT (Network Address Translation);Penerjemahan alamat IP pada router saat paket melewati batas jaringan, umumnya IP privat LAN menjadi IP publik WAN. Jenis: Source NAT (masquerade/PAT), Destination NAT (port forwarding), Static NAT 1:1.;Banyak perangkat berbagi satu IP publik dan jaringan lokal tersembunyi dari internet.
861;Fase F;11;Pemasangan dan Konfigurasi Perangkat Jaringan;74;Masquerade / PAT / NAT Overload (Source NAT);Semua IP privat diganti menjadi IP WAN router dengan port sumber berbeda untuk membedakan koneksi. MikroTik: /ip firewall nat add chain=srcnat out-interface=ether1 action=masquerade. Cisco: ip nat inside source list 1 interface g0/0 overload + ip nat inside/outside di interface.;"Konfigurasi wajib internet gateway; tanpa ini klien bisa ping router tetapi tidak bisa internet."
862;Fase F;11;Pemasangan dan Konfigurasi Perangkat Jaringan;75;Internet Gateway (Konfigurasi Lengkap);Rangkaian minimal router menjadi gateway: IP WAN (DHCP/statis/PPPoE) → default route → DNS → IP LAN → DHCP server LAN → NAT masquerade → firewall dasar → uji ping/browsing dari klien.;Skenario UKK dan pekerjaan lapangan paling dasar.
863;Fase F;11;Pemasangan dan Konfigurasi Perangkat Jaringan;76;DNAT / Port Forwarding (Destination NAT);Meneruskan koneksi dari internet ke IP WAN:port tertentu menuju server di LAN, misalnya port 8080 publik → 192.168.1.10:80. MikroTik: chain=dstnat dst-port=8080 protocol=tcp action=dst-nat to-addresses=192.168.1.10 to-ports=80. Cisco: ip nat inside source static tcp 192.168.1.10 80 <ip-publik> 8080.;Mengakses CCTV, web server, atau game server di rumah/sekolah dari luar.
864;Fase F;11;Pemasangan dan Konfigurasi Perangkat Jaringan;77;Static NAT (1:1) dan Hairpin NAT;Static NAT memetakan satu IP publik ke satu IP privat secara penuh. Hairpin NAT (NAT loopback) memungkinkan klien LAN mengakses server lokal lewat IP publiknya sendiri.;Server publik penuh dan konsistensi akses dari dalam/luar.
865;Fase F;11;Pemasangan dan Konfigurasi Perangkat Jaringan;78;Masalah NAT dan Diagnosisnya;Gejala: klien dapat IP tetapi tidak bisa internet (masquerade hilang/salah out-interface), port forward gagal (firewall filter memblok, server tidak pakai gateway router, CGNAT ISP), double NAT (router di belakang ONT router).;Analisis dan perbaikan konfigurasi NAT/internet gateway sesuai CP.
866;Fase F;11;Pemasangan dan Konfigurasi Perangkat Jaringan;79;Firewall Filter Router (Chain input/forward/output);Aturan penyaringan di router: input (ke router sendiri), forward (melewati router antar-interface), output (dari router). Aksi: accept, drop, reject, log. Cisco memakai ACL yang dipasang ke interface.;"Melindungi router dan mengatur siapa boleh ke mana; dibahas lengkap di Keamanan Jaringan."
867;Fase F;11;Pemasangan dan Konfigurasi Perangkat Jaringan;80;ACL (Access Control List) Cisco;Daftar aturan permit/deny: standard (nomor 1–99, berdasarkan IP asal, dipasang dekat tujuan) dan extended (100–199, berdasarkan asal, tujuan, protokol, port, dipasang dekat asal). Dipasang dengan ip access-group 101 in. Ada implicit deny di akhir.;Menyaring lalu lintas dan memilih trafik untuk NAT/QoS di Cisco.
868;Fase F;11;Pemasangan dan Konfigurasi Perangkat Jaringan;81;Connection Tracking dan Connection State;Router mencatat setiap koneksi (new, established, related, invalid) sehingga aturan firewall bisa mengizinkan balasan koneksi yang sah saja.;"Dasar stateful firewall dan NAT; tabel penuh menyebabkan router lambat."
869;Fase F;11;Pemasangan dan Konfigurasi Perangkat Jaringan;82;Mangle (MikroTik);Fasilitas menandai paket/koneksi/routing (mark-connection, mark-packet, mark-routing), mengubah TTL/DSCP, tanpa memblokir.;Bahan baku untuk queue tree, load balancing, dan PBR.
870;Fase F;11;Pemasangan dan Konfigurasi Perangkat Jaringan;83;Address List;"Daftar alamat IP bernama (misalnya ""server"", ""blokir"", ""admin"") yang bisa dirujuk aturan firewall/NAT/queue, termasuk otomatis dari DNS atau dinamis dengan timeout.";Aturan lebih ringkas dan mudah dikelola.
871;Fase F;11;Pemasangan dan Konfigurasi Perangkat Jaringan;84;Layer 7 Protocol dan Web Proxy Filtering;"Layer 7: pencocokan pola isi paket (regex) untuk mengenali aplikasi; makin sulit karena enkripsi HTTPS. Web Proxy: menyaring URL/kata kunci HTTP. Alternatif modern: filter DNS (address list dari domain, DNS filtering).";Membatasi aplikasi/situs tertentu (game, media sosial) di sekolah.
872;Fase F;11;Pemasangan dan Konfigurasi Perangkat Jaringan;85;Manajemen Bandwidth (Bandwidth Management);Mengatur pembagian kapasitas internet ke pengguna/kelompok agar adil dan sesuai prioritas: batas maksimum (max-limit), jaminan minimum (limit-at), prioritas, dan burst.;Satu pengguna yang mengunduh besar tidak mematikan koneksi seluruh sekolah.
873;Fase F;11;Pemasangan dan Konfigurasi Perangkat Jaringan;86;Simple Queue;Cara termudah membatasi bandwidth per IP/subnet di MikroTik: target, max-limit upload/download, burst, prioritas, dan parent untuk hirarki. Diproses berurutan dari atas.;Membatasi kecepatan per klien/kelas dengan cepat.
874;Fase F;11;Pemasangan dan Konfigurasi Perangkat Jaringan;87;Queue Tree dan PCQ;Queue tree: antrian hirarkis berbasis packet mark dari mangle, lebih fleksibel dan efisien untuk banyak pengguna. PCQ (Per Connection Queue): tipe antrian yang membagi rata bandwidth ke setiap pengguna secara otomatis (misalnya 100 Mbps dibagi adil ke semua yang aktif).;Pembagian adil untuk hotspot besar tanpa membuat ratusan queue.
875;Fase F;11;Pemasangan dan Konfigurasi Perangkat Jaringan;88;Burst (Burst Limit, Threshold, Time);Fitur memberi kecepatan lebih tinggi sementara (burst-limit) saat pemakaian rata-rata di bawah ambang (threshold) dalam jangka waktu tertentu (burst-time).;Browsing terasa cepat tanpa membiarkan unduhan besar menyedot bandwidth lama.
876;Fase F;11;Pemasangan dan Konfigurasi Perangkat Jaringan;89;QoS (Quality of Service), Priority, DSCP, CoS;Mekanisme memprioritaskan trafik penting (VoIP, video conference, ujian online) di atas trafik lain saat jaringan padat. Penanda: DSCP di header IP (EF 46 untuk suara), CoS 802.1p di tag VLAN. Prioritas MikroTik 1 (tertinggi) sampai 8.;Kualitas layanan real-time terjaga tanpa menambah bandwidth.
877;Fase F;11;Pemasangan dan Konfigurasi Perangkat Jaringan;90;Traffic Shaping vs Policing;Shaping menahan/menunda paket berlebih dalam antrian agar rata (halus). Policing langsung membuang paket berlebih (kasar). Queue MikroTik pada dasarnya shaping.;Memilih cara pembatasan sesuai jenis trafik.
878;Fase F;11;Pemasangan dan Konfigurasi Perangkat Jaringan;91;Proxy Server (Konsep di Router);Perantara antara klien dan internet yang bisa menyimpan cache, menyaring konten, dan mencatat akses. Bisa berupa Web Proxy MikroTik (port 8080) atau Squid di server Linux. Transparent proxy dialihkan lewat NAT redirect tanpa mengatur browser.;"Kontrol dan pencatatan akses web di sekolah; cache kini kurang efektif karena HTTPS."
879;Fase F;11;Pemasangan dan Konfigurasi Perangkat Jaringan;92;Analisis Masalah Proxy;Gejala: situs HTTPS tidak terblokir (proxy hanya HTTP), browsing lambat (cache disk penuh/CPU tinggi), semua akses gagal (rule redirect salah, proxy mati), pengguna melewati proxy lewat DNS-over-HTTPS/VPN.;Memperbaiki konfigurasi proxy sesuai tuntutan CP.
880;Fase F;11;Pemasangan dan Konfigurasi Perangkat Jaringan;93;Hotspot MikroTik;Sistem captive portal terpadu di RouterOS: pengguna harus login (user/password/voucher) sebelum internet, dengan profil (kecepatan, waktu, kuota), halaman login yang bisa diubah (HTML), walled garden (situs bebas tanpa login), dan bypass untuk perangkat tertentu (IP binding).;Wi-Fi sekolah/kafe/RT-RW Net dengan kendali pengguna penuh.
881;Fase F;11;Pemasangan dan Konfigurasi Perangkat Jaringan;94;User Manager / RADIUS untuk Hotspot dan PPPoE;Basis data pengguna terpusat (User Manager bawaan MikroTik atau FreeRADIUS) yang melayani autentikasi banyak router hotspot/PPPoE, mencatat pemakaian, dan mencetak voucher. Aplikasi pihak ketiga: Mikhmon, Mixradius.;Pengelolaan ribuan pelanggan dari satu tempat.
882;Fase F;11;Pemasangan dan Konfigurasi Perangkat Jaringan;95;PPPoE (Point-to-Point Protocol over Ethernet);Protokol koneksi berbasis akun (username/password) di atas Ethernet. PPPoE client: router pelanggan dial ke ISP (IndiHome memakai ini). PPPoE server: MikroTik RT/RW Net memberi tiap pelanggan akun, IP, dan batas kecepatan lewat profile.;Autentikasi dan pembatasan per pelanggan yang lebih rapi daripada IP statis.
883;Fase F;11;Pemasangan dan Konfigurasi Perangkat Jaringan;96;VPN pada Router (PPTP, L2TP/IPsec, SSTP, OpenVPN, WireGuard);"Terowongan terenkripsi antar-router atau dari klien ke router melalui internet. PPTP mudah tetapi tidak aman; L2TP/IPsec dan SSTP umum; OpenVPN dan WireGuard modern dan aman. MikroTik mendukung semuanya sebagai server/klien.";Menghubungkan kantor cabang atau admin dari rumah ke jaringan sekolah secara aman.
884;Fase F;11;Pemasangan dan Konfigurasi Perangkat Jaringan;97;Tunnel EoIP, GRE, IPIP, dan VXLAN;"Terowongan tanpa enkripsi bawaan untuk membawa Layer 2 (EoIP, VXLAN) atau Layer 3 (GRE, IPIP) lewat jaringan IP lain; digabung IPsec jika butuh enkripsi.";Menyatukan LAN dua lokasi seolah satu segmen (misalnya hotspot terpusat).
885;Fase F;11;Pemasangan dan Konfigurasi Perangkat Jaringan;98;VRRP dan HSRP (Gateway Redundancy);"Dua router berbagi satu IP gateway virtual; jika router utama mati, router cadangan mengambil alih dalam hitungan detik. VRRP standar terbuka (MikroTik), HSRP milik Cisco.";Gateway tanpa titik kegagalan tunggal.
886;Fase F;11;Pemasangan dan Konfigurasi Perangkat Jaringan;99;IP Cloud / DDNS (Dynamic DNS);"Layanan memberi nama domain tetap untuk IP publik yang berubah-ubah (MikroTik IP Cloud: xxxx.sn.mynetname.net; No-IP, DuckDNS).";Mengakses router/CCTV dari luar tanpa IP publik statis.
887;Fase F;11;Pemasangan dan Konfigurasi Perangkat Jaringan;100;UPnP dan MAC Clone;UPnP: aplikasi/perangkat membuka port forwarding otomatis (praktis tetapi berisiko). MAC clone: router meniru MAC perangkat lain agar diterima ISP yang mengunci MAC.;Fitur router rumahan yang perlu dipahami risikonya.
888;Fase F;11;Pemasangan dan Konfigurasi Perangkat Jaringan;101;Mode Bridge vs Mode Router pada ONT/Modem;Bridge: ONT hanya meneruskan koneksi, router di belakangnya yang dial PPPoE dan mendapat IP publik. Router: ONT yang melakukan NAT/DHCP dan router lain di belakangnya mengalami double NAT.;Mengoptimalkan MikroTik di belakang ONT ISP.
889;Fase F;11;Pemasangan dan Konfigurasi Perangkat Jaringan;102;Multi-WAN dan WAN Failover;Router dengan dua atau lebih sumber internet (fiber + 4G) yang berpindah otomatis saat salah satu putus, dengan atau tanpa load balancing.;Ketersediaan internet tinggi untuk ujian/kantor.
890;Fase F;11;Pemasangan dan Konfigurasi Perangkat Jaringan;103;Konfigurasi Wireless MikroTik (Interface wlan, Security Profile, Mode);Menu /interface wireless: mode (ap-bridge, station, station-bridge, bridge), band, channel width, frequency, SSID, security profile (WPA2-PSK), wireless protocol (802.11, nv2), dan tabel registrasi klien.;Menjadikan RouterBoard sebagai AP, klien, atau link PtP.
891;Fase F;11;Pemasangan dan Konfigurasi Perangkat Jaringan;104;CAPsMAN (Controlled Access Point system Manager);Fitur MikroTik untuk mengelola banyak AP MikroTik (CAP) secara terpusat: SSID, keamanan, kanal, dan VLAN dari satu router.;Wi-Fi sekolah dengan puluhan AP MikroTik yang seragam.
892;Fase F;11;Pemasangan dan Konfigurasi Perangkat Jaringan;105;System Scheduler dan Script RouterOS;Scheduler menjalankan skrip pada waktu tertentu (backup harian, reboot mingguan, matikan hotspot jam malam). Skrip ditulis dengan bahasa RouterOS.;Otomasi rutin router tanpa campur tangan admin.
893;Fase F;11;Pemasangan dan Konfigurasi Perangkat Jaringan;106;Logging, Syslog Remote, dan Graphing/Traffic Monitor;Log kejadian router (/log print), pengiriman log ke server syslog, grafik trafik per interface/queue (Graphing), Torch untuk melihat trafik real-time per IP/port.;Memantau dan menyelidiki perilaku jaringan.
894;Fase F;11;Pemasangan dan Konfigurasi Perangkat Jaringan;107;SNMP pada Perangkat dan The Dude;Mengaktifkan SNMP agar perangkat bisa dipantau (community read-only), lalu memantau dengan The Dude (MikroTik), Zabbix, PRTG, Cacti, atau LibreNMS.;Peta jaringan hidup dengan notifikasi saat perangkat/link mati.
895;Fase F;11;Pemasangan dan Konfigurasi Perangkat Jaringan;108;Traffic Monitor Tools: Torch, Bandwidth Test, Ping, Traceroute, Packet Sniffer;Alat bawaan RouterOS untuk melihat trafik langsung (Torch), menguji kapasitas link (btest), menguji jangkauan (ping/traceroute), dan menangkap paket (sniffer, bisa dikirim ke Wireshark).;Diagnosis tanpa perangkat tambahan.
896;Fase F;11;Pemasangan dan Konfigurasi Perangkat Jaringan;109;Time/NTP Client pada Router;Menyetel zona waktu dan sinkron jam ke server NTP agar log, scheduler, sertifikat, dan voucher hotspot berjalan benar (/system clock, /system ntp client).;Router tanpa baterai jam (kebanyakan RouterBoard) wajib NTP.
897;Fase F;11;Pemasangan dan Konfigurasi Perangkat Jaringan;110;Certificate pada Router (HTTPS/Winbox aman, SSTP, Hotspot HTTPS);"Sertifikat digital untuk mengenkripsi akses manajemen web dan layanan VPN/hotspot; bisa self-signed atau Let's Encrypt (RouterOS 7).";Menghindari peringatan browser dan penyadapan kata sandi.
898;Fase F;11;Pemasangan dan Konfigurasi Perangkat Jaringan;111;Stacking dan Switch Chip;Stacking: menggabungkan beberapa switch fisik menjadi satu unit logis dengan satu manajemen. Switch chip: chip khusus yang meneruskan frame tanpa membebani CPU (wire speed).;Skalabilitas dan kinerja switch di jaringan besar.
899;Fase F;11;Pemasangan dan Konfigurasi Perangkat Jaringan;112;Wake on LAN (WoL);"Menyalakan komputer dari jauh dengan mengirim ""magic packet"" ke MAC address-nya (perlu diaktifkan di BIOS/NIC).";Menghidupkan PC lab dari ruang guru untuk pembaruan malam hari.
900;Fase F;11;Pemasangan dan Konfigurasi Perangkat Jaringan;113;Pengujian VLAN dan Routing (Verifikasi);"Uji: PC di VLAN sama saling ping; antar-VLAN sesuai kebijakan (ping gateway masing-masing lalu lintas VLAN); show vlan brief/show interfaces trunk; traceroute menunjukkan hop yang benar; show ip route//ip route print memuat rute yang diharapkan; ping dari router (ping ... source).";Bukti konfigurasi benar sebelum dinyatakan selesai.
901;Fase F;11;Pemasangan dan Konfigurasi Perangkat Jaringan;114;Analisis Masalah Routing;Gejala dan penyebab umum: rute tidak muncul (network statement salah/wildcard salah/interface down), neighbor OSPF tidak FULL (area/subnet/MTU/hello berbeda), ping satu arah (rute balik tidak ada), default route salah gateway, distance salah untuk failover.;Sistematis memperbaiki routing statis dan dinamis sesuai CP.
902;Fase F;11;Pemasangan dan Konfigurasi Perangkat Jaringan;115;Vendor Perangkat Jaringan;Cisco (enterprise, IOS), MikroTik (RouterOS, harga terjangkau), Ubiquiti (UniFi, airMAX), TP-Link (Omada, rumahan), Huawei (VRP, operator), Juniper (Junos, ISP), Aruba/HPE, Ruijie, Fortinet (firewall).;Mengenal ekosistem, sertifikasi, dan gaya konfigurasi yang berbeda-beda.
903;Fase F;11;Pemasangan dan Konfigurasi Perangkat Jaringan;116;Konfigurasi Dasar Access Point/Wireless Router Rumahan;Login web (192.168.0.1/1.1), ganti kata sandi admin, atur SSID dan WPA2/WPA3, kanal, DHCP (matikan jika mode AP), IP LAN, WAN (PPPoE/DHCP), firmware update.;Pekerjaan paling umum teknisi lapangan.
904;Fase F;11;Pemasangan dan Konfigurasi Perangkat Jaringan;117;Dokumentasi Konfigurasi (Config Export, Change Log);Menyimpan hasil export/running-config, mencatat setiap perubahan (tanggal, siapa, apa, mengapa), dan diagram terbaru di repositori/berbagi aman.;"Konfigurasi bisa ditelusuri dan dipulihkan; memudahkan tim."
905;Fase F;12;Keamanan Jaringan;1;Keamanan Jaringan (Network Security);Kumpulan kebijakan, teknologi, dan praktik untuk melindungi jaringan beserta data yang lewat dan tersimpan di dalamnya dari akses, penyalahgunaan, perubahan, atau perusakan yang tidak sah.;Menjaga layanan tetap berjalan dan data pengguna (nilai, keuangan, data pribadi) aman.
906;Fase F;12;Keamanan Jaringan;2;CIA Triad (Confidentiality, Integrity, Availability);Tiga pilar keamanan informasi: Kerahasiaan (hanya yang berhak boleh membaca), Integritas (data tidak diubah tanpa izin), Ketersediaan (layanan bisa diakses saat dibutuhkan). Sering ditambah autentikasi dan non-repudiation.;Kerangka menilai setiap kontrol keamanan: enkripsi menjaga C, hash menjaga I, backup/redundansi menjaga A.
907;Fase F;12;Keamanan Jaringan;3;Kebijakan Keamanan / Kebijakan Penggunaan Jaringan (AUP);Dokumen resmi berisi aturan penggunaan jaringan dan sistem: siapa boleh mengakses apa, kata sandi, perangkat pribadi (BYOD), larangan (torrent, situs terlarang), sanksi, dan tanggung jawab. Acceptable Use Policy ditandatangani pengguna.;Dasar hukum internal untuk menerapkan kontrol teknis dan menindak pelanggaran.
908;Fase F;12;Keamanan Jaringan;4;Ancaman (Threat), Kerentanan (Vulnerability), Risiko (Risk), Eksploit (Exploit);Ancaman: potensi bahaya (peretas, malware, bencana). Kerentanan: kelemahan sistem (firmware lama, kata sandi default). Eksploit: kode/teknik memanfaatkan kerentanan. Risiko: peluang ancaman memanfaatkan kerentanan dikali dampaknya.;Manajemen risiko: menutup kerentanan agar ancaman tidak menjadi insiden.
909;Fase F;12;Keamanan Jaringan;5;Attack Surface dan Attack Vector;Attack surface: semua titik yang bisa diserang (port terbuka, layanan, pengguna, Wi-Fi). Attack vector: jalur yang dipakai penyerang (email phishing, USB, RDP terbuka).;Memperkecil permukaan serangan adalah strategi keamanan utama.
910;Fase F;12;Keamanan Jaringan;6;Hacker (White Hat, Black Hat, Grey Hat), Cracker, Script Kiddie;White hat: peretas etis berizin. Black hat: penjahat. Grey hat: di antara keduanya. Cracker: pembobol perangkat lunak/sistem. Script kiddie: pemula yang memakai alat orang lain tanpa paham.;Membedakan profesi keamanan yang sah dari tindak kejahatan.
911;Fase F;12;Keamanan Jaringan;7;Malware (Malicious Software);Istilah umum perangkat lunak jahat: virus, worm, trojan, ransomware, spyware, adware, rootkit, keylogger, botnet.;Mengenali jenisnya menentukan cara penanganan.
912;Fase F;12;Keamanan Jaringan;8;Virus;Malware yang menempel pada file/program dan menyebar saat file dijalankan oleh pengguna.;Tujuan: merusak/menyebar. Cegah: antivirus, tidak menjalankan file tak dikenal.
913;Fase F;12;Keamanan Jaringan;9;Worm;Malware yang menyebar sendiri lewat jaringan tanpa campur tangan pengguna dengan memanfaatkan celah (contoh: WannaCry lewat SMBv1).;Tujuan: menyebar cepat, membebani jaringan. Cegah: patch, firewall, matikan layanan lama.
914;Fase F;12;Keamanan Jaringan;10;Trojan (Trojan Horse);"Malware yang menyamar sebagai program berguna (crack, game, ""aktivator"") tetapi membuka pintu bagi penyerang.";Tujuan: mencuri data, remote control. Cegah: unduh dari sumber resmi, hindari bajakan.
915;Fase F;12;Keamanan Jaringan;11;Ransomware;"Malware yang mengenkripsi file korban lalu meminta tebusan (biasanya kripto) untuk kunci dekripsi; menyerang sekolah, rumah sakit, dan pemerintah.";Tujuan: uang. Cegah: backup offline 3-2-1, patch, tidak membuka lampiran mencurigakan, segmentasi.
916;Fase F;12;Keamanan Jaringan;12;Spyware, Adware, Keylogger;"Spyware memata-matai aktivitas; adware menampilkan iklan paksa; keylogger merekam ketikan (termasuk kata sandi).";Tujuan: mencuri informasi/uang iklan. Cegah: anti-malware, MFA, waspada ekstensi browser.
917;Fase F;12;Keamanan Jaringan;13;Rootkit dan Backdoor;Rootkit: malware yang bersembunyi di level sistem/kernel agar tidak terdeteksi. Backdoor: pintu masuk rahasia yang ditanam penyerang (atau tertinggal dari vendor) untuk kembali kapan saja.;Tujuan: akses jangka panjang. Cegah: integritas sistem, instal ulang bersih setelah insiden, audit akun.
918;Fase F;12;Keamanan Jaringan;14;Botnet dan Zombie;Jaringan ribuan perangkat terinfeksi (zombie: PC, router, CCTV IoT) yang dikendalikan penyerang (C2 server) untuk DDoS, spam, atau menambang kripto. Contoh: Mirai menyerang router/CCTV berkata sandi default.;Cegah: ganti kata sandi default perangkat IoT, firmware terbaru, tutup akses manajemen dari WAN.
919;Fase F;12;Keamanan Jaringan;15;Cryptojacking dan Fileless Malware;Cryptojacking: memakai CPU korban diam-diam untuk menambang kripto. Fileless: malware yang hidup di memori/PowerShell tanpa file, sulit dideteksi antivirus tradisional.;Cegah: EDR, pembatasan skrip, pemantauan beban CPU tak wajar.
920;Fase F;12;Keamanan Jaringan;16;Social Engineering (Rekayasa Sosial);"Manipulasi psikologis manusia agar membocorkan informasi atau melakukan tindakan berbahaya: pretexting (berpura-pura jadi IT), baiting (USB ""gaji""), tailgating (ikut masuk ruang server), vishing/smishing.";"Manusia adalah titik terlemah; cegah dengan edukasi dan prosedur verifikasi."
921;Fase F;12;Keamanan Jaringan;17;Phishing, Spear Phishing, dan Whaling;Phishing: email/pesan/situs palsu massal untuk mencuri kredensial. Spear phishing: tertarget ke orang tertentu dengan info personal. Whaling: menyasar pimpinan.;Cegah: periksa domain pengirim/URL, MFA, filter email, pelatihan pengguna.
922;Fase F;12;Keamanan Jaringan;18;Spoofing (IP, MAC, ARP, DNS, Email);Pemalsuan identitas: IP spoofing (alamat asal palsu), MAC spoofing (meniru MAC untuk lolos filter), ARP spoofing (mengaku sebagai gateway), DNS spoofing/poisoning (jawaban DNS palsu ke situs jahat), email spoofing (pengirim palsu).;Cegah: DAI/DHCP snooping, DNSSEC, SPF/DKIM/DMARC, filter anti-spoofing di router (RPF).
923;Fase F;12;Keamanan Jaringan;19;ARP Poisoning dan Man-in-the-Middle (MITM);Penyerang mengirim ARP palsu sehingga lalu lintas korban melewati komputernya (MITM), lalu menyadap atau mengubah data. Alat: Ettercap, Bettercap. Termasuk MITM lewat Wi-Fi palsu.;Cegah: HTTPS/VPN, Dynamic ARP Inspection, static ARP untuk gateway, segmentasi.
924;Fase F;12;Keamanan Jaringan;20;Sniffing / Eavesdropping (Penyadapan);Menangkap paket di jaringan (Wireshark, tcpdump) untuk membaca data yang tidak terenkripsi: kata sandi HTTP/FTP/Telnet, isi chat. Di Wi-Fi terbuka semua orang bisa menyadap.;Cegah: enkripsi (HTTPS, SSH, WPA3, VPN), switch bukan hub, client isolation.
925;Fase F;12;Keamanan Jaringan;21;DoS dan DDoS (Denial of Service);Serangan membanjiri server/jaringan agar tidak bisa melayani pengguna sah: SYN flood, UDP flood, ICMP flood (ping of death, smurf), HTTP flood, amplifikasi DNS/NTP. DDoS memakai banyak sumber (botnet).;Cegah: rate limiting, firewall/IPS, layanan anti-DDoS (Cloudflare), kapasitas cadangan.
926;Fase F;12;Keamanan Jaringan;22;Brute Force dan Dictionary Attack;Menebak kata sandi dengan mencoba semua kombinasi (brute force) atau daftar kata umum (dictionary) pada SSH, RDP, Winbox, Wi-Fi handshake, login web. Alat: Hydra, John, Hashcat, aircrack-ng.;Cegah: kata sandi panjang, MFA, fail2ban/lockout, ganti port, batasi IP sumber, kunci SSH.
927;Fase F;12;Keamanan Jaringan;23;Credential Stuffing dan Password Spraying;"Credential stuffing: memakai pasangan email-kata sandi hasil kebocoran situs lain. Password spraying: mencoba satu kata sandi umum (""Sekolah123"") ke banyak akun.";Cegah: kata sandi unik per layanan, MFA, pemantauan login.
928;Fase F;12;Keamanan Jaringan;24;Port Scanning dan Reconnaissance;Tahap pengintaian: memetakan host aktif, port terbuka, versi layanan, dan OS (Nmap, Masscan, Shodan) sebelum menyerang.;"Cegah: tutup port tak perlu, firewall drop, IDS mendeteksi scan; admin juga memakainya untuk audit."
929;Fase F;12;Keamanan Jaringan;25;Exploit, Zero-Day, dan CVE;Exploit: kode pemanfaat celah. Zero-day: celah yang belum diketahui/ditambal vendor sehingga sangat berbahaya. CVE (Common Vulnerabilities and Exposures): nomor identitas publik tiap celah (misalnya CVE-2018-14847 Winbox MikroTik).;Cegah: patch cepat, pantau buletin keamanan vendor, defense in depth.
930;Fase F;12;Keamanan Jaringan;26;SQL Injection (SQLi);Menyisipkan perintah SQL lewat form/URL aplikasi web yang tidak memvalidasi input untuk membaca/mengubah database (misalnya login bypass ' OR '1'='1).;Cegah: prepared statement, validasi input, WAF, hak akses DB minimal.
931;Fase F;12;Keamanan Jaringan;27;XSS dan CSRF;XSS (Cross-Site Scripting): menyisipkan skrip jahat ke halaman yang dilihat pengguna lain (mencuri cookie/sesi). CSRF: memaksa browser korban yang sedang login mengirim permintaan tanpa sadar.;Cegah: sanitasi output, header keamanan, token CSRF, framework modern.
932;Fase F;12;Keamanan Jaringan;28;Deface (Perusakan Tampilan Web);"Mengganti halaman situs dengan pesan penyerang, umumnya lewat CMS/plugin usang atau kata sandi lemah; sering menimpa situs sekolah/pemerintah.";Cegah: update CMS/plugin, kata sandi kuat, backup, WAF, batasi akses admin.
933;Fase F;12;Keamanan Jaringan;29;Directory Traversal, File Upload, dan RCE;Directory traversal: mengakses file di luar folder web (../../etc/passwd). File upload berbahaya: mengunggah web shell. RCE (Remote Code Execution): menjalankan perintah di server dari jauh.;Cegah: validasi path/tipe file, izin folder ketat, patch, WAF.
934;Fase F;12;Keamanan Jaringan;30;Serangan Wi-Fi: Evil Twin, Rogue AP, Deauthentication, WPS Attack, KRACK;Evil twin: AP palsu ber-SSID sama untuk MITM. Rogue AP: AP liar dipasang tanpa izin di jaringan internal. Deauth: memutus klien paksa (802.11w mencegah). WPS PIN mudah dibobol. KRACK: celah WPA2 lama.;Cegah: WPA3/802.11w, matikan WPS, WIDS/WIPS, port security, edukasi pengguna.
935;Fase F;12;Keamanan Jaringan;31;VLAN Hopping dan Serangan Layer 2;VLAN hopping: melompat ke VLAN lain lewat double tagging atau trunk otomatis (DTP). Serangan L2 lain: MAC flooding (CAM table penuh → switch jadi hub), DHCP starvation, rogue DHCP, STP manipulation.;Cegah: matikan DTP, native VLAN khusus, port security, DHCP snooping, BPDU guard.
936;Fase F;12;Keamanan Jaringan;32;Rogue DHCP Server;DHCP liar (router rumahan dicolok terbalik, atau sengaja) yang memberi gateway/DNS palsu ke klien sehingga lalu lintas dibelokkan.;Cegah: DHCP snooping (port trusted hanya ke server sah), pemantauan.
937;Fase F;12;Keamanan Jaringan;33;Insider Threat;Ancaman dari orang dalam (siswa, pegawai, mantan pegawai) yang menyalahgunakan akses: mencuri data, memasang alat, membocorkan kata sandi.;Cegah: least privilege, pencabutan akses saat keluar, logging, segmentasi.
938;Fase F;12;Keamanan Jaringan;34;Supply Chain Attack dan Firmware Berbahaya;Serangan melalui pemasok: perangkat/perangkat lunak yang sudah disusupi sebelum sampai ke pengguna (firmware palsu, pustaka terinfeksi).;Cegah: beli dari distributor resmi, verifikasi hash/tanda tangan firmware.
939;Fase F;12;Keamanan Jaringan;35;Defense in Depth (Pertahanan Berlapis);Strategi memasang banyak lapisan kontrol (fisik, perimeter, jaringan, host, aplikasi, data, manusia) sehingga jika satu bobol, lapisan lain menahan.;Prinsip dasar menentukan sistem keamanan yang dibutuhkan.
940;Fase F;12;Keamanan Jaringan;36;Least Privilege dan Need to Know;Setiap pengguna/proses hanya diberi hak akses seminimal yang diperlukan untuk tugasnya, tidak lebih.;Membatasi kerusakan jika akun disalahgunakan atau diretas.
941;Fase F;12;Keamanan Jaringan;37;Hardening (Pengerasan Sistem);Mengurangi kerentanan perangkat/server: ganti kredensial default, matikan layanan/port tak perlu, patch, firewall host, izin file ketat, nonaktifkan akun tak terpakai, logging.;Langkah wajib setelah instalasi server/router baru.
942;Fase F;12;Keamanan Jaringan;38;Patch Management dan Update Rutin;Proses terjadwal menguji dan memasang pembaruan OS, aplikasi, dan firmware di semua perangkat.;Sebagian besar serangan memanfaatkan celah yang tambalannya sudah tersedia.
943;Fase F;12;Keamanan Jaringan;39;Segmentasi dan Mikrosegmentasi;Membagi jaringan menjadi zona (VLAN/subnet) dengan aturan firewall antar-zona: server, manajemen, siswa, guru, tamu, IoT/CCTV. Mikrosegmentasi memisahkan hingga tingkat host/aplikasi.;Serangan di satu zona tidak menjalar ke zona lain.
944;Fase F;12;Keamanan Jaringan;40;DMZ dan Bastion Host;DMZ: zona server publik di antara internet dan LAN. Bastion host/jump server: satu server yang diperkeras sebagai satu-satunya pintu masuk admin ke jaringan internal.;Mengurangi paparan langsung jaringan internal ke internet.
945;Fase F;12;Keamanan Jaringan;41;Zero Trust Architecture;"Model ""jangan pernah percaya, selalu verifikasi"": setiap akses diautentikasi, diotorisasi, dan dienkripsi terlepas dari lokasi (dalam/luar jaringan).";"Arah keamanan modern menggantikan model ""benteng dan parit""."
946;Fase F;12;Keamanan Jaringan;42;Firewall;Sistem yang menyaring lalu lintas jaringan berdasarkan aturan (IP, port, protokol, arah, status, aplikasi). Bisa berupa perangkat khusus (FortiGate, Palo Alto, Sophos), perangkat lunak di server (pfSense, OPNsense, iptables), fitur router (MikroTik), atau host (Windows Firewall).;Gerbang utama yang menentukan apa boleh masuk/keluar jaringan atau host.
947;Fase F;12;Keamanan Jaringan;43;Jenis Firewall: Packet Filtering, Stateful, Application/Proxy, NGFW;Packet filtering: memeriksa header tiap paket (ACL). Stateful: melacak status koneksi (mengizinkan balasan otomatis). Application/proxy: memahami isi aplikasi (HTTP). NGFW: gabungan stateful + IPS + kontrol aplikasi + antivirus + inspeksi TLS.;Memilih firewall sesuai kebutuhan dan anggaran.
948;Fase F;12;Keamanan Jaringan;44;Firewall Host (Personal Firewall);Firewall di komputer/server itu sendiri: Windows Defender Firewall (profil Domain/Private/Public), ufw dan firewalld (Linux), iptables/nftables.;Lapisan terakhir yang melindungi host meski firewall jaringan bobol.
949;Fase F;12;Keamanan Jaringan;45;Firewall Server (Network Firewall Berbasis Server);Server/PC dengan dua NIC yang menjalankan OS firewall (pfSense, OPNsense, IPFire, Debian + iptables) sebagai gateway, lengkap dengan NAT, VPN, IDS, dan captive portal.;"Solusi firewall murah dan kuat untuk sekolah; dipraktikkan di Fase F."
950;Fase F;12;Keamanan Jaringan;46;Persyaratan Membangun Server Firewall;Kebutuhan: PC/server dengan minimal 2 NIC (WAN dan LAN), CPU/RAM sesuai throughput, storage untuk log, OS firewall, topologi yang menempatkannya di jalur lalu lintas, dan rencana aturan.;Perencanaan sebelum implementasi firewall sesuai CP.
951;Fase F;12;Keamanan Jaringan;47;iptables dan nftables;"Kerangka firewall kernel Linux. iptables: tabel (filter, nat, mangle) dan chain (INPUT, OUTPUT, FORWARD, PREROUTING, POSTROUTING); contoh iptables -A INPUT -p tcp --dport 22 -j ACCEPT. nftables adalah penggantinya yang lebih modern.";Mengamankan server Linux dan membangun router/firewall berbasis Linux.
952;Fase F;12;Keamanan Jaringan;48;ufw dan firewalld;ufw (Uncomplicated Firewall, Ubuntu): ufw allow 22/tcp, ufw enable, ufw status. firewalld (Rocky/Fedora): zona dan firewall-cmd --add-service=http --permanent.;Cara mudah mengelola firewall host Linux.
953;Fase F;12;Keamanan Jaringan;49;Rule, Chain, Policy, dan Aksi (Accept/Drop/Reject);"Rule: satu aturan cocok-aksi. Chain: urutan rule yang dibaca dari atas; rule pertama yang cocok menang. Policy: aksi default jika tidak ada yang cocok (sebaiknya drop). Drop: buang diam-diam; Reject: buang dan beri tahu; Accept: izinkan.";Menulis firewall yang benar memerlukan pemahaman urutan dan default deny.
954;Fase F;12;Keamanan Jaringan;50;Default Deny (Whitelist) vs Default Allow (Blacklist);Default deny: semua diblokir kecuali yang diizinkan (lebih aman, standar server). Default allow: semua boleh kecuali yang dilarang (mudah tetapi berisiko).;Prinsip menyusun kebijakan firewall.
955;Fase F;12;Keamanan Jaringan;51;Firewall MikroTik Praktik Dasar;Contoh chain input: accept established/related, drop invalid, accept ICMP terbatas, accept dari LAN/admin, drop sisanya dari WAN. Chain forward: accept established/related, drop invalid, drop LAN→server manajemen kecuali admin, fasttrack untuk kinerja. Tambahan: port knocking, address list blokir brute force.;Konfigurasi standar mengamankan router yang menghadap internet.
956;Fase F;12;Keamanan Jaringan;52;Stateful Inspection dan Established/Related;Firewall mengingat koneksi yang dimulai dari dalam sehingga paket balasan (established) dan koneksi terkait (related, misalnya FTP data) otomatis diizinkan tanpa membuka port masuk.;Keamanan tinggi dengan aturan sederhana.
957;Fase F;12;Keamanan Jaringan;53;WAF (Web Application Firewall);Firewall khusus lapisan aplikasi web yang memeriksa permintaan HTTP untuk memblokir SQLi, XSS, dan bot: ModSecurity (open source), Cloudflare WAF, Nginx App Protect.;Melindungi situs/aplikasi sekolah dari serangan web umum.
958;Fase F;12;Keamanan Jaringan;54;IDS (Intrusion Detection System);"Sistem yang memantau lalu lintas/host untuk mendeteksi pola serangan atau anomali lalu memberi peringatan (tidak memblokir). NIDS memantau jaringan (Snort, Suricata, Zeek); HIDS memantau host (OSSEC, Wazuh).";"""Alarm"" yang memberi tahu admin adanya serangan."
959;Fase F;12;Keamanan Jaringan;55;IPS (Intrusion Prevention System);IDS yang dipasang inline sehingga bisa langsung memblokir/menjatuhkan paket berbahaya secara otomatis. Suricata/Snort mode IPS, fitur NGFW.;"""Satpam"" yang menahan serangan sebelum mencapai server."
960;Fase F;12;Keamanan Jaringan;56;Signature-Based vs Anomaly-Based Detection;Signature: mencocokkan pola serangan yang sudah dikenal (akurat, tetapi buta pada serangan baru). Anomaly: mempelajari perilaku normal dan menandai penyimpangan (mendeteksi hal baru, tetapi lebih banyak false positive).;Memahami kekuatan dan kelemahan IDS/IPS.
961;Fase F;12;Keamanan Jaringan;57;False Positive dan False Negative;False positive: alarm untuk aktivitas yang sebenarnya sah. False negative: serangan nyata yang lolos tanpa alarm.;Menyetel IDS/IPS agar seimbang antara keduanya.
962;Fase F;12;Keamanan Jaringan;58;Snort dan Suricata;"Mesin IDS/IPS open source berbasis rule (misalnya alert tcp any any -> $HOME_NET 22 (msg:""SSH scan""; ...)). Suricata multi-thread dan mendukung deteksi aplikasi.";Alat praktik IDS/IPS di sekolah dengan biaya nol.
963;Fase F;12;Keamanan Jaringan;59;Honeypot;Sistem umpan yang sengaja tampak rentan untuk memancing penyerang, mempelajari tekniknya, dan memberi peringatan dini.;Deteksi serangan tanpa risiko pada sistem asli.
964;Fase F;12;Keamanan Jaringan;60;SIEM dan Log Management;SIEM (Security Information and Event Management) mengumpulkan log dari firewall, server, IDS, dan AP, lalu mengorelasikannya untuk mendeteksi insiden: Wazuh, ELK/Elastic, Splunk, Graylog.;Melihat gambaran serangan menyeluruh yang tak terlihat dari satu perangkat.
965;Fase F;12;Keamanan Jaringan;61;Autentikasi (Authentication);Proses membuktikan identitas: sesuatu yang diketahui (kata sandi, PIN), dimiliki (kartu, HP/token, kunci keamanan), atau melekat (sidik jari, wajah).;Memastikan yang masuk benar-benar orang/perangkat yang berhak.
966;Fase F;12;Keamanan Jaringan;62;Otorisasi (Authorization) dan Accounting (AAA);Otorisasi: menentukan apa yang boleh dilakukan setelah terautentikasi (hak akses). Accounting: mencatat siapa melakukan apa, kapan, berapa lama (untuk audit/tagihan). Ketiganya disebut AAA.;Kerangka lengkap pengendalian akses jaringan.
967;Fase F;12;Keamanan Jaringan;63;Server Autentikasi;Server terpusat yang memverifikasi identitas pengguna untuk banyak layanan (Wi-Fi, VPN, hotspot, login perangkat, PPPoE): RADIUS (FreeRADIUS, NPS Windows, User Manager MikroTik), TACACS+, LDAP/Active Directory, Kerberos.;"Satu akun untuk semua layanan; pencabutan akses cukup di satu tempat."
968;Fase F;12;Keamanan Jaringan;64;RADIUS (Remote Authentication Dial-In User Service);Protokol AAA klien-server (UDP 1812 autentikasi, 1813 accounting) antara perangkat akses (NAS: AP, router hotspot, VPN) dan server autentikasi, memakai shared secret.;Standar autentikasi Wi-Fi enterprise, hotspot, PPPoE, dan login admin perangkat.
969;Fase F;12;Keamanan Jaringan;65;TACACS+;"Protokol AAA milik Cisco (TCP 49) yang memisahkan autentikasi, otorisasi, dan accounting serta mengenkripsi seluruh paket; cocok untuk mengelola akses admin perangkat per perintah.";Kontrol granular siapa boleh menjalankan perintah apa di router/switch.
970;Fase F;12;Keamanan Jaringan;66;Persyaratan Membangun Server Autentikasi;Kebutuhan: server (fisik/VM) dengan OS Linux/Windows, perangkat lunak (FreeRADIUS/NPS), basis data pengguna (file, MySQL, LDAP/AD), sertifikat untuk EAP, IP tetap, shared secret per NAS, dan perangkat akses yang mendukung RADIUS.;Perencanaan sebelum implementasi server autentikasi sesuai CP.
971;Fase F;12;Keamanan Jaringan;67;IEEE 802.1X dan EAP;802.1X: kontrol akses berbasis port yang mewajibkan autentikasi sebelum perangkat boleh memakai port switch atau Wi-Fi (supplicant → authenticator → authentication server). EAP (PEAP, EAP-TLS, EAP-TTLS) adalah kerangka metode autentikasinya.;Wi-Fi/LAN enterprise di mana tiap pengguna login dengan akun sendiri, bukan satu kata sandi bersama.
972;Fase F;12;Keamanan Jaringan;68;WPA2-Enterprise / WPA3-Enterprise;Keamanan Wi-Fi yang memakai 802.1X + RADIUS sehingga tiap pengguna punya kredensial sendiri, kunci enkripsi unik per sesi, dan akses bisa dicabut per akun.;Standar Wi-Fi sekolah/kampus/kantor yang aman dan terkelola.
973;Fase F;12;Keamanan Jaringan;69;WEP, WPA, WPA2, WPA3;Evolusi keamanan Wi-Fi: WEP (1999, RC4, sudah bisa dibobol dalam menit), WPA (TKIP, sementara), WPA2 (2004, AES-CCMP, standar lama), WPA3 (2018, SAE anti-brute-force offline, forward secrecy, PMF wajib).;"Selalu pakai WPA2-AES minimal, WPA3 jika perangkat mendukung; jangan pernah WEP/open tanpa portal."
974;Fase F;12;Keamanan Jaringan;70;PSK (Pre-Shared Key) dan SAE;PSK: satu kata sandi bersama untuk semua pengguna (WPA2-Personal), rawan bocor dan brute force offline. SAE (Simultaneous Authentication of Equals): pertukaran kunci WPA3 yang tahan serangan tebak kata sandi offline.;Memahami mengapa WPA3-Personal lebih aman dari WPA2-Personal.
975;Fase F;12;Keamanan Jaringan;71;MAC Filtering dan Hidden SSID;Membatasi Wi-Fi hanya untuk MAC tertentu dan menyembunyikan nama SSID. Keduanya mudah dilewati (MAC spoofing, sniffing) sehingga hanya lapisan tambahan, bukan keamanan utama.;"Kontrol ringan untuk perangkat tetap; jangan menggantikan WPA2/3."
976;Fase F;12;Keamanan Jaringan;72;Kata Sandi Kuat dan Password Policy;"Kata sandi panjang (minimal 12–14 karakter), unik per layanan, tidak berisi data pribadi, atau berupa passphrase; kebijakan mengatur panjang, kompleksitas, riwayat, penguncian, dan larangan berbagi.";"Pertahanan pertama akun; kata sandi default/lemah adalah penyebab utama pembobolan router dan CCTV."
977;Fase F;12;Keamanan Jaringan;73;Password Manager dan Hashing Kata Sandi;Password manager (Bitwarden, KeePass) menyimpan kata sandi terenkripsi. Server tidak boleh menyimpan kata sandi asli, melainkan hash bergaram (bcrypt, Argon2).;Mengelola banyak kata sandi kuat dan mencegah kebocoran massal.
978;Fase F;12;Keamanan Jaringan;74;MFA / 2FA dan OTP;Autentikasi multi-faktor menambah langkah verifikasi selain kata sandi: kode OTP (aplikasi authenticator/SMS), notifikasi, kunci fisik (FIDO2/YubiKey), biometrik.;Akun tetap aman meski kata sandi bocor.
979;Fase F;12;Keamanan Jaringan;75;SSO (Single Sign-On) dan LDAP/Active Directory;"SSO: satu login untuk banyak aplikasi (Google Workspace, Microsoft 365). LDAP: protokol direktori pengguna (port 389/636); Active Directory adalah implementasi Microsoft yang juga memakai Kerberos.";Manajemen identitas terpusat di sekolah/kantor.
980;Fase F;12;Keamanan Jaringan;76;Kontrol Akses (ACL, RBAC);ACL: daftar siapa boleh apa pada objek/lalu lintas. RBAC (Role-Based Access Control): hak diberikan lewat peran (guru, siswa, admin), bukan per orang.;Pengelolaan hak akses yang rapi dan mudah diaudit.
981;Fase F;12;Keamanan Jaringan;77;Kriptografi;Ilmu mengamankan informasi dengan mengubahnya menjadi bentuk yang tidak terbaca (enkripsi) dan mengembalikannya (dekripsi) memakai algoritma dan kunci, serta menjamin integritas dan keaslian.;Dasar HTTPS, VPN, Wi-Fi aman, tanda tangan digital, dan penyimpanan kata sandi.
982;Fase F;12;Keamanan Jaringan;78;Plaintext, Ciphertext, Kunci (Key), dan Algoritma (Cipher);"Plaintext: data asli. Ciphertext: data terenkripsi. Kunci: nilai rahasia yang menentukan hasil enkripsi. Algoritma: aturan matematisnya (boleh publik; keamanan bergantung pada kunci — prinsip Kerckhoffs).";Kosakata dasar membahas enkripsi.
983;Fase F;12;Keamanan Jaringan;79;Kriptografi Klasik (Caesar, Vigenère, Substitusi, Transposisi);"Teknik lama menggeser/menukar huruf; mudah dipecahkan tetapi bagus untuk memahami konsep kunci dan analisis frekuensi.";Materi pengantar kriptografi di kelas.
984;Fase F;12;Keamanan Jaringan;80;Enkripsi Simetris (AES, DES, 3DES, ChaCha20);"Satu kunci yang sama untuk enkripsi dan dekripsi; sangat cepat, cocok untuk data besar. AES-128/256 adalah standar (Wi-Fi WPA2/3, VPN, disk). DES/3DES sudah usang.";"Melindungi data dalam jumlah besar; tantangannya adalah membagikan kunci dengan aman."
985;Fase F;12;Keamanan Jaringan;81;Enkripsi Asimetris / Kunci Publik (RSA, ECC, Diffie-Hellman);"Sepasang kunci: publik (disebar) dan privat (rahasia). Yang dienkripsi kunci publik hanya bisa dibuka kunci privat; Diffie-Hellman menyepakati kunci bersama lewat saluran terbuka. RSA 2048/ECC 256 umum.";Pertukaran kunci aman, tanda tangan digital, SSH key, sertifikat TLS.
986;Fase F;12;Keamanan Jaringan;82;Hash (MD5, SHA-1, SHA-256) dan Salt;"Fungsi satu arah yang mengubah data apa pun menjadi sidik jari tetap; perubahan satu bit mengubah seluruh hash. MD5/SHA-1 sudah tidak aman untuk keamanan; SHA-256 standar. Salt: nilai acak tambahan sebelum hashing kata sandi.";Memverifikasi integritas file/firmware (checksum) dan menyimpan kata sandi.
987;Fase F;12;Keamanan Jaringan;83;Tanda Tangan Digital dan Non-Repudiation;"Hash dokumen yang dienkripsi dengan kunci privat pengirim; siapa pun bisa memverifikasi dengan kunci publiknya. Menjamin keaslian, integritas, dan pengirim tidak bisa menyangkal (non-repudiation).";Firmware resmi, dokumen elektronik, sertifikat TLS.
988;Fase F;12;Keamanan Jaringan;84;Sertifikat Digital, CA, dan PKI;Sertifikat (X.509) mengikat kunci publik dengan identitas (domain/organisasi) dan ditandatangani Certificate Authority (CA) yang dipercaya browser (Let's Encrypt gratis, DigiCert, Sectigo). PKI adalah seluruh sistem pengelolaannya. Self-signed: ditandatangani sendiri (peringatan browser).;Pengguna yakin berkomunikasi dengan server asli, bukan penyamar.
989;Fase F;12;Keamanan Jaringan;85;SSL/TLS dan HTTPS;"TLS (penerus SSL; versi aman 1.2/1.3) mengenkripsi komunikasi aplikasi: HTTPS, SMTPS, IMAPS, FTPS, LDAPS. Handshake TLS menyepakati kunci sesi lewat sertifikat dan kunci publik lalu memakai enkripsi simetris.";Melindungi login, transaksi, dan data pengguna dari penyadapan/MITM.
990;Fase F;12;Keamanan Jaringan;86;Enkripsi Data at Rest vs In Transit;At rest: data tersimpan di disk (BitLocker, LUKS, enkripsi database/backup). In transit: data saat dikirim (TLS, VPN, SSH). Keduanya perlu.;Laptop hilang atau kabel disadap tidak berarti data bocor.
991;Fase F;12;Keamanan Jaringan;87;VPN (Virtual Private Network);Terowongan terenkripsi melalui jaringan publik yang membuat perangkat/kantor jauh seolah berada di jaringan lokal. Remote access VPN (pegawai dari rumah) dan site-to-site VPN (antar-kantor).;"Akses aman ke jaringan internal dari mana saja; juga melindungi di Wi-Fi publik."
992;Fase F;12;Keamanan Jaringan;88;Protokol VPN: IPsec, OpenVPN, WireGuard, L2TP/IPsec, SSTP, PPTP;IPsec (IKEv2, AH/ESP): standar site-to-site. OpenVPN: TLS, fleksibel, port bebas. WireGuard: modern, sangat cepat, kode kecil. L2TP/IPsec: bawaan banyak OS. SSTP: lewat HTTPS 443 (menembus firewall). PPTP: usang dan tidak aman.;Memilih protokol VPN sesuai keamanan, kecepatan, dan kompatibilitas.
993;Fase F;12;Keamanan Jaringan;89;VPN Server Praktik (MikroTik/Linux);"Membangun server VPN: L2TP/IPsec atau WireGuard di MikroTik (/interface wireguard, peers), OpenVPN Access Server/WireGuard di Ubuntu, pfSense; buat akun/kunci, buka port di firewall, uji koneksi dari klien luar dan akses ke LAN.";Skenario umum UKK dan kebutuhan sekolah untuk akses jarak jauh.
994;Fase F;12;Keamanan Jaringan;90;SSH Hardening dan SSH Key;Mengamankan SSH: login dengan pasangan kunci (ssh-keygen, authorized_keys) alih-alih kata sandi, PermitRootLogin no, ganti port, batasi IP dengan firewall, fail2ban, AllowUsers.;SSH adalah pintu masuk paling sering diserang di server publik.
995;Fase F;12;Keamanan Jaringan;91;Fail2ban dan Rate Limiting;Fail2ban membaca log dan memblokir IP yang gagal login berulang kali (SSH, web, mail). Rate limiting membatasi jumlah koneksi/permintaan per detik di firewall/web server.;Menghentikan brute force dan flood ringan secara otomatis.
996;Fase F;12;Keamanan Jaringan;92;Port Knocking;"Membuka port manajemen hanya setelah klien ""mengetuk"" urutan port rahasia tertentu; populer di MikroTik dengan address list bertahap.";Menyembunyikan Winbox/SSH dari pemindai internet.
997;Fase F;12;Keamanan Jaringan;93;Pengamanan Server Layanan (Web, Mail, DNS, FTP, Database);Praktik per layanan: web (HTTPS, header keamanan, sembunyikan versi, izin file, WAF), mail (TLS, SPF/DKIM/DMARC, anti-spam, tidak open relay), DNS (batasi rekursi, DNSSEC, rate limit), FTP (ganti ke SFTP/FTPS, chroot), database (bind ke localhost, akun khusus, hak minimal, backup terenkripsi).;Tata cara pengamanan server-server layanan sesuai CP.
998;Fase F;12;Keamanan Jaringan;94;SPF, DKIM, DMARC;Record DNS untuk keaslian email: SPF (server mana yang boleh mengirim atas nama domain), DKIM (tanda tangan digital email), DMARC (kebijakan jika SPF/DKIM gagal dan laporan).;Mencegah email domain sekolah dipalsukan dan masuk spam.
999;Fase F;12;Keamanan Jaringan;95;DNSSEC, DoH, dan DoT;"DNSSEC: tanda tangan digital record DNS agar tidak bisa dipalsukan. DoH (DNS over HTTPS) dan DoT (DNS over TLS): mengenkripsi kueri DNS dari penyadapan; DoH juga bisa dipakai pengguna melewati filter DNS sekolah.";"Mengamankan DNS; admin perlu memahami dampaknya pada filtering."
1000;Fase F;12;Keamanan Jaringan;96;Keamanan Fisik;Kunci ruang server, rak terkunci, CCTV, kontrol akses kartu/biometrik, port switch kosong dimatikan, kabel dalam duct, perangkat outdoor di boks terkunci, dan kebijakan tamu.;Akses fisik = akses penuh (reset kata sandi, colok perangkat liar).
1001;Fase F;12;Keamanan Jaringan;97;Backup, Disaster Recovery (DRP), dan Business Continuity (BCP);"Backup teratur dan teruji (3-2-1, offline/immutable), rencana pemulihan bencana (RTO: target waktu pulih; RPO: batas data hilang), dan rencana kelangsungan layanan.";Pemulihan dari ransomware, kerusakan hardware, atau bencana alam.
1002;Fase F;12;Keamanan Jaringan;98;Audit Keamanan, Vulnerability Assessment, dan Penetration Testing;Audit: memeriksa kepatuhan kebijakan. Vulnerability assessment: memindai celah (OpenVAS/Greenbone, Nessus, Nikto). Penetration testing: simulasi serangan nyata dengan izin tertulis (ruang lingkup, waktu, laporan).;"Menemukan kelemahan sebelum penyerang; wajib legal dan berizin."
1003;Fase F;12;Keamanan Jaringan;99;Kali Linux dan Alat Uji Keamanan;Distro Linux berisi ratusan alat keamanan: Nmap (pemindai), Wireshark, Metasploit (kerangka eksploit), Burp Suite (uji web), aircrack-ng (Wi-Fi), Hydra, John the Ripper, sqlmap.;"Alat belajar keamanan ofensif di lab tertutup dengan izin; penyalahgunaan adalah tindak pidana."
1004;Fase F;12;Keamanan Jaringan;100;Nmap (Network Mapper);Pemindai jaringan: nmap -sn 192.168.1.0/24 (host aktif), nmap -sV -p- host (semua port + versi), -O (deteksi OS), -A (agresif).;Inventaris, audit port terbuka, dan verifikasi firewall.
1005;Fase F;12;Keamanan Jaringan;101;Wireshark untuk Keamanan;"Menganalisis tangkapan paket untuk menemukan ARP spoofing (duplicate IP), kredensial plaintext, pemindaian, DNS aneh, dan trafik malware; filter seperti arp.duplicate-address-detected, http.request.method==POST.";Investigasi insiden dan pembuktian bahwa protokol tanpa enkripsi berbahaya.
1006;Fase F;12;Keamanan Jaringan;102;Incident Response (Tanggap Insiden);Tahapan: persiapan → identifikasi → penahanan (isolasi perangkat/segmen) → pemberantasan (hapus malware, tutup celah) → pemulihan (restore, pantau) → pembelajaran (laporan, perbaikan).;Menangani serangan secara terstruktur agar kerugian minimal.
1007;Fase F;12;Keamanan Jaringan;103;Forensik Digital dan Chain of Custody;Pengumpulan dan analisis bukti digital (log, image disk, tangkapan paket) secara sah dengan pencatatan rantai penanganan bukti agar diterima di pengadilan.;Menelusuri pelaku dan mendukung proses hukum.
1008;Fase F;12;Keamanan Jaringan;104;Threat Intelligence dan Security Awareness;Threat intelligence: informasi ancaman terkini (IP/domain jahat, teknik baru) dari komunitas/vendor. Security awareness: program edukasi pengguna (phishing simulation, poster, pelatihan).;Organisasi siap menghadapi ancaman terbaru dan pengguna menjadi lapisan pertahanan.
1009;Fase F;12;Keamanan Jaringan;105;Sandbox dan Isolasi;Menjalankan file/aplikasi mencurigakan di lingkungan terisolasi (VM, Windows Sandbox, layanan online seperti VirusTotal/Any.Run) agar tidak merusak sistem asli.;Menganalisis malware dengan aman.
1010;Fase F;12;Keamanan Jaringan;106;EDR/XDR dan Antivirus Modern;"Endpoint Detection and Response memantau perilaku proses di komputer secara terus-menerus, mendeteksi serangan tanpa file, dan memungkinkan respons jarak jauh; XDR memperluas ke jaringan/cloud.";Perlindungan endpoint di atas antivirus tradisional berbasis signature.
1011;Fase F;12;Keamanan Jaringan;107;NAC (Network Access Control);"Sistem yang memeriksa identitas dan ""kesehatan"" perangkat (antivirus aktif, patch) sebelum mengizinkan masuk jaringan, sering berbasis 802.1X + RADIUS + profil perangkat (PacketFence, Cisco ISE).";Perangkat pribadi/tak dikenal otomatis dibatasi ke VLAN karantina/tamu.
1012;Fase F;12;Keamanan Jaringan;108;Content Filtering / Web Filtering / Parental Control;Menyaring situs berdasarkan kategori (judi, pornografi, malware) lewat DNS filtering (Kominfo Trust+, OpenDNS/Cisco Umbrella, Cloudflare 1.1.1.3, Pi-hole), proxy, atau NGFW.;Kewajiban sekolah menyediakan internet sehat bagi siswa.
1013;Fase F;12;Keamanan Jaringan;109;UU ITE, UU PDP, dan Etika Keamanan;"UU ITE (No. 11/2008, diubah No. 19/2016 dan No. 1/2024) mengatur akses ilegal, penyadapan, dan perusakan sistem. UU PDP (No. 27/2022) mewajibkan perlindungan data pribadi. Mengakses sistem tanpa izin adalah pidana meski ""hanya coba-coba"".";"Batas hukum yang wajib dipahami siswa TKJ; keahlian keamanan hanya untuk tujuan sah."
1014;Fase F;12;Keamanan Jaringan;110;BSSN dan CSIRT;"BSSN (Badan Siber dan Sandi Negara) adalah lembaga keamanan siber nasional; CSIRT (Computer Security Incident Response Team) adalah tim tanggap insiden di tingkat nasional/sektor/organisasi (misalnya CSIRT sekolah/dinas).";Tempat melapor dan berkoordinasi saat terjadi insiden siber.
1015;Fase F;12;Keamanan Jaringan;111;Responsible Disclosure dan Bug Bounty;"Melaporkan celah yang ditemukan kepada pemilik sistem secara bertanggung jawab (tidak dipublikasikan sebelum diperbaiki); bug bounty memberi imbalan resmi bagi pelapor.";Jalur legal dan bahkan menguntungkan bagi peminat keamanan.
1016;Fase F;12;Keamanan Jaringan;112;Security Checklist Router/Server (Ringkasan Praktik);Ganti kredensial default, akses manajemen hanya dari LAN/VPN, matikan Telnet/HTTP/FTP/api tak perlu, firewall default drop dari WAN, update firmware, NTP dan logging aktif, backup konfigurasi, MAC/port security, WPA2/3, pisahkan VLAN, batasi DNS terbuka, dokumentasikan.;Daftar periksa cepat sebelum perangkat dinyatakan aman untuk produksi.
1017;Fase F;13;Administrasi Sistem Jaringan (Server);1;Administrasi Sistem Jaringan;Pekerjaan memasang, mengonfigurasi, mengamankan, memantau, dan merawat server beserta layanan jaringannya agar tersedia bagi pengguna. Pelakunya disebut system administrator (sysadmin).;Layanan sekolah/kantor (internet, web, email, file, e-learning) bergantung pada administrasi yang baik.
1018;Fase F;13;Administrasi Sistem Jaringan (Server);2;Sistem Operasi Jaringan (Network Operating System);OS yang dirancang melayani banyak klien dan menjalankan layanan jaringan: Debian, Ubuntu Server, Rocky/AlmaLinux (RHEL), openSUSE, FreeBSD, Windows Server. Umumnya tanpa GUI (headless) demi kinerja dan keamanan.;"Fondasi semua server; Debian/Ubuntu Server paling umum di praktik SMK."
1019;Fase F;13;Administrasi Sistem Jaringan (Server);3;Instalasi OS Server (Minimal Install);Instalasi tanpa desktop: pilih bahasa/zona waktu, partisi (root, swap, /home atau LVM), pengguna admin, paket minimal + OpenSSH server, lalu update. Di VM: alokasikan CPU/RAM/disk secukupnya, jaringan bridged.;Server ringan, cepat, dan hanya berisi yang dibutuhkan.
1020;Fase F;13;Administrasi Sistem Jaringan (Server);4;Pasca-Instalasi Server (Baseline);Langkah setelah instal: set hostname dan IP statis, apt update && apt upgrade, buat user sudo, konfigurasi SSH key, firewall ufw, NTP, zona waktu, dan snapshot/backup awal.;Dasar aman sebelum memasang layanan apa pun.
1021;Fase F;13;Administrasi Sistem Jaringan (Server);5;Remote Server / Administrasi Jarak Jauh;Mengelola server dari komputer lain lewat jaringan: SSH (CLI), RDP/VNC (GUI), web panel (Webmin, Cockpit), atau IPMI/iLO/iDRAC (akses hardware).;Server di rak/data center dikelola tanpa monitor dan keyboard fisik.
1022;Fase F;13;Administrasi Sistem Jaringan (Server);6;OpenSSH Server (sshd);Layanan SSH di Linux: instal apt install openssh-server, konfigurasi /etc/ssh/sshd_config (Port, PermitRootLogin, PasswordAuthentication), restart systemctl restart ssh, akses dari klien ssh user@ip -p 22.;Layanan remote server pertama yang dipasang dan diuji di praktik.
1023;Fase F;13;Administrasi Sistem Jaringan (Server);7;SCP, SFTP, dan rsync;Cara menyalin file lewat SSH: scp file user@ip:/tujuan, klien SFTP (FileZilla, WinSCP), rsync -avz (sinkronisasi efisien, hanya perubahan yang dikirim).;Memindahkan file dan backup antar-server dengan aman.
1024;Fase F;13;Administrasi Sistem Jaringan (Server);8;Webmin dan Cockpit;Panel administrasi berbasis web untuk server Linux: Webmin (port 10000, sangat lengkap), Cockpit (port 9090, bawaan RHEL/Fedora).;Mengelola server lewat browser bagi yang belum lancar CLI.
1025;Fase F;13;Administrasi Sistem Jaringan (Server);9;Layanan (Service) dan Port Listening;"Setiap layanan server ""mendengarkan"" di port tertentu; cek dengan ss -tulpn atau netstat -tulpn, kelola dengan systemctl status/start/enable.";Memastikan layanan aktif sebelum diuji dari klien.
1026;Fase F;13;Administrasi Sistem Jaringan (Server);10;DHCP Server (isc-dhcp-server, Kea, dnsmasq, Windows DHCP);Server pemberi IP otomatis. Di Debian/Ubuntu: isc-dhcp-server (file /etc/dhcp/dhcpd.conf: subnet, range, option routers, option domain-name-servers, default-lease-time) dan interface di /etc/default/isc-dhcp-server. Kea adalah penerusnya.;Layanan dasar yang menghidupkan jaringan klien tanpa konfigurasi manual.
1027;Fase F;13;Administrasi Sistem Jaringan (Server);11;Proses DORA dan Lease;"Discover (klien broadcast mencari server) → Offer (server menawarkan IP) → Request (klien meminta) → Acknowledge (server mengesahkan). Lease: masa pinjam IP; klien memperbarui pada 50% masa (T1).";"Memahami log DHCP dan masalah ""tidak dapat IP""."
1028;Fase F;13;Administrasi Sistem Jaringan (Server);12;Scope/Subnet, Range/Pool, Exclusion, Reservation, Option;"Scope: subnet yang dilayani. Range: rentang IP yang dibagikan. Exclusion: IP yang tidak dibagikan (untuk statis). Reservation: IP tetap untuk MAC tertentu (host printer { hardware ethernet ...; fixed-address ...; }). Option: info tambahan (gateway, DNS, domain, NTP, TFTP untuk PXE/VoIP).";Komponen konfigurasi DHCP yang harus dipahami dan diuji.
1029;Fase F;13;Administrasi Sistem Jaringan (Server);13;Pengujian DHCP Server;"Di klien: ipconfig /release lalu /renew (Windows) atau dhclient -v (Linux); periksa IP dari range, gateway, DNS; di server lihat /var/lib/dhcp/dhcpd.leases dan journalctl -u isc-dhcp-server.";Bukti layanan berjalan sesuai rancangan.
1030;Fase F;13;Administrasi Sistem Jaringan (Server);14;DNS Server (BIND9, Unbound, dnsmasq, PowerDNS, Windows DNS);Server penerjemah nama. BIND9 paling umum di praktik: paket bind9, konfigurasi /etc/bind/named.conf.local (zona), named.conf.options (forwarders, recursion), file zona di /etc/bind/db.namadomain. Unbound untuk resolver cache ringan.;Nama domain lokal (sekolah.sch.id, server.lab) dan cache DNS untuk seluruh jaringan.
1031;Fase F;13;Administrasi Sistem Jaringan (Server);15;Zona Forward dan Zona Reverse;Forward zone: nama → IP (file berisi record A). Reverse zone: IP → nama (zona in-addr.arpa, record PTR), misalnya 192.168.1.0/24 menjadi 1.168.192.in-addr.arpa.;"Resolusi dua arah; reverse dibutuhkan mail server dan log yang rapi."
1032;Fase F;13;Administrasi Sistem Jaringan (Server);16;Record DNS (A, AAAA, CNAME, MX, NS, PTR, SOA, TXT, SRV);A: nama → IPv4. AAAA: → IPv6. CNAME: alias ke nama lain. MX: mail server domain (dengan prioritas). NS: name server zona. PTR: reverse. SOA: info otoritas zona (serial, refresh, TTL). TXT: teks (SPF, verifikasi). SRV: lokasi layanan (SIP, LDAP).;"Isi utama file zona; salah satu record menyebabkan layanan tidak ditemukan."
1033;Fase F;13;Administrasi Sistem Jaringan (Server);17;Serial Number SOA dan TTL;Serial (format YYYYMMDDnn) harus dinaikkan setiap mengubah zona agar server sekunder menyalin. TTL: lama record boleh di-cache klien/resolver.;"Perubahan DNS ""tidak jalan"" sering karena lupa menaikkan serial atau TTL lama."
1034;Fase F;13;Administrasi Sistem Jaringan (Server);18;Authoritative vs Recursive/Caching DNS, Forwarder;Authoritative: pemilik resmi data zona. Recursive: mencari jawaban untuk klien dari root → TLD → authoritative lalu menyimpannya. Forwarder: meneruskan kueri ke DNS lain (8.8.8.8). Server rekursif terbuka ke internet berbahaya (amplifikasi).;Menentukan peran DNS server sekolah: authoritative untuk domain lokal + recursive untuk klien internal.
1035;Fase F;13;Administrasi Sistem Jaringan (Server);19;Primary (Master) dan Secondary (Slave) DNS, Zone Transfer (AXFR);Server sekunder menyalin zona dari primer lewat zone transfer sehingga layanan tetap ada saat primer mati. Batasi allow-transfer hanya ke sekunder.;"Redundansi DNS; nama domain publik wajib punya minimal 2 NS."
1036;Fase F;13;Administrasi Sistem Jaringan (Server);20;Pengujian DNS (nslookup, dig, host, named-checkconf);"named-checkconf dan named-checkzone memeriksa sintaks; dig @192.168.1.2 www.sekolah.sch.id menguji jawaban; dig -x 192.168.1.10 menguji PTR; klien diarahkan ke DNS server via DHCP.";Validasi konfigurasi DNS sebelum dipakai.
1037;Fase F;13;Administrasi Sistem Jaringan (Server);21;Hosts File;File pemetaan nama–IP lokal yang dibaca sebelum DNS: /etc/hosts (Linux), C:\Windows\System32\drivers\etc\hosts (Windows).;Uji cepat nama tanpa DNS atau blokir domain sederhana.
1038;Fase F;13;Administrasi Sistem Jaringan (Server);22;Web Server (Apache HTTP Server, Nginx, IIS, LiteSpeed);Perangkat lunak penyaji situs web lewat HTTP/HTTPS. Apache (apache2, modul, .htaccess, direktori /var/www/html, konfigurasi /etc/apache2/sites-available/). Nginx (ringan, cepat, reverse proxy, /etc/nginx/sites-available/). IIS untuk Windows Server.;Menyajikan web sekolah, e-learning (Moodle), aplikasi PHP, dan halaman hotspot.
1039;Fase F;13;Administrasi Sistem Jaringan (Server);23;Document Root, Index, dan Virtual Host;"Document root: folder file situs. Index: file default (index.html/index.php). Virtual host: satu server melayani banyak domain (name-based) dengan ServerName/server_name dan document root berbeda; aktifkan a2ensite lalu systemctl reload apache2.";Banyak situs di satu server dengan satu IP.
1040;Fase F;13;Administrasi Sistem Jaringan (Server);24;HTTPS di Web Server (Certbot/Let's Encrypt, Self-Signed);"Memasang sertifikat TLS: certbot --apache -d domain (gratis, otomatis diperbarui) untuk domain publik; openssl self-signed untuk lab; aktifkan mod_ssl, redirect HTTP→HTTPS.";"Situs aman dan tidak ditandai ""Not secure"" oleh browser."
1041;Fase F;13;Administrasi Sistem Jaringan (Server);25;LAMP / LEMP Stack;"Paket standar server web dinamis: Linux + Apache (atau Nginx = ""E"") + MySQL/MariaDB + PHP (Perl/Python). Instal apt install apache2 mariadb-server php libapache2-mod-php php-mysql.";Menjalankan WordPress, Moodle, aplikasi PHP sekolah.
1042;Fase F;13;Administrasi Sistem Jaringan (Server);26;PHP dan PHP-FPM;"Bahasa skrip sisi server untuk web dinamis; PHP-FPM adalah pengelola proses PHP untuk Nginx/Apache event. File php.ini mengatur upload_max_filesize, memory_limit, dsb.";Aplikasi web populer (WordPress, Moodle, SIAKAD) berbasis PHP.
1043;Fase F;13;Administrasi Sistem Jaringan (Server);27;CMS dan LMS (WordPress, Joomla, Moodle);"Content Management System untuk situs (WordPress, Joomla, Drupal); Learning Management System untuk e-learning (Moodle, Chamilo). Dipasang di atas LAMP dengan database sendiri.";Situs dan e-learning sekolah tanpa memprogram dari nol.
1044;Fase F;13;Administrasi Sistem Jaringan (Server);28;Pengujian Web Server;Buka http://ip-server dan http://namadomain dari klien, curl -I http://ip (header), cek log /var/log/apache2/access.log dan error.log, apache2ctl configtest.;Memastikan situs tersaji dan menemukan penyebab error 403/404/500.
1045;Fase F;13;Administrasi Sistem Jaringan (Server);29;Kode Status HTTP (200, 301, 403, 404, 500, 502);"200 OK; 301/302 redirect; 401/403 tidak berizin/dilarang (izin file, aturan); 404 tidak ditemukan; 500 error server (PHP/konfigurasi); 502/503/504 gateway/layanan bermasalah (backend mati, timeout).";Membaca masalah web server dengan cepat.
1046;Fase F;13;Administrasi Sistem Jaringan (Server);30;Reverse Proxy dan Load Balancer (Nginx, HAProxy);Reverse proxy menerima permintaan dari internet lalu meneruskannya ke server internal (menyembunyikan backend, terminasi TLS, cache). Load balancer membagi permintaan ke beberapa server (round robin, least connection) dengan health check.;Banyak aplikasi internal lewat satu IP publik dan ketersediaan tinggi.
1047;Fase F;13;Administrasi Sistem Jaringan (Server);31;Database Server (MySQL/MariaDB, PostgreSQL, SQL Server, MongoDB);"Server penyimpan data terstruktur yang diakses aplikasi lewat SQL. MariaDB (port 3306) paling umum di praktik: mysql_secure_installation, buat database/user (CREATE DATABASE; CREATE USER; GRANT), bind-address, backup mysqldump. PostgreSQL (5432) untuk aplikasi besar.";Menyimpan data aplikasi web, e-learning, absensi, hotspot billing.
1048;Fase F;13;Administrasi Sistem Jaringan (Server);32;phpMyAdmin dan Adminer;Antarmuka web untuk mengelola MySQL/MariaDB (tabel, kueri, impor/ekspor). Harus diamankan (HTTPS, batasi IP, kata sandi kuat).;Administrasi database tanpa CLI.
1049;Fase F;13;Administrasi Sistem Jaringan (Server);33;Backup Database (Dump) dan Restore;"mysqldump -u root -p namadb > backup.sql (ekspor) dan mysql -u root -p namadb < backup.sql (impor); dijadwalkan lewat cron dan disalin ke lokasi lain.";Data aplikasi bisa dipulihkan saat rusak/diretas.
1050;Fase F;13;Administrasi Sistem Jaringan (Server);34;FTP Server (vsftpd, ProFTPD, Pure-FTPd, FileZilla Server);Server transfer file klasik. vsftpd: apt install vsftpd, konfigurasi /etc/vsftpd.conf (anonymous_enable, local_enable, write_enable, chroot_local_user, pasv_min/max_port), pengguna sistem sebagai akun FTP. Port 21 (kontrol) + 20/pasif (data).;"Berbagi file ke banyak pengguna; kini disarankan FTPS/SFTP karena FTP tidak terenkripsi."
1051;Fase F;13;Administrasi Sistem Jaringan (Server);35;Mode FTP Active vs Passive;Active: server membuka koneksi data ke klien (sering diblok firewall klien/NAT). Passive: klien membuka koneksi data ke port pasif server (perlu range port pasif dibuka di firewall server).;"Penyebab umum ""bisa login tetapi tidak bisa list/upload""."
1052;Fase F;13;Administrasi Sistem Jaringan (Server);36;Pengujian FTP Server;"Dari klien: FileZilla/WinSCP atau ftp ip-server, login, upload/download, cek izin folder; log /var/log/vsftpd.log.";Memastikan akun, izin, dan mode pasif benar.
1053;Fase F;13;Administrasi Sistem Jaringan (Server);37;File Server dan Samba (SMB/CIFS);Server berbagi folder/printer untuk klien Windows/Linux/macOS. Samba: apt install samba, /etc/samba/smb.conf (section share: path, browseable, writable, valid users), smbpasswd -a user, akses dari Windows \\ip-server\share. Port 445.;Penyimpanan bersama tugas siswa/guru dengan hak akses per pengguna.
1054;Fase F;13;Administrasi Sistem Jaringan (Server);38;NFS (Network File System);Berbagi folder antar-Linux/Unix: /etc/exports (/data 192.168.1.0/24(rw,sync)), exportfs -a, klien mount ip:/data /mnt.;File sharing antar-server dan penyimpanan VM/container.
1055;Fase F;13;Administrasi Sistem Jaringan (Server);39;NAS dan SAN;NAS (Network Attached Storage): perangkat penyimpanan berjaringan berbasis file (SMB/NFS), misalnya Synology, QNAP, TrueNAS. SAN (Storage Area Network): penyimpanan berbasis blok (iSCSI, Fibre Channel) untuk server/virtualisasi.;Penyimpanan terpusat, backup, dan storage VM.
1056;Fase F;13;Administrasi Sistem Jaringan (Server);40;Hak Akses File Server (Permission, ACL, Quota);"Izin Linux (rwx, chmod/chown), ACL untuk izin lebih detail (setfacl), quota membatasi kapasitas per pengguna/grup; di Samba dipadukan dengan valid users/write list.";Pengguna hanya mengakses folder miliknya dan tidak menghabiskan disk.
1057;Fase F;13;Administrasi Sistem Jaringan (Server);41;Print Server (CUPS, Windows Print Server);"Server yang membagikan printer ke jaringan: CUPS (port 631, web admin) di Linux; Print Management di Windows Server.";Satu printer dipakai satu lab/kantor dengan antrian terpusat.
1058;Fase F;13;Administrasi Sistem Jaringan (Server);42;Mail Server (Postfix, Dovecot, Exim, Sendmail, Zimbra, Exchange);Sistem email lengkap: MTA (Postfix, mengirim/menerima SMTP port 25/587/465), MDA/IMAP-POP3 (Dovecot, port 143/993/110/995), record MX dan A/PTR di DNS, webmail (Roundcube), anti-spam (SpamAssassin, Rspamd), TLS. Zimbra/Exchange/iRedMail adalah paket lengkap.;Email berdomain sendiri (nama@sekolah.sch.id) dan praktik yang menuntut pemahaman DNS + keamanan.
1059;Fase F;13;Administrasi Sistem Jaringan (Server);43;MTA, MDA, MUA;MTA (Mail Transfer Agent): mengirim antar-server (Postfix). MDA (Mail Delivery Agent): menaruh ke kotak surat dan melayani IMAP/POP3 (Dovecot). MUA (Mail User Agent): aplikasi pengguna (Thunderbird, Outlook, Gmail app, Roundcube).;Memahami alur email dari pengirim sampai penerima.
1060;Fase F;13;Administrasi Sistem Jaringan (Server);44;Webmail (Roundcube, SquirrelMail, RainLoop);Aplikasi web untuk membaca/mengirim email lewat browser yang terhubung ke IMAP/SMTP server.;Pengguna mengakses email tanpa memasang aplikasi.
1061;Fase F;13;Administrasi Sistem Jaringan (Server);45;Open Relay, Spam, dan Blacklist;Open relay: mail server yang meneruskan email siapa pun (disalahgunakan spammer) → IP masuk blacklist (Spamhaus) → email ditolak. Cegah dengan autentikasi SMTP dan mynetworks ketat.;Menjaga reputasi mail server dan email sekolah sampai ke tujuan.
1062;Fase F;13;Administrasi Sistem Jaringan (Server);46;Pengujian Mail Server;Kirim antar-akun lewat webmail/Thunderbird, telnet ip 25 (perintah EHLO, MAIL FROM, RCPT TO), periksa /var/log/mail.log, dig MX domain, uji mail-tester.com untuk skor spam.;Verifikasi menyeluruh layanan email.
1063;Fase F;13;Administrasi Sistem Jaringan (Server);47;Proxy Server (Squid);Perantara HTTP/HTTPS dengan cache dan filter: apt install squid, /etc/squid/squid.conf (http_port 3128, acl, http_access allow/deny, cache_dir, blokir situs/kata kunci, jam akses), transparent dengan NAT redirect port 80. Log /var/log/squid/access.log.;"Kontrol dan pencatatan akses web; termasuk elemen konfigurasi perangkat di CP."
1064;Fase F;13;Administrasi Sistem Jaringan (Server);48;NTP Server (chrony, ntpd);Server waktu lokal yang menyinkron ke internet dan melayani semua perangkat LAN: apt install chrony, allow 192.168.0.0/16, cek chronyc sources/ntpq -p.;Jam seragam untuk log, autentikasi, dan ujian online.
1065;Fase F;13;Administrasi Sistem Jaringan (Server);49;Syslog Server (rsyslog, syslog-ng, Graylog);Server penampung log dari router, switch, AP, dan server lain (UDP/TCP 514), disimpan per host dan dianalisis.;Log terpusat memudahkan investigasi dan tidak hilang saat perangkat direset.
1066;Fase F;13;Administrasi Sistem Jaringan (Server);50;Server Autentikasi (FreeRADIUS, LDAP/OpenLDAP, Active Directory);FreeRADIUS: apt install freeradius, clients.conf (NAS + secret), users/SQL untuk akun, uji radtest. OpenLDAP/AD: direktori pengguna terpusat untuk login banyak layanan.;Satu akun untuk Wi-Fi, hotspot, VPN, dan login komputer.
1067;Fase F;13;Administrasi Sistem Jaringan (Server);51;Active Directory Domain Services (AD DS), Domain Controller, Group Policy;"Layanan direktori Windows Server: Domain Controller menyimpan akun dan mengautentikasi login (Kerberos); komputer di-join ke domain; Group Policy (GPO) menerapkan pengaturan/kebijakan massal (wallpaper, pembatasan, pemetaan drive).";Mengelola ratusan PC dan pengguna sekolah/kantor Windows secara terpusat.
1068;Fase F;13;Administrasi Sistem Jaringan (Server);52;VPN Server (OpenVPN, WireGuard, SoftEther, L2TP/IPsec, pfSense);Server yang menerima koneksi VPN pengguna jauh: buat sertifikat/kunci (OpenVPN easy-rsa, wg genkey), tentukan subnet VPN (10.8.0.0/24), push route ke LAN, aktifkan IP forwarding dan NAT, buka port (UDP 1194/51820) di firewall, bagikan file konfigurasi klien.;"Akses aman ke server/CCTV sekolah dari rumah; termasuk layanan wajib di CP."
1069;Fase F;13;Administrasi Sistem Jaringan (Server);53;IP Forwarding dan Server sebagai Router/Gateway;Mengaktifkan penerusan paket di Linux (sysctl net.ipv4.ip_forward=1) lalu NAT dengan iptables (-t nat -A POSTROUTING -o eth0 -j MASQUERADE) sehingga server berfungsi sebagai router.;Membangun gateway/firewall/VPN berbasis Linux.
1070;Fase F;13;Administrasi Sistem Jaringan (Server);54;Streaming dan Video Conference Server (Jitsi Meet, BigBlueButton, Nginx-RTMP);Server konferensi video mandiri (Jitsi, BBB untuk kelas daring) dan streaming (Nginx-RTMP, OBS). Butuh CPU/bandwidth besar dan port UDP 10000 (Jitsi).;Kelas daring dan siaran acara sekolah dengan server sendiri.
1071;Fase F;13;Administrasi Sistem Jaringan (Server);55;VoIP Server (Asterisk/Issabel/FreePBX) sebagai Layanan Jaringan;Server telepon IP yang dipasang seperti layanan lain: instal, buat ekstensi SIP, uji softphone, buka port 5060 dan RTP.;Menghubungkan materi VoIP dengan administrasi server.
1072;Fase F;13;Administrasi Sistem Jaringan (Server);56;Control Panel Hosting (cPanel/WHM, Plesk, DirectAdmin, CyberPanel, aaPanel, Webmin/Virtualmin);"Antarmuka web untuk mengelola hosting: membuat akun domain, email, database, FTP, SSL, file manager, statistik, backup, tanpa mengetik perintah. cPanel/Plesk berbayar; CyberPanel/aaPanel/Virtualmin gratis.";"Mengelola banyak situs/pelanggan hosting secara cepat; praktik CP ""control panel hosting""."
1073;Fase F;13;Administrasi Sistem Jaringan (Server);57;Web Hosting;Layanan menyewakan ruang server yang selalu online untuk menempatkan situs web beserta domain, email, dan database.;Situs sekolah/usaha online tanpa mengelola server sendiri.
1074;Fase F;13;Administrasi Sistem Jaringan (Server);58;Shared Hosting;"Banyak situs pelanggan berbagi satu server dan sumber dayanya (CPU, RAM, IP) dengan isolasi akun; murah tetapi kinerja saling memengaruhi dan akses terbatas (tanpa root).";"Pilihan ekonomis untuk situs kecil; siswa belajar membuatnya dengan control panel di server Linux."
1075;Fase F;13;Administrasi Sistem Jaringan (Server);59;VPS (Virtual Private Server);Server virtual dengan sumber daya terjamin dan akses root penuh, dibuat dari virtualisasi (KVM, OpenVZ/LXC) di server fisik penyedia (IDCloudHost, Niagahoster, DigitalOcean, AWS Lightsail).;"Menjalankan layanan sendiri (web, VPN, bot) dengan biaya puluhan–ratusan ribu per bulan; sarana latihan nyata administrasi server."
1076;Fase F;13;Administrasi Sistem Jaringan (Server);60;Dedicated Hosting / Dedicated Server;Satu server fisik utuh disewa untuk satu pelanggan: kinerja maksimal, kendali penuh, biaya tertinggi.;Aplikasi besar/ramai atau kebutuhan keamanan/kepatuhan khusus.
1077;Fase F;13;Administrasi Sistem Jaringan (Server);61;Cloud Hosting dan Managed Hosting;Cloud hosting: sumber daya dari kumpulan server (bisa naik-turun sesuai beban, bayar per pakai). Managed: penyedia mengurus OS, keamanan, dan backup untuk pelanggan.;Memahami pilihan hosting modern dan tanggung jawab masing-masing pihak.
1078;Fase F;13;Administrasi Sistem Jaringan (Server);62;Domain, Registrar, dan Name Server Delegation;"Domain didaftarkan melalui registrar (PANDI untuk .id, Niagahoster, Rumahweb, Namecheap); pengaturan NS di registrar menunjuk ke DNS server hosting; domain .sch.id butuh surat sekolah.";Menghubungkan nama domain dengan server hosting/DNS sendiri.
1079;Fase F;13;Administrasi Sistem Jaringan (Server);63;Uptime Hosting dan SLA Hosting;"Janji ketersediaan penyedia (99,9%) dan kompensasinya; dipantau dengan layanan uptime monitor.";Memilih penyedia dan menagih hak saat layanan turun.
1080;Fase F;13;Administrasi Sistem Jaringan (Server);64;Virtualisasi Server (Proxmox VE, VMware ESXi/vSphere, Hyper-V, KVM, XCP-ng);"Hypervisor tipe 1 untuk menjalankan banyak server virtual di satu mesin fisik: Proxmox VE (open source, KVM + LXC, web UI) sangat populer di sekolah; ESXi standar enterprise; Hyper-V bawaan Windows Server.";"Lab server lengkap (DHCP, DNS, web, mail, VPN) dalam satu PC/server; efisiensi dan snapshot."
1081;Fase F;13;Administrasi Sistem Jaringan (Server);65;VM Template, Clone, Snapshot, Live Migration, HA Cluster;Template: VM induk untuk digandakan. Clone: salinan VM. Snapshot: titik pemulihan. Live migration: memindahkan VM antar-host tanpa mati. HA cluster: VM otomatis pindah jika host rusak.;Pengelolaan VM yang cepat dan tahan gangguan.
1082;Fase F;13;Administrasi Sistem Jaringan (Server);66;Container dan Docker (Image, Container, Dockerfile, Volume, docker compose);Image: paket aplikasi siap jalan (dari Docker Hub). Container: instance image yang berjalan. Dockerfile: resep membangun image. Volume: penyimpanan persisten. docker compose: mendefinisikan beberapa container (web + db) dalam satu file YAML. Perintah: docker run -d -p 80:80 nginx, docker ps, docker logs.;Memasang layanan (Nginx, MariaDB, Zabbix, Nextcloud) dalam menit dan konsisten.
1083;Fase F;13;Administrasi Sistem Jaringan (Server);67;LXC/LXD dan Portainer;LXC: container sistem (seperti VM ringan) yang dipakai Proxmox. Portainer: antarmuka web mengelola Docker.;Alternatif ringan VM dan pengelolaan container visual.
1084;Fase F;13;Administrasi Sistem Jaringan (Server);68;Infrastructure as Code dan Ansible;Menyatakan konfigurasi server dalam file (YAML) yang bisa dijalankan berulang: Ansible (tanpa agen, lewat SSH, playbook), Terraform (cloud).;Mengonfigurasi 30 PC lab atau 10 server secara identik dan otomatis.
1085;Fase F;13;Administrasi Sistem Jaringan (Server);69;Sistem Kontrol dan Monitoring;Pemantauan kesehatan server/jaringan (CPU, RAM, disk, trafik, layanan, suhu, uptime) dan pengendalian (restart layanan, notifikasi, otomatisasi) secara terpusat.;Mengetahui masalah sebelum pengguna mengeluh dan mendukung SLA.
1086;Fase F;13;Administrasi Sistem Jaringan (Server);70;Zabbix;Platform monitoring open source lengkap: agen di server, SNMP untuk perangkat, template, grafik, peta, trigger, dan notifikasi (email/Telegram). Mudah dipasang via Docker/paket.;Monitoring standar industri yang bisa dipraktikkan di sekolah.
1087;Fase F;13;Administrasi Sistem Jaringan (Server);71;Cacti, Nagios, PRTG, LibreNMS, Observium;Cacti: grafik trafik SNMP berbasis RRDtool (klasik di SMK). Nagios/Icinga: pemantauan status layanan dan alert. PRTG: komersial Windows, 100 sensor gratis. LibreNMS/Observium: autodiscovery jaringan dengan SNMP.;Pilihan alat monitoring sesuai kebutuhan dan kemampuan.
1088;Fase F;13;Administrasi Sistem Jaringan (Server);72;Grafana dan Prometheus;"Prometheus mengumpulkan metrik (pull dari exporter seperti node_exporter, snmp_exporter); Grafana menampilkannya dalam dashboard interaktif dan alert.";Dashboard NOC modern yang menarik untuk pusat monitoring sekolah.
1089;Fase F;13;Administrasi Sistem Jaringan (Server);73;SNMP: Community, OID, MIB, Trap, v2c vs v3;"Community: ""kata sandi"" SNMP (public/private; ganti!). OID: alamat numerik tiap parameter (1.3.6.1.2.1...). MIB: kamus OID. Trap: notifikasi aktif dari perangkat. SNMPv3 menambah autentikasi dan enkripsi. Alat uji: snmpwalk -v2c -c public ip.";Bahasa universal monitoring perangkat jaringan.
1090;Fase F;13;Administrasi Sistem Jaringan (Server);74;NetFlow / sFlow / IPFIX dan Traffic Accounting;Perangkat mengirim ringkasan aliran trafik (siapa bicara dengan siapa, berapa besar) ke kolektor (ntopng, Elastiflow, PRTG). MikroTik: Traffic Flow.;Mengetahui pengguna/aplikasi pemakan bandwidth terbesar.
1091;Fase F;13;Administrasi Sistem Jaringan (Server);75;Uptime Monitoring (Uptime Kuma, UptimeRobot) dan Alerting;"Memantau ketersediaan layanan (HTTP, ping, port, DNS) dari luar dan mengirim peringatan ke Telegram/WhatsApp/email saat mati; Uptime Kuma self-hosted via Docker.";Admin tahu dalam satu menit saat web/e-learning sekolah down.
1092;Fase F;13;Administrasi Sistem Jaringan (Server);76;Perintah Pemantauan Linux (top/htop, free, df, du, iostat, vnstat, iftop, uptime, w);"htop proses dan beban; free -h memori; df -h ruang disk; du -sh ukuran folder; iostat disk; vnstat/iftop/nload trafik jaringan; uptime load average; w siapa login.";Diagnosis cepat kondisi server dari terminal.
1093;Fase F;13;Administrasi Sistem Jaringan (Server);77;Load Average dan Bottleneck Server;"Load average (1/5/15 menit) menunjukkan antrian proses; nilai di atas jumlah core berarti server kewalahan. Bottleneck bisa CPU, RAM (swap tinggi), disk I/O, atau jaringan.";Menentukan langkah optimasi/upgrade yang tepat.
1094;Fase F;13;Administrasi Sistem Jaringan (Server);78;Log Server (journalctl, /var/log, logrotate);"journalctl -u nama-service -f mengikuti log layanan; /var/log/syslog, auth.log (login), apache2/, mail.log; logrotate memutar dan memampatkan log agar disk tidak penuh.";Sumber utama penyebab layanan gagal dan jejak keamanan.
1095;Fase F;13;Administrasi Sistem Jaringan (Server);79;Cron Job Server (Backup, Pembersihan, Laporan);"Penjadwalan tugas server: crontab -e dengan format menit jam tanggal bulan hari; contoh backup harian 0 1 * * * /usr/local/bin/backup.sh.";Otomasi rutin tanpa lupa.
1096;Fase F;13;Administrasi Sistem Jaringan (Server);80;Strategi Backup Server (Full, Incremental, Differential, Snapshot, Offsite);Full: semua data. Incremental: perubahan sejak backup terakhir. Differential: perubahan sejak full terakhir. Snapshot: kondisi VM/disk sesaat. Offsite/cloud: salinan di lokasi lain. Alat: rsync, Bacula, BorgBackup, Proxmox Backup Server, Veeam.;"Pemulihan cepat dengan biaya penyimpanan wajar; uji restore berkala."
1097;Fase F;13;Administrasi Sistem Jaringan (Server);81;RAID Perangkat Lunak (mdadm) dan LVM;mdadm membuat RAID 1/5/10 dari beberapa disk tanpa kartu RAID. LVM (Logical Volume Manager) menggabungkan disk menjadi volume yang bisa diperbesar tanpa instal ulang.;Ketahanan dan fleksibilitas penyimpanan server.
1098;Fase F;13;Administrasi Sistem Jaringan (Server);82;Hot Swap, Hot Spare, dan Redundant PSU;Hot swap: mengganti disk/PSU saat server menyala. Hot spare: disk cadangan yang otomatis menggantikan yang rusak. Redundant PSU: dua catu daya.;Server tetap hidup selama perawatan/kerusakan komponen.
1099;Fase F;13;Administrasi Sistem Jaringan (Server);83;Manajemen Pengguna Server (adduser, usermod, passwd, groups, sudoers, chage);Membuat/menghapus akun, menambah ke grup sudo (usermod -aG sudo nama), mengunci akun (passwd -l), mengatur kedaluwarsa kata sandi (chage), mengedit sudoers dengan visudo.;Hanya orang berhak yang bisa masuk server dan menjalankan perintah admin.
1100;Fase F;13;Administrasi Sistem Jaringan (Server);84;Update Keamanan Otomatis (unattended-upgrades) dan Reboot Terjadwal;"Paket Ubuntu/Debian yang memasang pembaruan keamanan otomatis; reboot dijadwalkan di luar jam kerja saat kernel diperbarui.";Server selalu tertambal tanpa menunggu admin.
1101;Fase F;13;Administrasi Sistem Jaringan (Server);85;Hostname dan FQDN Server;"FQDN (Fully Qualified Domain Name) adalah nama lengkap host + domain (srv1.smk.sch.id), diatur di /etc/hostname dan /etc/hosts; penting untuk mail server dan sertifikat.";Identitas server yang konsisten di DNS, log, dan sertifikat.
1102;Fase F;13;Administrasi Sistem Jaringan (Server);86;Repositori Lokal / Mirror dan Proxy Paket (apt-cacher-ng);Menyediakan salinan repositori atau cache paket di jaringan sekolah sehingga puluhan komputer/server mengunduh update dari lokal.;Menghemat bandwidth internet dan mempercepat instalasi massal.
1103;Fase F;13;Administrasi Sistem Jaringan (Server);87;PXE/Network Boot Server (TFTP + DHCP option 66/67, iPXE, FOG, Clonezilla);"Server yang melayani instalasi/cloning OS lewat jaringan: DHCP mengarahkan ke TFTP server berisi bootloader; FOG/Clonezilla menggandakan image ke seluruh lab.";Instal ulang 40 PC lab dalam satu malam.
1104;Fase F;13;Administrasi Sistem Jaringan (Server);88;Thin Client / LTSP dan VDI;LTSP: PC lab boot dari server Linux tanpa disk. VDI (Virtual Desktop Infrastructure): desktop pengguna berjalan sebagai VM di server dan diakses jarak jauh.;Lab berbiaya rendah dan mudah dikelola terpusat.
1105;Fase F;13;Administrasi Sistem Jaringan (Server);89;Nextcloud/ownCloud (Private Cloud Storage);Aplikasi penyimpanan dan kolaborasi file mandiri (seperti Google Drive) di server sekolah, berbasis LAMP/Docker dengan aplikasi desktop/HP.;Cloud storage internal dengan data tetap di sekolah.
1106;Fase F;13;Administrasi Sistem Jaringan (Server);90;Git Server dan Version Control (Gitea, GitLab);"Server penyimpan kode/konfigurasi dengan riwayat perubahan; konfigurasi router/server dan skrip disimpan di repositori.";Melacak siapa mengubah apa dan memulihkan versi lama.
1107;Fase F;13;Administrasi Sistem Jaringan (Server);91;API dan Otomasi Server (REST, curl, Python requests);Layanan modern (RouterOS 7, Proxmox, Zabbix, cloud) menyediakan REST API yang diakses lewat curl atau Python untuk membuat pengguna, mengambil status, atau menjalankan aksi otomatis.;Integrasi dan otomasi antar-sistem.
1108;Fase F;13;Administrasi Sistem Jaringan (Server);92;Server Room / Data Center Kecil Sekolah;"Ruangan server dengan rak, UPS, AC, grounding, akses terbatas, kabel rapi, pemantauan suhu, dan APAR khusus; server ditempatkan pada rak dengan manajemen kabel dan label.";Lingkungan fisik yang menjaga server hidup 24 jam.
1109;Fase F;13;Administrasi Sistem Jaringan (Server);93;Dokumentasi Server (Runbook, Inventaris, Diagram Layanan);Runbook: langkah operasional rutin/darurat (cara restart layanan, restore). Inventaris: daftar server, IP, layanan, versi, pemilik. Diagram: hubungan antar-layanan (web → db → auth).;Server tetap terkelola saat admin berganti.
1110;Fase F;13;Administrasi Sistem Jaringan (Server);94;Pengujian dan Verifikasi Layanan (Checklist Umum);Dari server: systemctl status, ss -tulpn, log. Dari klien: akses nyata (browser, ping, nslookup, FileZilla, mail client, SSH). Dari luar: uji port (nmap), uji DNS publik, uji sertifikat (SSL Labs).;Pola pengujian yang sama untuk semua layanan di CP.
1111;Fase F;13;Administrasi Sistem Jaringan (Server);95;Studi Kasus Server Sekolah Lengkap (Skenario UKK);"Satu server Debian/Ubuntu (atau Proxmox dengan beberapa VM): DHCP, DNS lokal (smk.sch.id), web (portal + e-learning), FTP/Samba (tugas), mail (Postfix/Dovecot + Roundcube), database, proxy Squid, VPN WireGuard, monitoring Zabbix; klien Windows/Linux diuji per layanan; semua terdokumentasi.";Menghubungkan seluruh istilah administrasi server dalam satu praktik nyata.
1112;Fase F;13;Administrasi Sistem Jaringan (Server);96;Mode Jaringan Server Virtual (Bridge, NAT, VLAN-aware Bridge);"Di Proxmox/VirtualBox, VM server sebaiknya bridged (vmbr0) agar punya IP di LAN nyata; NAT untuk isolasi; VLAN-aware bridge untuk VM di VLAN berbeda.";VM server dapat dijangkau klien seperti server fisik.
1113;Fase F;13;Administrasi Sistem Jaringan (Server);97;Time Zone, Locale, dan Keyboard Layout Server;Pengaturan timedatectl set-timezone Asia/Jakarta, locale (id_ID/en_US.UTF-8), dan layout keyboard agar log dan aplikasi menampilkan waktu/format benar.;Menghindari selisih waktu log dan karakter aneh di aplikasi.
1114;Fase F;13;Administrasi Sistem Jaringan (Server);98;Perintah Manajemen Layanan dan Reboot (systemctl, reboot, shutdown);"systemctl restart apache2, systemctl enable --now ssh, systemctl disable, journalctl -xe; reboot, shutdown -h now, shutdown -r +10 ""pesan"".";Operasional harian server.
1115;Fase F;13;Administrasi Sistem Jaringan (Server);99;Swap, OOM Killer, dan Tuning Dasar;"Swap mencegah kehabisan memori; OOM killer mematikan proses saat RAM benar-benar habis; tuning dasar: batas koneksi web server, buffer database, ulimit, sysctl jaringan.";Server stabil di bawah beban ujian online/pendaftaran.
1116;Fase F;13;Administrasi Sistem Jaringan (Server);100;Kepatuhan dan Etika Sysadmin;Menjaga privasi data pengguna (tidak membaca email/file pengguna tanpa dasar), akses hanya seperlunya, mencatat tindakan, mematuhi UU PDP dan kebijakan sekolah.;Kepercayaan adalah inti pekerjaan administrator yang memegang semua kunci.
1117;Fase F;14;Pemecahan Masalah (Troubleshooting) dan Pemeliharaan Jaringan;1;Troubleshooting (Pemecahan Masalah);Proses sistematis menemukan penyebab suatu gangguan dan memperbaikinya, bukan sekadar mencoba-coba. Menggabungkan pengetahuan teori, alat ukur, dan logika.;Mengembalikan layanan secepat mungkin dengan penyebab yang benar-benar tuntas.
1118;Fase F;14;Pemecahan Masalah (Troubleshooting) dan Pemeliharaan Jaringan;2;Metodologi Troubleshooting 7 Langkah (CompTIA);(1) Identifikasi masalah dan kumpulkan informasi, (2) buat teori penyebab yang mungkin, (3) uji teori, (4) buat rencana tindakan, (5) terapkan solusi atau eskalasi, (6) verifikasi fungsi penuh dan langkah pencegahan, (7) dokumentasikan.;"Kerangka kerja yang mencegah ""asal ganti perangkat"" dan menghasilkan solusi permanen."
1119;Fase F;14;Pemecahan Masalah (Troubleshooting) dan Pemeliharaan Jaringan;3;Pendekatan Bottom-Up, Top-Down, dan Divide-and-Conquer (Model OSI);Bottom-up: mulai dari fisik (kabel, LED) naik ke aplikasi. Top-down: mulai dari aplikasi turun ke fisik. Divide-and-conquer: mulai dari tengah (misalnya ping Layer 3) lalu tentukan arah.;Mempersempit lokasi masalah secara efisien berdasarkan lapisan.
1120;Fase F;14;Pemecahan Masalah (Troubleshooting) dan Pemeliharaan Jaringan;4;Gejala (Symptom), Penyebab Akar (Root Cause), dan Workaround;"Gejala: yang dirasakan pengguna (""internet lambat""). Root cause: penyebab sebenarnya (loop di switch lantai 2). Workaround: solusi sementara (cabut kabel) sebelum perbaikan permanen.";Perbaikan yang hanya mengobati gejala akan terulang.
1121;Fase F;14;Pemecahan Masalah (Troubleshooting) dan Pemeliharaan Jaringan;5;Pertanyaan Diagnosis Awal;Apa yang terjadi? Sejak kapan? Apa yang berubah sebelumnya? Semua pengguna atau satu? Semua layanan atau satu? Bisa direproduksi? Pesan error apa?;"Informasi dari pengguna sering langsung menunjuk penyebab (misalnya ""sejak ada AP baru"")."
1122;Fase F;14;Pemecahan Masalah (Troubleshooting) dan Pemeliharaan Jaringan;6;Isolasi Masalah (Substitusi dan Eliminasi);Menukar komponen yang dicurigai dengan yang pasti baik (kabel, port, PC) atau mengeluarkan komponen satu per satu hingga masalah hilang.;Membuktikan komponen mana yang bermasalah tanpa alat mahal.
1123;Fase F;14;Pemecahan Masalah (Troubleshooting) dan Pemeliharaan Jaringan;7;Baseline dan Perbandingan;Membandingkan kondisi saat gangguan dengan catatan normal (throughput, latency, daya optik, jumlah klien, beban CPU).;"Membedakan ""memang segitu"" dari ""ada yang salah""."
1124;Fase F;14;Pemecahan Masalah (Troubleshooting) dan Pemeliharaan Jaringan;8;Pemeriksaan Fisik (LED, Kabel, Daya, Suhu);Langkah pertama: apakah perangkat menyala, LED link/aktivitas normal, kabel terpasang kuat di kedua ujung, adaptor sesuai, perangkat tidak panas berlebih, tidak ada bau terbakar.;Sebagian besar gangguan lapangan berasal dari lapisan fisik.
1125;Fase F;14;Pemecahan Masalah (Troubleshooting) dan Pemeliharaan Jaringan;9;Power Cycle / Reboot;Mematikan perangkat, menunggu 10–30 detik, lalu menyalakan kembali untuk membersihkan kondisi memori/proses yang macet.;Solusi cepat yang sah, tetapi harus dicatat jika berulang (tanda masalah lebih dalam).
1126;Fase F;14;Pemecahan Masalah (Troubleshooting) dan Pemeliharaan Jaringan;10;Rollback Konfigurasi;Mengembalikan konfigurasi ke versi sebelum perubahan (backup, undo, safe mode MikroTik, reload in 10 Cisco) saat perubahan menyebabkan gangguan.;Pemulihan cepat tanpa harus menemukan baris yang salah dulu.
1127;Fase F;14;Pemecahan Masalah (Troubleshooting) dan Pemeliharaan Jaringan;11;Safe Mode (MikroTik) dan Reload Timer (Cisco);Safe Mode: perubahan dibatalkan otomatis jika koneksi Winbox terputus. reload in 10: router restart otomatis dalam 10 menit kecuali dibatalkan (reload cancel).;Mencegah terkunci dari router jauh saat mengubah firewall/IP.
1128;Fase F;14;Pemecahan Masalah (Troubleshooting) dan Pemeliharaan Jaringan;12;ipconfig / ip addr (Diagnosis Klien);Periksa: apakah IP dari subnet yang benar (bukan 169.254.x.x), subnet mask, gateway, DNS. ipconfig /release + /renew untuk IP baru, /flushdns untuk cache DNS, /displaydns.;Mengungkap masalah DHCP, IP salah, atau DNS keliru dalam 10 detik.
1129;Fase F;14;Pemecahan Masalah (Troubleshooting) dan Pemeliharaan Jaringan;13;Urutan Uji Ping (Ping Ladder);(1) ping 127.0.0.1 (stack TCP/IP), (2) ping IP sendiri (NIC), (3) ping gateway (LAN), (4) ping IP publik 8.8.8.8 (routing/NAT/ISP), (5) ping google.com (DNS). Titik gagal pertama menunjukkan lapisan masalah.;Metode paling cepat menentukan lokasi putus.
1130;Fase F;14;Pemecahan Masalah (Troubleshooting) dan Pemeliharaan Jaringan;14;Pesan Ping: Request Timed Out;Tidak ada balasan dalam waktu tunggu: tujuan mati, firewall memblokir ICMP, rute balik tidak ada, atau kemacetan.;Perlu uji lanjutan (traceroute, cek firewall) karena banyak kemungkinan.
1131;Fase F;14;Pemecahan Masalah (Troubleshooting) dan Pemeliharaan Jaringan;15;Pesan Ping: Destination Host Unreachable;Komputer/router tidak tahu jalur ke tujuan atau ARP gagal: gateway salah/mati, tidak ada rute, atau tujuan tidak ada di LAN.;Menunjuk masalah routing/gateway di dekat pengirim.
1132;Fase F;14;Pemecahan Masalah (Troubleshooting) dan Pemeliharaan Jaringan;16;Pesan Ping: General Failure / Transmit Failed;Kesalahan di komputer sendiri: adapter dinonaktifkan, driver bermasalah, IP belum ada, atau protokol rusak.;Perbaiki di sisi klien (enable adapter, reset stack: netsh int ip reset).
1133;Fase F;14;Pemecahan Masalah (Troubleshooting) dan Pemeliharaan Jaringan;17;Pesan Ping: TTL Expired in Transit;Paket kehabisan TTL karena berputar-putar antar-router (routing loop).;Periksa rute statis/dinamis yang saling menunjuk.
1134;Fase F;14;Pemecahan Masalah (Troubleshooting) dan Pemeliharaan Jaringan;18;Pesan Ping: Reply from ... bytes=32 time=... TTL=...;"Balasan normal; nilai time menunjukkan latency, TTL memberi petunjuk OS tujuan (64 Linux, 128 Windows, 255 perangkat jaringan) dan jumlah hop.";Membaca kondisi jalur meski koneksi berhasil.
1135;Fase F;14;Pemecahan Masalah (Troubleshooting) dan Pemeliharaan Jaringan;19;traceroute / tracert / mtr;"Melacak hop demi hop; tanda bintang (*) di satu hop bisa berarti router tidak membalas ICMP (normal) atau putus di sana (jika semua hop setelahnya juga gagal). mtr menggabungkan ping dan traceroute secara terus-menerus untuk melihat packet loss per hop.";Menemukan hop yang lambat/putus, membedakan masalah lokal dari masalah ISP.
1136;Fase F;14;Pemecahan Masalah (Troubleshooting) dan Pemeliharaan Jaringan;20;nslookup / dig (Diagnosis DNS);"nslookup domain → jika ""server can't find"" atau timeout: DNS server salah/mati; nslookup domain 8.8.8.8 menguji dengan DNS lain. dig +trace menelusuri dari root.";"Memastikan apakah ""internet mati"" sebenarnya hanya DNS bermasalah."
1137;Fase F;14;Pemecahan Masalah (Troubleshooting) dan Pemeliharaan Jaringan;21;Error Browser: DNS_PROBE_FINISHED_NXDOMAIN / ERR_NAME_NOT_RESOLVED;Nama domain tidak bisa diterjemahkan: DNS klien salah, DNS server mati, domain salah ketik/tidak ada, atau filter DNS memblokir.;Arahkan diagnosis ke DNS, bukan ke kabel.
1138;Fase F;14;Pemecahan Masalah (Troubleshooting) dan Pemeliharaan Jaringan;22;Error Browser: ERR_CONNECTION_TIMED_OUT / REFUSED / RESET;Timed out: paket tidak sampai (firewall drop, rute, server mati). Refused: sampai tetapi port ditutup (layanan tidak jalan). Reset: koneksi diputus (firewall reject, proxy, IPS).;Membedakan masalah jaringan dari masalah layanan server.
1139;Fase F;14;Pemecahan Masalah (Troubleshooting) dan Pemeliharaan Jaringan;23;"Error: ""No Internet, Secured"" / ""Limited Connectivity"" / Tanda Seru pada Ikon Jaringan";Terhubung ke Wi-Fi/LAN tetapi tidak sampai internet: tidak dapat IP/gateway, gateway tidak diteruskan ke internet (NAT/rute/ISP putus), DNS gagal, atau captive portal belum login.;"Gejala paling umum yang dilaporkan pengguna; ikuti ping ladder."
1140;Fase F;14;Pemecahan Masalah (Troubleshooting) dan Pemeliharaan Jaringan;24;"Error: ""IP Address Conflict"" / ""Another device is using this IP""";"Dua perangkat memakai IP sama; biasanya IP statis bentrok dengan DHCP atau ada perangkat clone. Cek arp -a untuk melihat MAC pemilik.";Perbaiki dengan reservasi DHCP dan pencatatan IP statis.
1141;Fase F;14;Pemecahan Masalah (Troubleshooting) dan Pemeliharaan Jaringan;25;"Error: ""Network Cable Unplugged"" / ""Media Disconnected""";Tidak ada link fisik: kabel putus/longgar, port switch mati/disable, NIC rusak, perangkat ujung mati.;Cek kabel dengan LAN tester, coba port lain, lihat LED.
1142;Fase F;14;Pemecahan Masalah (Troubleshooting) dan Pemeliharaan Jaringan;26;netstat / ss (Diagnosis Layanan);ss -tulpn (Linux) atau netstat -ano (Windows) menunjukkan port yang mendengarkan dan koneksi aktif beserta PID prosesnya.;Memastikan layanan berjalan di port yang benar dan menemukan proses yang memakai port.
1143;Fase F;14;Pemecahan Masalah (Troubleshooting) dan Pemeliharaan Jaringan;27;telnet host port / nc -zv / Test-NetConnection;Menguji apakah suatu port TCP di server bisa dijangkau: telnet 192.168.1.10 80, nc -zv host 22, PowerShell Test-NetConnection host -Port 443.;"Membedakan ""server mati"", ""port ditutup firewall"", dan ""layanan tidak jalan""."
1144;Fase F;14;Pemecahan Masalah (Troubleshooting) dan Pemeliharaan Jaringan;28;arp -a dan Deteksi ARP Spoofing;"Menampilkan pasangan IP–MAC yang dikenal; jika MAC gateway berubah-ubah atau sama dengan MAC perangkat lain, ada ARP spoofing/konflik.";Menemukan penyebab internet putus-putus atau penyadapan di LAN.
1145;Fase F;14;Pemecahan Masalah (Troubleshooting) dan Pemeliharaan Jaringan;29;route print / ip route / show ip route;"Menampilkan tabel routing klien atau router; periksa default route, rute yang hilang, gateway salah, atau metric ganda (dua adapter aktif).";"Mendiagnosis masalah ""bisa LAN tetapi tidak bisa internet"" atau rute antar-cabang."
1146;Fase F;14;Pemecahan Masalah (Troubleshooting) dan Pemeliharaan Jaringan;30;Wireshark / tcpdump untuk Troubleshooting;Tangkap paket saat masalah terjadi: apakah DHCP Discover dijawab, apakah DNS query dibalas, apakah TCP SYN mendapat SYN-ACK, retransmisi berlebihan (kabel buruk), atau paket dengan alamat aneh. Filter contoh: bootp, dns, tcp.analysis.retransmission, icmp.;Bukti pasti saat alat sederhana tidak menjelaskan.
1147;Fase F;14;Pemecahan Masalah (Troubleshooting) dan Pemeliharaan Jaringan;31;Log Perangkat dan Server (Event Viewer, dmesg, journalctl, /log MikroTik, show logging);Membaca log saat gangguan: Windows Event Viewer (System/Application), Linux dmesg/journalctl, MikroTik /log print, Cisco show logging. Cari kata error, fail, down, denied, timeout.;"Sering berisi jawaban langsung (misalnya ""link flapping ether3"", ""DHCP pool exhausted"")."
1148;Fase F;14;Pemecahan Masalah (Troubleshooting) dan Pemeliharaan Jaringan;32;Counter Interface (CRC Error, Input Errors, Collisions, Drops);Statistik port di switch/router (show interfaces, /interface ethernet print stats, /interface monitor-traffic). CRC/input errors: kabel/konektor buruk atau duplex mismatch. Collisions: half duplex. Drops: antrian penuh/kemacetan.;Menemukan kabel rusak dan port bermasalah tanpa ke lokasi.
1149;Fase F;14;Pemecahan Masalah (Troubleshooting) dan Pemeliharaan Jaringan;33;Link Flapping;"Port naik-turun berulang; penyebab: kabel/konektor longgar, PoE kurang daya, panjang kabel melebihi batas, perangkat ujung restart, atau STP berubah.";Diperbaiki dengan re-terminasi, mengganti kabel, atau menstabilkan daya.
1150;Fase F;14;Pemecahan Masalah (Troubleshooting) dan Pemeliharaan Jaringan;34;Duplex/Speed Mismatch dan Auto-Negotiation Gagal;Gejala: link nyala tetapi transfer sangat lambat, banyak CRC/late collision. Pastikan kedua sisi auto atau keduanya manual dengan nilai sama.;"Salah satu penyebab klasik ""kabel baru tetapi lambat""."
1151;Fase F;14;Pemecahan Masalah (Troubleshooting) dan Pemeliharaan Jaringan;35;Kabel Turun ke 100 Mbps padahal Gigabit;"Link gigabit membutuhkan keempat pasang kawat; jika pin 4-5 atau 7-8 putus/salah, link jatuh ke 100 Mbps. Juga terjadi pada kabel CCA/panjang berlebih.";Uji dengan LAN tester penuh 8 kawat dan re-crimp.
1152;Fase F;14;Pemecahan Masalah (Troubleshooting) dan Pemeliharaan Jaringan;36;Broadcast Storm / Loop (Gejala dan Penanganan);Gejala: semua LED switch berkedip cepat serempak, jaringan lumpuh, CPU router tinggi, ping ke gateway timeout. Penanganan: cabut uplink satu per satu untuk menemukan loop, aktifkan STP/loop protection, edukasi pengguna agar tidak menghubungkan dua port dinding.;Gangguan total yang harus ditangani dalam hitungan menit.
1153;Fase F;14;Pemecahan Masalah (Troubleshooting) dan Pemeliharaan Jaringan;37;Rogue DHCP (Gejala dan Penanganan);"Gejala: sebagian klien mendapat IP dari subnet asing (misalnya 192.168.0.x padahal seharusnya 10.10.x.x) dan tidak bisa internet. Penanganan: cek ipconfig /all untuk melihat ""DHCP Server"", lacak MAC-nya di tabel switch, cabut, aktifkan DHCP snooping.";Penyebab umum gangguan acak di sekolah saat ada router rumahan dicolok.
1154;Fase F;14;Pemecahan Masalah (Troubleshooting) dan Pemeliharaan Jaringan;38;DHCP Pool Habis (Exhausted);Klien baru tidak mendapat IP karena semua alamat dalam pool tersewa (lease panjang, banyak perangkat HP). Perbaikan: perbesar subnet (/23), perpendek lease, bersihkan lease lama.;Sering terjadi di hotspot sekolah saat jam istirahat.
1155;Fase F;14;Pemecahan Masalah (Troubleshooting) dan Pemeliharaan Jaringan;39;Latency Tinggi / Lag dan Bufferbloat;Ping melonjak (ratusan ms) saat ada unduhan besar karena antrian router penuh (bufferbloat). Diatasi dengan QoS/queue (fq_codel, CAKE, PCQ) dan pembatasan sedikit di bawah kapasitas ISP.;Membuat game/VoIP/video call tetap responsif meski jaringan sibuk.
1156;Fase F;14;Pemecahan Masalah (Troubleshooting) dan Pemeliharaan Jaringan;40;Packet Loss dan Intermittent Connection;"Koneksi putus-nyambung atau sebagian paket hilang; penyebab: kabel/konektor buruk, interferensi Wi-Fi, perangkat overheat, PSU lemah, port rusak, ISP bermasalah, loop ringan, atau MTU. mtr/ping berkelanjutan menunjukkan pola.";"Masalah paling menjengkelkan; butuh pemantauan berkelanjutan untuk menangkap polanya."
1157;Fase F;14;Pemecahan Masalah (Troubleshooting) dan Pemeliharaan Jaringan;41;Masalah MTU (Situs Tertentu Tidak Terbuka, Ping Bisa);"Ping kecil berhasil tetapi halaman HTTPS/VPN gagal karena paket besar dibuang di jalur PPPoE/VPN dengan MTU lebih kecil. Uji ping -f -l 1472 8.8.8.8 (Windows) untuk mencari MTU; atur MTU/MSS clamping di router (change-mss).";Solusi untuk gejala aneh di koneksi PPPoE dan VPN.
1158;Fase F;14;Pemecahan Masalah (Troubleshooting) dan Pemeliharaan Jaringan;42;Masalah Wi-Fi Umum dan Solusinya;Sinyal penuh tetapi lambat (interferensi/kanal/klien terlalu banyak), sering putus (sticky client, DFS, daya AP terlalu tinggi), tidak bisa connect (kata sandi salah, MAC filter, batas klien, DHCP habis, band tidak didukung), SSID tidak muncul (AP mati/PoE, hidden, kanal 5 GHz tidak didukung klien lama).;Panduan cepat teknisi menangani keluhan Wi-Fi.
1159;Fase F;14;Pemecahan Masalah (Troubleshooting) dan Pemeliharaan Jaringan;43;Masalah FTTH Umum (LOS Merah, PON Kedip, Lambat);LOS merah: kabel putus/tekuk/konektor kotor → cek daya (OPM), VFL, ganti patch cord, lapor ISP. PON berkedip: registrasi ke OLT bermasalah. Lambat dengan daya normal: Wi-Fi ONT, paket FUP, gangguan backbone ISP.;Diagnosis awal sebelum eskalasi ke ISP mempercepat penanganan.
1160;Fase F;14;Pemecahan Masalah (Troubleshooting) dan Pemeliharaan Jaringan;44;Masalah Routing dan NAT (Ringkasan Gejala);Klien dapat IP, ping gateway OK, ping 8.8.8.8 gagal → NAT masquerade/default route/ISP. Ping IP OK, nama gagal → DNS. Antar-VLAN gagal → inter-VLAN routing/firewall forward. Port forward gagal → firewall filter/dst-nat/gateway server/CGNAT.;Peta cepat dari gejala ke komponen yang harus diperiksa.
1161;Fase F;14;Pemecahan Masalah (Troubleshooting) dan Pemeliharaan Jaringan;45;Masalah Server Umum;Layanan mati (systemctl status gagal → baca log), port tidak mendengarkan (bind address salah), firewall host memblok (ufw), izin file (403), disk penuh (df -h, log/backup menumpuk), RAM habis (OOM), sertifikat kedaluwarsa, jam salah, DNS/hostname tidak sesuai.;Daftar periksa awal ketika layanan server tidak bisa diakses.
1162;Fase F;14;Pemecahan Masalah (Troubleshooting) dan Pemeliharaan Jaringan;46;Perangkat Overheat dan Catu Daya Bermasalah;Gejala: restart acak, port mati sebagian, throughput turun saat siang. Periksa suhu (/system health), kipas, debu, adaptor/PSU tegangan turun, PoE budget.;"Banyak gangguan ""misterius"" ternyata masalah daya atau panas."
1163;Fase F;14;Pemecahan Masalah (Troubleshooting) dan Pemeliharaan Jaringan;47;Firmware Bug dan Known Issue;"Perilaku aneh yang hanya hilang setelah upgrade/downgrade firmware; cek release notes/forum vendor untuk masalah yang sudah diketahui.";Menghemat waktu: tidak semua masalah berasal dari konfigurasi.
1164;Fase F;14;Pemecahan Masalah (Troubleshooting) dan Pemeliharaan Jaringan;48;Remote Troubleshooting (AnyDesk, TeamViewer, RustDesk, Winbox via VPN);Menangani masalah pengguna dari jauh dengan berbagi layar atau mengakses perangkat lewat VPN/port forward.;"Menghemat kunjungan lapangan; wajib dengan persetujuan pengguna dan koneksi aman."
1165;Fase F;14;Pemecahan Masalah (Troubleshooting) dan Pemeliharaan Jaringan;49;Eskalasi ke ISP / Vendor dan Informasi yang Dibutuhkan;Saat masalah di luar kendali (link ISP putus, bug perangkat), laporkan dengan data lengkap: ID pelanggan, waktu kejadian, hasil ping/traceroute/daya optik, nomor seri, versi firmware, langkah yang sudah dicoba.;Penanganan pihak luar lebih cepat dan tidak berputar-putar.
1166;Fase F;14;Pemecahan Masalah (Troubleshooting) dan Pemeliharaan Jaringan;50;Dokumentasi Solusi dan Knowledge Base;Mencatat gejala, penyebab, solusi, dan waktu penanganan di sistem tiket/wiki agar kejadian serupa berikutnya selesai lebih cepat.;Pengetahuan tim tidak hilang bersama teknisi yang keluar.
1167;Fase F;14;Pemecahan Masalah (Troubleshooting) dan Pemeliharaan Jaringan;51;Pemeliharaan Preventif Terjadwal;Jadwal rutin: harian (cek monitoring/log), mingguan (backup konfigurasi, cek kapasitas), bulanan (bersihkan debu, cek UPS, update firmware/patch, uji restore), tahunan (audit keamanan, ganti baterai UPS, kalibrasi alat, kaji ulang desain).;"Mengubah kerja dari ""pemadam kebakaran"" menjadi terencana."
1168;Fase F;14;Pemecahan Masalah (Troubleshooting) dan Pemeliharaan Jaringan;52;Pemeliharaan Korektif dan Adaptif;Korektif: memperbaiki kerusakan yang terjadi. Adaptif: menyesuaikan jaringan dengan kebutuhan baru (tambah kelas, aplikasi baru, peningkatan bandwidth).;Melengkapi preventif dalam siklus hidup jaringan.
1169;Fase F;14;Pemecahan Masalah (Troubleshooting) dan Pemeliharaan Jaringan;53;Jendela Pemeliharaan (Maintenance Window) dan Pemberitahuan;Waktu yang disepakati untuk pekerjaan yang menyebabkan gangguan (malam/akhir pekan/libur) dengan pemberitahuan ke pengguna sebelumnya.;Meminimalkan dampak dan keluhan.
1170;Fase F;14;Pemecahan Masalah (Troubleshooting) dan Pemeliharaan Jaringan;54;Monitoring Proaktif dan Alert Threshold;Menetapkan ambang peringatan (CPU di atas 80%, disk di atas 90%, latency di atas 100 ms, link down, suhu di atas 60 °C) di sistem monitoring agar admin diberi tahu sebelum pengguna terdampak.;"Menemukan masalah lebih awal; inti dari ""sistem kontrol dan monitoring""."
1171;Fase F;14;Pemecahan Masalah (Troubleshooting) dan Pemeliharaan Jaringan;55;Spare Part dan Perangkat Cadangan (Cold/Warm/Hot Spare);Menyediakan cadangan komponen kritis (switch, PSU, modul SFP, kabel patch, ONT) yang siap pakai: cold (di lemari), warm (terpasang belum aktif), hot (aktif otomatis).;Mengurangi downtime saat perangkat rusak dari hari menjadi menit.
1172;Fase F;14;Pemecahan Masalah (Troubleshooting) dan Pemeliharaan Jaringan;56;MTBF, MTTR, dan Ketersediaan;MTBF (Mean Time Between Failures): rata-rata waktu antar-kerusakan. MTTR (Mean Time To Repair): rata-rata waktu perbaikan. Availability = MTBF / (MTBF + MTTR).;Mengukur keandalan dan menargetkan perbaikan proses pemeliharaan.
1173;Fase F;14;Pemecahan Masalah (Troubleshooting) dan Pemeliharaan Jaringan;57;Uji Pemulihan (Restore Test) dan Simulasi Kegagalan (Failover Test);Secara berkala benar-benar mencoba memulihkan backup dan mematikan jalur utama untuk memastikan cadangan bekerja.;Backup/failover yang tidak pernah diuji sering gagal saat dibutuhkan.
1174;Fase F;14;Pemecahan Masalah (Troubleshooting) dan Pemeliharaan Jaringan;58;Checklist Serah Terima Perbaikan;Setelah perbaikan: uji dari sisi pengguna, pastikan tidak ada efek samping, informasikan penyebab dan pencegahan, perbarui dokumentasi/label, tutup tiket dengan persetujuan pelapor.;Menutup pekerjaan secara profesional dan terukur.
